thread_id,customer_tweet_id,customer_user_id,customer_text,brand_tweet_id,brand_text,created_at,is_informative_resolution,filter_reason,category_tag
th_616,616,115820,"@AmazonHelp 3 different people have given 3 different answers and I still don't have my order. Says delivered Saturday, was not, I was home all day",618,@115820 We'd like to take a further look into this with you! Please reach us by phone or chat here: https://t.co/hApLpMlfHN ^AG,Tue Oct 31 23:22:08 +0000 2017,True,INFORMATIVE_RESOLUTION,ORDER_TRACKING_DELAY
th_627,627,115827,@AmazonHelp @115826 Yeah this is crazy we’re less than a week away and still no Shipping Information on something that we Pre-ordered back in August,629,@115827 Thanks for your patience. ^KM,Wed Nov 01 12:50:18 +0000 2017,True,INFORMATIVE_RESOLUTION,OTHER_GENERAL
th_634,634,115831,@115821 @AmazonHelp why is my order at my local courier for the last 6 days and still hasn’t been delivered to me?? Over 1 week late 😡,633,@115831 I'm sorry for the wait. Please reach out to us so we can take a closer look at this delivery: https://t.co/JzP7hlA23B ^SH,Tue Oct 31 21:39:58 +0000 2017,True,INFORMATIVE_RESOLUTION,ORDER_TRACKING_DELAY
th_643,643,115834,"Bought an @115821 Echo Show and it won’t recognize a single @AmazonHelp account in our household. WTF, guys?",642,"@115834 Oh no, I'm sorry for the issues! For troubleshooting, please check out our Echo Help pages here: https://t.co/a31c4ynHES ^SG",Mon Oct 30 23:44:45 +0000 2017,True,INFORMATIVE_RESOLUTION,PRODUCT_TECH_SUPPORT
th_645,645,115835,@AmazonHelp That page is useless - doesn’t allow me to state it hasn’t been delivered; only tells me it has! How can you sort this out?,647,@115835 You can also request a call back here Martin https://t.co/zH8UlhTGcc ^KM,Wed Nov 01 08:04:52 +0000 2017,True,INFORMATIVE_RESOLUTION,ORDER_TRACKING_DELAY
th_646,646,115835,.@AmazonHelp Item has not been delivered but tracking says it was handed to me over an hour ago... 2nd time this has happened. Sort it out https://t.co/42W82GcARk,644,@115835 I'm so sorry you didn't receive your parcel! We'd like a chance to look into this with you here: https://t.co/JzP7hlA23B ^SY,Tue Oct 31 21:40:30 +0000 2017,True,INFORMATIVE_RESOLUTION,ORDER_TRACKING_DELAY
th_651,651,115838,"@AmazonHelp I don't want a form to fill out that logs a response no one reads. I want to prevent AMZL from touching my stuff. Possible, or no?",653,"@115838 Is there a current order you're having difficulties with? Please let us know, we'd like to help! ^KL",Tue Oct 31 22:25:58 +0000 2017,True,INFORMATIVE_RESOLUTION,OTHER_GENERAL
th_654,654,115838,@AmazonHelp Already started the return. UPS gets it from my doorstep tomorrow. Order 111-5014070-4118645,655,@115838 Provide your details here: https://t.co/6f6cWZv7vm and my team will escalate the order to Amazon Logistics for feedback. ^EZ,Tue Oct 31 22:53:50 +0000 2017,True,INFORMATIVE_RESOLUTION,REFUND_RETURN_INQUIRY
th_652,652,115838,@AmazonHelp Is it possible to prevent AMZL from delivering my packages moving forward? Stuff is either lost/stolen/broken EVERY time.,650,@115838 Oh no! We want to hear more about your experience with AMZL. Please provide your feedback here: https://t.co/hApLpMlfHN ^SH,Tue Oct 31 22:11:15 +0000 2017,True,INFORMATIVE_RESOLUTION,ESCALATION_HIGH_RISK
th_657,657,115839,"@AmazonHelp Already handled, just venting. It was a pretty big bummer.",656,@115839 Let us know if there’s anything else we can do for you! We're happy to help out any way we can! ^FR,Tue Oct 31 22:18:42 +0000 2017,True,INFORMATIVE_RESOLUTION,OTHER_GENERAL
th_664,664,115842,"@AmazonHelp delivery I paid for today,didn’t arrive.why not?i paid enough for it.where is it??I’m unhappy.refund the delivery charge",663,@115842 Oh no! Please contact us via phone/chat here: https://t.co/JzP7hlA23BWe're unable to view order details via Twitter. ^KL,Tue Oct 31 21:50:49 +0000 2017,True,INFORMATIVE_RESOLUTION,REFUND_RETURN_INQUIRY
th_686,686,115849,@AmazonHelp Already contacted 3-4 times in the last month. But all I got was assurance that matter is escalated &amp; new status will be provided in 1 day!,684,@115849 Please share your details here:https://t.co/GIJyeYqKE0 and I'll get back to you. 2/2 ^HD,Tue Oct 31 22:06:53 +0000 2017,True,INFORMATIVE_RESOLUTION,OTHER_GENERAL
th_690,690,115849,@115850 @115821 @AmazonHelp @115851 Order# 3632693-6196346. You couldn't deliver EVEN AFTER A MONTH. You should be ashamed of yourself.,689,@115849 Please report this to our support team here: https://t.co/TdDksLo6Mf and we'll look into this. 2/2 ^HD,Tue Oct 31 21:45:15 +0000 2017,True,INFORMATIVE_RESOLUTION,ORDER_TRACKING_DELAY
th_693,693,115852,@AmazonHelp since when you stop giving 20% off videogame pre-orders (amazon prime members) im confused? why?,692,@115852 We still offer discounts on eligible physical game pre-orders. For further details on Prime benefits: https://t.co/80y2YnlQGJ ^MB,Tue Oct 31 22:10:21 +0000 2017,True,INFORMATIVE_RESOLUTION,PRIME_MEMBERSHIP_BILLING
th_1693,1693,116081,@AmazonHelp but I can’t find the options to cancel or re-order?,1696,@116081 I'm sorry for the delay! We'd like to take a further look into this with you! Please reach us here: https://t.co/hApLpMlfHN ^AG,Tue Oct 31 22:54:54 +0000 2017,True,INFORMATIVE_RESOLUTION,REFUND_RETURN_INQUIRY
th_1698,1698,116082,@AmazonHelp Thats the thing I told customer service. I created a new email address for the Prime trial and forgot it. What can I do so I'm not charged?,1700,@116082 Hey Corey! Even on the new account you made you can turn of the auto renew through the same link ^SK posted for you. ^AJ,Tue Oct 31 22:47:50 +0000 2017,True,INFORMATIVE_RESOLUTION,PRIME_MEMBERSHIP_BILLING
th_1699,1699,116082,@AmazonHelp I called customer service and was told my membership wouldn't be renewed. I was just charged today. How do I get a refund? https://t.co/SeoQUsA0VA,1697,@116082 Canceling your Prime membership can be done here:https://t.co/MlOxxuNX7N. You'll be shown your estimated refund there. ^SK,Tue Oct 31 22:34:38 +0000 2017,True,INFORMATIVE_RESOLUTION,PRIME_MEMBERSHIP_BILLING
th_1706,1706,116083,"@AmazonHelp I have tried. It’s not allowing me to access my account to cancel my membership, I haven’t even used prime in almost 3 months.",1705,@116083 I'm sorry to hear you're not able to access your account. Please use this link instead to contact us: https://t.co/zYVX1Qi29G. ^LH,Tue Oct 31 22:33:08 +0000 2017,True,INFORMATIVE_RESOLUTION,PRIME_MEMBERSHIP_BILLING
th_1710,1710,116084,@AmazonHelp where can I chat with a support member for a false charge,1709,@116084 I'm sorry you've encountered an unknown charge! We'd be happy to look into this with you here: https://t.co/hApLpMlfHN ^BL,Tue Oct 31 22:33:35 +0000 2017,True,INFORMATIVE_RESOLUTION,OTHER_GENERAL
th_1713,1713,116085,@AmazonHelp if I add another adult to my Amazon household (with their own account) can they see my wishlists/photos/order history?,1711,@116085 Thanks for reaching out to us! You can find info on adding household members here: https://t.co/i3uumZzaok ^MO,Tue Oct 31 21:21:34 +0000 2017,True,INFORMATIVE_RESOLUTION,ORDER_TRACKING_DELAY
th_1717,1717,116087,"@AmazonHelp My package just got here. All good, thank you!",1719,"@116087 Thank you for keeping us posted, Rachael! ^BA",Tue Oct 31 22:40:54 +0000 2017,True,INFORMATIVE_RESOLUTION,ORDER_TRACKING_DELAY
th_1721,1721,116088,@AmazonHelp Never got the beta and now I’m being told I won’t get ANY of the other stuff. Including Last Jedi content and or bonus classes. Anything! :(,1723,"@116088 We'd like to see what we can do to help. What date did you place the order on, and which version did you order? ^MB",Tue Oct 31 22:37:35 +0000 2017,True,INFORMATIVE_RESOLUTION,OTHER_GENERAL
th_1724,1724,116088,@AmazonHelp Deluxe edition on September 16th. It definitely had the pre orders on the profile because that’s why I ordered. Also why I paid for Prime..,1725,@116088 Could you link us to the page of the item on our website? This will allow us to take a closer look at all options. ^VB,Tue Oct 31 22:48:50 +0000 2017,True,INFORMATIVE_RESOLUTION,PRIME_MEMBERSHIP_BILLING
th_1726,1726,116088,@AmazonHelp Star Wars Battlefront 2 Elite Trooper Deluxe Edition Playstation 4 https://t.co/6K7WdDcY2P preorder info is in description. Thanks for help,1727,@116088 Thanks for the link. We are not a participating retailer to receive the bonus content. Details: https://t.co/hJIrBtSMrl ^BE,Tue Oct 31 23:05:46 +0000 2017,True,INFORMATIVE_RESOLUTION,OTHER_GENERAL
th_1735,1735,116091,"@AmazonHelp Fulfilled by Amazon. It’s quite disturbing you’re selling counterfeit items, and can’t be trusted.",1737,"@116091 We'd like to look into this with you in real time, Bry. When you can, please ring or chat in with us: https://t.co/JzP7hlA23B ^BL",Tue Oct 31 22:41:11 +0000 2017,True,INFORMATIVE_RESOLUTION,OTHER_GENERAL
th_1736,1736,116091,Two fake items in one day. Time to cancel my Amazon Prime membership. @AmazonHelp,1734,@116091 Oh no! I'm so sorry to hear this. Was the item sold by Amazon directly or Third-party seller: https://t.co/aaDyEz1VgE. ^LH,Tue Oct 31 22:21:42 +0000 2017,True,INFORMATIVE_RESOLUTION,PRIME_MEMBERSHIP_BILLING
th_1740,1740,116092,@AmazonHelp I have. No luck.,1742,@116092 Sorry you're still having trouble! What error are you seeing when you try to use the app? ^JP,Sat Nov 04 00:53:12 +0000 2017,True,INFORMATIVE_RESOLUTION,OTHER_GENERAL
th_1744,1744,116093,@AmazonHelp It’s not allowing me to update it to register my new amazon account. I read I’d have to do so manually. Thx 4 response.,1746,@116093 No problem! You may need to deregister the Kindle from the old account. You can see how here: https://t.co/zyUJKBZObw ^AJ,Tue Oct 31 22:50:15 +0000 2017,True,INFORMATIVE_RESOLUTION,OTHER_GENERAL
th_1748,1748,116094,@AmazonHelp that is not my apartment!!!!!!! This is the sending time!!!! Where is my package!!!!!!!!!! https://t.co/EIY6DZUCDC,1747,"@116094 (2/2) Also, for your security, I'd recommend deleting the image, as it contains your tracking number. ^WT",Tue Oct 31 22:07:19 +0000 2017,True,INFORMATIVE_RESOLUTION,ORDER_TRACKING_DELAY
th_1752,1752,116095,@116096 Truly. This is the strangest vampire book I’ve ever received. 😜 cc @43760 @AmazonHelp #misship https://t.co/Zad7Az14Zg,1750,@116095 I'm sorry you received an incorrect item. Have you checked out our return/replacement options here: https://t.co/FRsodhtXKJ? ^FJ,Tue Oct 31 22:06:28 +0000 2017,True,INFORMATIVE_RESOLUTION,OTHER_GENERAL
th_2543,2543,116314,"@AmazonHelp Just now, don't use Amazon much so didn't know the process if you don't receive an item",2545,"@116314 Please allow 48 hours for the seller to respond, Allen. Let us know how it works out and if we can help with anything else! ^CN",Tue Oct 31 23:17:22 +0000 2017,True,INFORMATIVE_RESOLUTION,OTHER_GENERAL
th_2544,2544,116314,@AmazonHelp Wasn't tracked as sent via Royal Mail. I've emailed the seller.,2542,@116314 How long has it been since you've e-mailed the seller? ^TR,Tue Oct 31 22:50:14 +0000 2017,True,INFORMATIVE_RESOLUTION,OTHER_GENERAL
th_2547,2547,116314,@AmazonHelp Yeah I sent you a DM too. Had an email saying when it had been dispatched but nothing since.,2546,@116314 We're unable to view any account information via Twitter. What's the current tracking shown here: https://t.co/aaDyEz1VgE? ^AG,Tue Oct 31 20:19:21 +0000 2017,True,INFORMATIVE_RESOLUTION,OTHER_GENERAL
th_2549,2549,116314,"@AmazonHelp Hi, I ordered an item on 18 Oct which said it would be delivered by 20 Oct and I still haven't received it. Can you help? Thanks",2548,@116314 I'm sorry you haven't received it yet! Have you had an e-mail regarding the order? Please check junk/spam and let us know! ^TG,Tue Oct 31 19:24:59 +0000 2017,True,INFORMATIVE_RESOLUTION,ORDER_TRACKING_DELAY
th_2555,2555,116317,@AmazonHelp I allowed it well past 8 PM. I was never notified about any other delays,2557,@116317 I'm sorry that it still hasn't arrived. Please contact us so that we can look into this together: https://t.co/hApLpMlfHN ^EA,Wed Nov 01 01:55:49 +0000 2017,True,INFORMATIVE_RESOLUTION,OTHER_GENERAL
th_2556,2556,116317,"@AmazonHelp I made a same day ship mid Monday and it said it would deliver that day. It didn’t. Today it still says out for delivery, still no show.",2554,"@116317 I'm so sorry for the late delivery, Kimmie! Our carriers can deliver until 8 PM, please keep us updated on its arrival. ^BE",Tue Oct 31 22:51:14 +0000 2017,True,INFORMATIVE_RESOLUTION,ORDER_TRACKING_DELAY
th_2559,2559,116317,"@AmazonHelp hello, I’m having an issue with a same day ship order.  Can you help me?",2558,@116317 Hello! We'd love to help. Can you tell us a bit more about what's happening? ^EB,Tue Oct 31 22:18:10 +0000 2017,True,INFORMATIVE_RESOLUTION,ORDER_TRACKING_DELAY
th_2561,2561,116318,Erm @AmazonHelp I bought this item for £5.99... why am I only getting £1.67 back?! https://t.co/lb33bFOcW0,2560,@116318  We'd like to take a closer look into this refund for you. Please reach us at:https://t.co/JzP7hlA23B ^CC,Tue Oct 31 21:26:14 +0000 2017,True,INFORMATIVE_RESOLUTION,OTHER_GENERAL
th_2565,2565,116319,@AmazonHelp Where is my order? https://t.co/pXnKSCo2ex,2564,"@116319 I'm sorry it hasn't arrived! Please reach us here: https://t.co/e6dQwzp386, so we can look into available options. ^SJ",Tue Oct 31 22:36:21 +0000 2017,True,INFORMATIVE_RESOLUTION,ORDER_TRACKING_DELAY
th_2570,2570,116321,"@AmazonHelp yes i did,but amazonuk is not doing the refund process.if they do it .i will get the money",2569,"@116321 I would like someone from our team to take a look into this for you, Sanu. Please reach out here: https://t.co/QtC7bueYoR ^LA",Tue Oct 31 22:16:47 +0000 2017,True,INFORMATIVE_RESOLUTION,REFUND_RETURN_INQUIRY
th_2572,2572,116321,@AmazonHelp i mailed amazonuk so many time. but i havent got any progress.customer care just saying thats in the billing section.no i havent got refund,2571,@116321 Have you had a chance to speak with your bank regarding the refund? ^EA,Tue Oct 31 22:00:12 +0000 2017,True,INFORMATIVE_RESOLUTION,PRIME_MEMBERSHIP_BILLING
th_2574,2574,116321,@AmazonHelp and redund issued on 13th https://t.co/1uydlorGCp no sing of my money and amazonuk just saying its in the billing department.no signof devlp,2573,@116321 When you last contacted us what information did we provide? Have you spoken with your bank to see if they have the refund? ^LR,Tue Oct 31 21:43:12 +0000 2017,True,INFORMATIVE_RESOLUTION,PRIME_MEMBERSHIP_BILLING
th_2581,2581,116322,"@AmazonHelp I've been in the prime queue, kindle queue, the echo queue, and now on hold again.",2582,@116322 We'd like to look deeper into this issue. Please provide us with more information here: https://t.co/wpDDiHUP4k. ^LH,Tue Oct 31 22:50:46 +0000 2017,True,INFORMATIVE_RESOLUTION,PRIME_MEMBERSHIP_BILLING
th_2580,2580,116322,the @amazonhelp queue is clueless on Amazon Household,2578,"@116322 I'm sorry for the frustration! Without giving account/personal details, can you please provide us with more info? ^AC",Tue Oct 31 22:46:16 +0000 2017,True,INFORMATIVE_RESOLUTION,OTHER_GENERAL
th_2584,2584,116323,@AmazonHelp Well ok but @116324 said it’s been dlvd so I can’t see how they will bother to deliver it now! I think they have washed their hands of it,2583,@116323 We're definitely here to help! Please reach out to us by phone here: https://t.co/JzP7hlA23B ^SE,Tue Oct 31 22:11:58 +0000 2017,True,INFORMATIVE_RESOLUTION,OTHER_GENERAL
th_2586,2586,116323,@116324 not dlvd after 1 wk. U lied 2 @AmazonHelp saying left in safe place on Fri. Yesterday u said wld be dlvd 24-48hrs. Sort this now!,2585,@116323 I'm sorry your order hasn't arrived yet! Please let us know if you haven't received it within 48 hours. ^EB,Tue Oct 31 20:28:23 +0000 2017,True,INFORMATIVE_RESOLUTION,OTHER_GENERAL
th_2591,2591,116325,@AmazonHelp No on the card. It works only half the time. Yes on USPS. They say my delivery person won’t deliver anything over 30 lbs. just sends it back,2587,@116325 We'd like another chance to look into this. Please reach out by phone or chat: https://t.co/hApLpMlfHNPlease keep us updated. ^FJ,Tue Oct 31 22:24:18 +0000 2017,True,INFORMATIVE_RESOLUTION,ORDER_TRACKING_DELAY
th_2594,2594,116325,@AmazonHelp Want to speak to someone at corp to address these issues.,2592,@116325 Have you tried deleting the card from the account and re-adding it? Have you reached out to USPS about these deliveries? ^AF https://t.co/1XyLaGkcaN,Tue Oct 31 20:18:44 +0000 2017,True,INFORMATIVE_RESOLUTION,OTHER_GENERAL
th_2598,2598,116325,@AmazonHelp Multiple calls to call amazon call center with zero resolution and never a promised call back.,2595,@116325 Can you tell us what insight / advice was provided with when you spoke with us last? We'd like to help if we can. ^BG,Tue Oct 31 19:52:08 +0000 2017,True,INFORMATIVE_RESOLUTION,OTHER_GENERAL
th_3724,3724,116610,@AmazonHelp There was only one costing a lot more than £20 and  FBA -stating eligibility !,3722,"@116610 We'd like to take a look into this with you. When you have a moment, please reach out to us here: https://t.co/qy3J24VGxb ^AC",Tue Oct 31 23:04:13 +0000 2017,True,INFORMATIVE_RESOLUTION,OTHER_GENERAL
th_3728,3728,116611,@AmazonHelp All of them,3730,@116611 Hmm.... Let's take a closer look into what's going on here: https://t.co/jzvkhdlrK5 ^ML,Tue Oct 31 23:12:06 +0000 2017,True,INFORMATIVE_RESOLUTION,OTHER_GENERAL
th_3733,3733,116612,"@AmazonHelp um, my account was locked as soon as I tried to login on desktop. I still haven’t received an email on how to get it unlocked...",3731,@116612 I'm sorry your account is locked! Please reach out directly to us here: https://t.co/jzvkhdlrK5 so we can take a closer look. ^TN,Tue Oct 31 22:57:48 +0000 2017,True,INFORMATIVE_RESOLUTION,ACCOUNT_LOGIN_SECURITY
th_3748,3748,116617,"@AmazonHelp Many times, but still failing, and it happen with some show",3750,@116617 Is this still ongoing? What devices are you using? ^AN,Tue Oct 31 23:02:35 +0000 2017,True,INFORMATIVE_RESOLUTION,OTHER_GENERAL
th_3756,3756,116617,"@AmazonHelp I need to change the language of my account to be able to get support, which I don't have the time to do, there's any other way to contact?",3757,@116617 Changing language is just a simple click: https://t.co/CXXk5VglR4 You can reach our support here: https://t.co/aAfOxTGpe1 ^UK,Thu Nov 02 10:31:10 +0000 2017,True,INFORMATIVE_RESOLUTION,OTHER_GENERAL
th_4849,4849,116849,"@AmazonHelp how is Amazon going to solve this? By mail, text, call, customer phone service, no one is able to help me https://t.co/jhzCjY2bOw",4851,@116849 We want our team to investigate this further with you. Please reach out to us using the secure link: https://t.co/m1LX91jiEQ,Thu Nov 02 15:04:55 +0000 2017,True,INFORMATIVE_RESOLUTION,OTHER_GENERAL
th_4850,4850,116849,"@AmazonHelp already tried help by mail and still problem persist, please close my account and don't want to be a customer anymore https://t.co/m2g5tP26fX",4846,"@116849 I'm sorry. We can't access your account via Twitter. For assistance, please reach us here: https://t.co/jzvkhdlrK5 ^WT",Tue Oct 31 23:12:08 +0000 2017,True,INFORMATIVE_RESOLUTION,OTHER_GENERAL
th_4853,4853,116849,"@AmazonHelp no luck it keeps asking for code witch is not sending to my phone can Amazon eliminate the 2 step method, this is so frustrating",4852,"@116849 I'm so sorry for the frustration, Luis. We should absolutely be able to help! Please contact us using the link TN provided. ^SD",Tue Oct 31 17:55:09 +0000 2017,True,INFORMATIVE_RESOLUTION,OTHER_GENERAL
th_4855,4855,116849,"@AmazonHelp no luck on receiving the code by text or call, will I loose my account, yesterday a phone representative tried to help already https://t.co/Yn5SUBQonU",4854,@116849 I'm sorry for the challenge signing in. Please use the link from above again so that we can help. Keep us updated! ^MH,Tue Oct 31 13:47:53 +0000 2017,True,INFORMATIVE_RESOLUTION,OTHER_GENERAL
th_4863,4863,116851,@AmazonHelp They said it was UPS. UPS says they never received the package to deliver ¯\_(ツ)_/¯,4865,"@116851 To confirm, what does the latest tracking update show? Please check here: https://t.co/eR31oAnsW2 ^BE",Tue Oct 31 23:29:40 +0000 2017,True,INFORMATIVE_RESOLUTION,ORDER_TRACKING_DELAY
th_4956,4956,116877,@AmazonHelp I have no option but to see if my delivery arrives on the scheduled date. But I will contact customer services if it doesn't arrive on time.,4958,@116877 Thanks for the additional information. Keep us posted on the arrival of your packages! Let us know if you have any further questions. ^SW,Sun Nov 26 00:54:28 +0000 2017,True,INFORMATIVE_RESOLUTION,ORDER_TRACKING_DELAY
th_5117,5117,116912,"@AmazonHelp I would like it replaced not refunded. But the sale is over, and doesn’t look like you have it in stock at the site. What are my other options?",5116,"@116912 Thanks for reaching back out to us! If your item is not eligible for replacement, you can still return the item for a full refund instead. You can view your replacement and/or return options here: https://t.co/TGLNUK2VHy ^BN",Sun Nov 26 00:21:42 +0000 2017,True,INFORMATIVE_RESOLUTION,OTHER_GENERAL
th_5121,5121,116913,@AmazonHelp It's now a police matter. You could check the police report.,5120,"@116913 I'd like to have a member of our team ensure this is escalated to the correct teams for investigation. When you have a moment, please send us as many details as possible here: https://t.co/DFWr7dqiz5 ^SB",Sun Nov 26 00:20:55 +0000 2017,True,INFORMATIVE_RESOLUTION,ESCALATION_HIGH_RISK
th_5127,5127,116914,@AmazonHelp And you guys have officially lost me as a customer. Was promised today...was never shipped. Give me my refund please so I may take my business else where. https://t.co/69tW0B5r9H,5129,@116914 I'm truly sorry for the inconvenience! We don't have access to your account via Twitter. We'd like to help if we can. Please connect with us here so we can assist you: https://t.co/hApLpMlfHN ^MO,Wed Nov 29 05:56:23 +0000 2017,True,INFORMATIVE_RESOLUTION,REFUND_RETURN_INQUIRY
th_5128,5128,116914,"@AmazonHelp AMZL US Tracking ID TBA566517950000 it says delivered to mail room, I checked the mail and the front offce, the driver listed 1 package, in that one package was my XLR cables...I'm missing the controller.",5126,"@116914 I understand your frustration! Our team would like a chance to address this concern. At your convenience, include your details here: https://t.co/hKZOmv3DMU ^SJ",Sun Nov 26 00:17:31 +0000 2017,True,INFORMATIVE_RESOLUTION,ORDER_TRACKING_DELAY
th_5133,5133,116915,"@AmazonHelp No, I can't check. It shows nothing. And customer service rep was NO help.",5135,"@116915 If you would like to contact our support team via phone, please give us a call so we can review these details with you: 1-866-216-1072. ^WM",Sun Nov 26 00:26:52 +0000 2017,True,INFORMATIVE_RESOLUTION,OTHER_GENERAL
th_5149,5149,116919,@AmazonHelp Trying to get a friend's playlist on my Amazon music app but it keeps giving me the following message https://t.co/o6zINm6HBC,5148,@116919 Very strange! Is your friend able to replicate the issue on his app? You might also need to try uninstalling and reinstalling the app.  ^JP,Sun Nov 26 00:13:22 +0000 2017,True,INFORMATIVE_RESOLUTION,PRODUCT_TECH_SUPPORT
th_5284,5284,116923,@AmazonHelp I’m looking to reroute all my packages (except 1) to a nearby Amazon locker. I’ll DM you now :),5286,@116923 Thanks for the information. We've responded to your DM. ^GG,Sun Nov 26 00:31:15 +0000 2017,False,PURE_DM_REQUEST_NO_GUIDANCE,OTHER_GENERAL
th_5285,5285,116923,@AmazonHelp hey amazon - please help me :( i hVe tried calling and chatting with y’all but keep hitting walls. DM?,5283,"@116923 We'd like to help in any way we can, Juan! I've enabled direct messaging. Without providing personal or account information, please tell us a little more about what's going on. ^FD https://t.co/1XyLaGkcaN",Sun Nov 26 00:03:17 +0000 2017,True,INFORMATIVE_RESOLUTION,OTHER_GENERAL
th_5315,5315,116932,@AmazonHelp Someone keeps trying to buy playstation cards on my account.  Having a hard time getting customer service,5313,"@116932 Thanks for letting us know about this, Jon. We're here to help! We can be reached 24/7 here: https://t.co/hApLpMlfHN. Please do keep us in the loop. ^BL",Sat Nov 25 14:48:43 +0000 2017,True,INFORMATIVE_RESOLUTION,OTHER_GENERAL
th_5327,5327,116936,@AmazonHelp But why has every item got  3+ days processing time when it's usually next day,5329,@116936 Some deliveries may take slightly longer than usual. You can read more information on here: https://t.co/VrNzEOwawt ^KI,Sun Nov 26 09:54:28 +0000 2017,True,INFORMATIVE_RESOLUTION,OTHER_GENERAL
th_5328,5328,116936,@AmazonHelp Trying to place an order this happened before and deleting and rentering my address fixed it but now it's across multiple prime accounts to the same address,5326,"@116936 Prime shipping refers to transit time after your orders ship, in working days. Some orders require additional processing and handling. The delivery date shown at checkout is the most accurate.  ^LR",Sun Nov 26 00:06:14 +0000 2017,True,INFORMATIVE_RESOLUTION,PRIME_MEMBERSHIP_BILLING
th_5331,5331,116936,@AmazonHelp live chat down in the UK and as a prime member I cannot t get any items delivered before Tuesday whats going on?,5330,"@116936 Hi there, I'm sorry for the delivery troubles! Just to confirm, are you trying to place an order right now, or is this an ongoing issue? Are we missing the promised delivery dates here: https://t.co/aaDyEz1VgE? ^DW",Sat Nov 25 19:49:27 +0000 2017,True,INFORMATIVE_RESOLUTION,PRIME_MEMBERSHIP_BILLING
th_5793,5793,117089,@AmazonHelp I’m trying off my fire stick,5791,@117089 (2/2) ... please reach out to us for real-time troubleshooting here: https://t.co/hApLpMlfHN ^WT,Tue Oct 31 23:32:26 +0000 2017,True,INFORMATIVE_RESOLUTION,OTHER_GENERAL
th_5796,5796,117089,I go to watch #thebay and episode 7 &amp; 8 aren’t there??? 😭 @117090 @AmazonHelp,5795,"@117089 I'm sorry, I see we do have both episodes available. Can you let us know which device you are streaming this on? ^EB",Tue Oct 31 23:01:14 +0000 2017,True,INFORMATIVE_RESOLUTION,OTHER_GENERAL
th_6960,6960,117198,@AmazonHelp Or you can provide me with a direct dial number and I’ll call it now,6962,@117198 Hi there!  We are not able to see customer's account information here on Twitter.  Please reach out to us by calling 866-216-1072 and keep us updated on the outcome! ^SP,Sun Nov 19 18:10:42 +0000 2017,True,INFORMATIVE_RESOLUTION,OTHER_GENERAL
th_6963,6963,117198,"@AmazonHelp Thank you. Spoke with customer service who was very nice &amp; helpful &amp; put me straight through to a Competent logistics person who documented issue, researched my acct &amp; was going to contact delivery Svc directly to ensure procedures followed. Time will tell. Thank you.",6964,@117198 You're welcome. Reach out again if you have questions in the future. We're here to help. ^JF,Sun Nov 19 20:26:07 +0000 2017,True,INFORMATIVE_RESOLUTION,ORDER_TRACKING_DELAY
th_6958,6958,117198,"@AmazonHelp Will do in morning. By the way, I’ve complained about this same issue 3 times and twice before directly to carrier.",6956,"@117198 When you have a moment, please phone us here: https://t.co/hApLpMlfHN ^RR",Sun Nov 19 04:03:20 +0000 2017,True,INFORMATIVE_RESOLUTION,ORDER_TRACKING_DELAY
th_8511,8511,117493,@AmazonHelp UPS supposed to pick up a return package yesterday and bring return label... never showed.,8510,"@117493 I'm sorry your package wasn't picked up! When you have a moment, reach out to us here: https://t.co/EKXRLsnxJu ^AC",Tue Oct 31 23:52:35 +0000 2017,True,INFORMATIVE_RESOLUTION,REFUND_RETURN_INQUIRY
th_8524,8524,117497,@AmazonHelp my original echo some time say things without asking here anything ! This is really wired and creepy and scary!!,8523,"@117497 Hmm, that's strange! Try going to Settings and reviewing your history. From here, you can see what prompted your Echo. ^FD",Tue Oct 31 23:43:44 +0000 2017,True,INFORMATIVE_RESOLUTION,PRODUCT_TECH_SUPPORT
th_8526,8526,117498,@AmazonHelp Well it says arriving today but honestly I know that’s fake as looked last four days and it’s still the same then https://t.co/3T23E69GE0,8528,"@117498 I understand your concern. At your earliest convenience, we'd like to look into this with you: https://t.co/oGDklGgbCZ ^GM",Tue Oct 31 23:48:16 +0000 2017,True,INFORMATIVE_RESOLUTION,OTHER_GENERAL
th_8529,8529,117498,@AmazonHelp Thank you but unsure how that’s going to help as just says “put for delivery and arriving today when I know it proberly won’t :/,8530,"@117498 I can understand your reluctance, but we can provide you with additional options depending on who the seller is.  ^SY",Wed Nov 01 00:05:16 +0000 2017,True,INFORMATIVE_RESOLUTION,ORDER_TRACKING_DELAY
th_8531,8531,117498,@AmazonHelp Okay....what information do you need to be able to help then???,8533,"@117498 Hi, is the book listed as sold or fulfilled by Amazon? If so, please get in touch with us via the link ^GM provided. ^TS",Wed Nov 01 08:55:01 +0000 2017,True,INFORMATIVE_RESOLUTION,OTHER_GENERAL
th_8532,8532,117498,@AmazonHelp The last update was on 22nd Oct saying it’s out for delivery.....you can’t tell me it take a over two weeks to deliver https://t.co/iB2HaSBOqk,8534,@117498 It would be best to contact us directly here: https://t.co/JzP7hlA23B and we can look into this further then. ^PK,Wed Nov 01 09:01:24 +0000 2017,True,INFORMATIVE_RESOLUTION,ORDER_TRACKING_DELAY
th_8581,8581,117511,@AmazonHelp hi I cancelled an item today but the money has not shown back up in my bank yet can you tell me how long it takes?,8580,"@117511 Hi there, items are not billed to you until they have shipped. If you have been charged for the order already, the refund will reflect on your account within 5-7 business days. You can read more about it here:https://t.co/dexHjftwpD-RD",Wed Nov 22 11:20:19 +0000 2017,True,INFORMATIVE_RESOLUTION,OTHER_GENERAL
th_9119,9119,117631,"@AmazonHelp I got it sorted out, after multiple phone calls and failed chat sessions (those were horrible btw)",9121,"@117631 Thanks for the update! I'm sorry about the order issues and your inconvenience, but glad that everything has been resolved. ^SE",Wed Nov 01 00:14:51 +0000 2017,True,INFORMATIVE_RESOLUTION,OTHER_GENERAL
th_9129,9129,117632,@AmazonHelp It looks as though someone has changed the email address linked to my acct &amp; I can no longer log in. Help!,9128,"@117632 We're here to help! Please, reach us phone or e-mail so we can investigate: https://t.co/jzvkhdlrK5 ^EB",Tue Oct 31 23:59:46 +0000 2017,True,INFORMATIVE_RESOLUTION,ACCOUNT_LOGIN_SECURITY
th_9132,9132,117633,Haha @117634 has been sneakily charging me $9.99 SINCE FEBRUARY for a service I never use💩🙈👎 $90 gone!!! Thanks @AmazonHelp,9130,@117633 Oh no! We'd like to review these charges and available options with you. Please reach us here: https://t.co/hApLpMlfHN. ^EZ,Wed Nov 01 00:09:41 +0000 2017,True,INFORMATIVE_RESOLUTION,OTHER_GENERAL
th_9137,9137,117636,@AmazonHelp Had a package scheduled for delivery today and it didn’t come I’m not happy,9136,@117636 I'm sorry your shipment hasn't arrived; what is the latest status on the order: https://t.co/Y5jpI9gRhE? ^LR,Wed Nov 01 00:00:01 +0000 2017,True,INFORMATIVE_RESOLUTION,ORDER_TRACKING_DELAY
th_9766,9766,117789,@AmazonHelp What support team are you talking about ? I called twice n they make it sound like they will graciously refund my money. But then nothing,9769,"@117789 Sorry for this ordeal, Benish. Please share your details here: https://t.co/GIJyeYqKE0 and I'll get in touch with you. ^HD",Wed Nov 01 00:29:41 +0000 2017,True,INFORMATIVE_RESOLUTION,REFUND_RETURN_INQUIRY
th_9770,9770,117789,@AmazonHelp I have had the hassle to provide my concern on the given link twice and it’s a pain. Use the details I already mentioned. I m not doing it,9771,@117789 Please share your details from the link provided for us to look into your concern and assist you further. (2/2) ^SV,Wed Nov 01 00:39:33 +0000 2017,True,INFORMATIVE_RESOLUTION,OTHER_GENERAL
th_9773,9773,117789,@AmazonHelp Incredible! I shouldn’t post my details here Coz it’s public. While you can’t access it being in Amazon! Are you kidding me ?,9774,@117789 We haven't received your details. Kindly share your details here: https://t.co/JzRdscmdH9 and I'll get in touch soon. ^AK,Wed Nov 01 02:22:16 +0000 2017,True,INFORMATIVE_RESOLUTION,OTHER_GENERAL
th_9780,9780,117790,@AmazonHelp I've returned several things lately and don't want Amazon to think I'm abusing the return policy.,9782,@117790 I understand! Returns can be made as long as they fall under this policy: https://t.co/i3QyGkjfQI. Hope this helps! ^BL,Wed Nov 01 00:31:20 +0000 2017,True,INFORMATIVE_RESOLUTION,REFUND_RETURN_INQUIRY
th_9790,9790,117793,@AmazonHelp I already chatted with help and am still not convinced i'll get the right item because clearly the warehouse workers can't read.,9792,@117793 Please keep us posted if a replacement was provided. We want to ensure you receive the correct phone case. ^EZ,Wed Nov 01 00:25:30 +0000 2017,True,INFORMATIVE_RESOLUTION,OTHER_GENERAL
th_9801,9801,117791,"@AmazonHelp I have checked there is no email from amazon, and amazon is in safe senders list.",9803,"@117791 If you haven't received any email, please share your details here: https://t.co/GIJyeYqKE0 and we'll get back to you. ^HD",Wed Nov 01 00:25:04 +0000 2017,True,INFORMATIVE_RESOLUTION,OTHER_GENERAL
th_9804,9804,117791,@AmazonHelp I have filled the details,9805,"@117791 If you've shared your details in the link, we'll check and get back to you with an update soon. ^MK",Wed Nov 01 00:37:25 +0000 2017,True,INFORMATIVE_RESOLUTION,OTHER_GENERAL
th_9802,9802,117791,"@AmazonHelp Haven’t received any mail, can you please resend mail to __email__",9800,@117791 I just checked and can see that we have sent you an email correspondence. Request you to please check your spam folder. ^MK,Wed Nov 01 00:15:20 +0000 2017,True,INFORMATIVE_RESOLUTION,OTHER_GENERAL
th_9810,9810,117798,@AmazonHelp Was sent this item in 6x9 size. Trying to return &amp; UPS did not show up today. I'd keep item if I could get refund for price difference. https://t.co/G1a6por32Z,9809,@117798 We would like to investigate further with you. Please reach out to us at your convenience: https://t.co/hApLpMlfHN ^JP,Wed Nov 01 00:12:14 +0000 2017,True,INFORMATIVE_RESOLUTION,REFUND_RETURN_INQUIRY
th_9819,9819,117801,@AmazonHelp if thats the case because if I pay for overnight shipping/delivery i expect to get what I paid for.,9818,"@117801 (2/2) If we’ve missed the date in our order confirmation e-mail, please let us know here: https://t.co/hApLpMlfHN! ^WT",Wed Nov 01 00:13:08 +0000 2017,True,INFORMATIVE_RESOLUTION,ORDER_TRACKING_DELAY
th_9957,9957,117845,"@AmazonHelp I was on the phone for an hour; kids fire tablet not working , warranty is a lie and your agents are rude.",9956,@117845 I'm sorry for this poor experience. We'd like to look into this. Please pass your details to us here: https://t.co/vQp02VsuI4 ^RR,Wed Nov 22 01:11:59 +0000 2017,True,INFORMATIVE_RESOLUTION,OTHER_GENERAL
th_10321,10321,117870,"@AmazonHelp I have a package that is showing as delivered last Friday, however it has not been and there is no note. Thanks",10320,@117870 I'm sorry for any concern this causes! We'd like a chance to look into this with you by phone or chat here: https://t.co/JzP7hlA23B ^WT,Thu Nov 30 20:34:18 +0000 2017,True,INFORMATIVE_RESOLUTION,ORDER_TRACKING_DELAY
th_10629,10629,117946,@AmazonHelp why doesn't blue light filter work on kids account on the fire kids edition?,10627,@117946 I'm sorry! Blue Shade isn't a supported feature on child profiles. ^WT,Wed Nov 01 00:36:05 +0000 2017,True,INFORMATIVE_RESOLUTION,OTHER_GENERAL
th_10633,10633,117948,@AmazonHelp I have an order that was supposed to be here on the 25th which has not arrived yet.,10635,"@117948 What does the current tracking indicate? Also, who does the tracking indicate as carrier?: https://t.co/PyACxvY8Qo ^VB",Wed Nov 01 00:48:39 +0000 2017,True,INFORMATIVE_RESOLUTION,ORDER_TRACKING_DELAY
th_10636,10636,117948,"@AmazonHelp My apologies, it says now that the delivery date is October 31st. Still hasn't come though.",10638,@117948 Hi Mark!Deliveries will run up until 21:00.  Let us know what happens.Chuck H,Wed Nov 01 01:05:58 +0000 2017,True,INFORMATIVE_RESOLUTION,ORDER_TRACKING_DELAY
th_10637,10637,117948,"@AmazonHelp The tracking indicated as here, and then, it seemed to go back in time, saying it was not here anymore. I believe it's USPS",10642,@117948 Please get in touch with us here: https://t.co/Q7Ftz6nj80 and we'd be happy to review available options with you. ^EZ,Wed Nov 01 01:03:39 +0000 2017,True,INFORMATIVE_RESOLUTION,ORDER_TRACKING_DELAY
th_10664,10664,117957,@AmazonHelp @115766 Can I get a confirmation that it will ship tomorrow?,10663,@117957 We always strive to get your order to you at the stated expected delivery time that is stated at the time of checkout ^CH,Wed Nov 01 00:19:10 +0000 2017,True,INFORMATIVE_RESOLUTION,OTHER_GENERAL
th_11015,11015,118078,"@AmazonHelp Didn’t know I needed to. Is that really a thing?! But still Prime shipping should be 2 days, correct?",11013,"@118078 Yes, Release-Date Delivery is definitely a thing and the Amazon Prime two day shipping does mean two days after processed. ^CN",Wed Nov 01 00:49:57 +0000 2017,True,INFORMATIVE_RESOLUTION,PRIME_MEMBERSHIP_BILLING
th_11021,11021,118079,@AmazonHelp The carrier doesn't sell free 2 day shipping as part of a membership. Amazon does.,11025,@118079 We'd still like to help. What does the tracking show in Your Orders: https://t.co/PCtircFm5C? Who is the carrier here? ^SJ,Wed Nov 01 02:00:12 +0000 2017,True,INFORMATIVE_RESOLUTION,PRIME_MEMBERSHIP_BILLING
th_11027,11027,118079,"@AmazonHelp I called customer serv, they called usps and the usps rep blamed your routing. The second the usps rep was off the phone Amazon blamed usps",11028,"@118079 When you were on the phone with us, did we mention a date as to when we could provide more options? ^TN",Wed Nov 01 02:34:27 +0000 2017,True,INFORMATIVE_RESOLUTION,OTHER_GENERAL
th_11030,11030,118079,"@AmazonHelp They did not. The wrinkle is, I board a plane for the U.K. In the am and these items were part of the attire for the wedding im in.",11031,"@118079 Hey, Mike! Were the other late items also shipped via USPS? You can check here: https://t.co/Y5jpI9gRhE ^LA",Wed Nov 01 02:57:13 +0000 2017,True,INFORMATIVE_RESOLUTION,OTHER_GENERAL
th_11038,11038,118081,@AmazonHelp Yeah I know how to check it. There's no information still,11040,@118081 Please keep an eye on your e-mails and check your junk/spam folder. We'll let you know once we've confirmed a date. ^NM,Wed Nov 01 12:25:36 +0000 2017,True,INFORMATIVE_RESOLUTION,OTHER_GENERAL
th_11044,11044,118083,@AmazonHelp you keep insisting you havnt taken any money from me dispite proof! #givememymoneyback https://t.co/CeRSmNOEdK,11043,"@118083 Thanks for reaching out, Gemma! We have responded to your direct message. Please respond to us there! ^HM",Wed Nov 01 00:20:54 +0000 2017,True,INFORMATIVE_RESOLUTION,OTHER_GENERAL
th_11046,11046,117955,@AmazonHelp at 7 it said it was out for delivery by 8 pm. It now says sorry for your package being late and will arrive by November 3rd,11045,@117955 I am so sorry about that! Who was the carrier? You can find that info here: https://t.co/Y5jpI9gRhE? ^BA,Wed Nov 01 00:49:17 +0000 2017,True,INFORMATIVE_RESOLUTION,ORDER_TRACKING_DELAY
th_11048,11048,118084,"@AmazonHelp Thanks, I called. The agent says the order has been received, but not shipped. Still anticipate a Friday delivery",11050,@118084 Thanks for the information. Please let us know if your order doesn't arrive by Friday. ^EZ,Wed Nov 01 01:13:03 +0000 2017,True,INFORMATIVE_RESOLUTION,ORDER_TRACKING_DELAY
th_11049,11049,118084,@AmazonHelp Original promised delivery date was yesterday to this Friday.,11047,@118084 Please give us a call here: https://t.co/Q7Ftz6nj80 so we can take a look into this with you! ^TR,Wed Nov 01 00:49:34 +0000 2017,True,INFORMATIVE_RESOLUTION,ORDER_TRACKING_DELAY
th_11053,11053,118084,@AmazonHelp it's been 7 days &amp; my @115821 order still hasn't shipped. #fail https://t.co/apV29xdWuM,11052,@118084 I'm sorry that your package has not shipped! Did we miss the promised Delivery date found here: https://t.co/Y5jpI9gRhE  ^LM,Wed Nov 01 00:17:36 +0000 2017,True,INFORMATIVE_RESOLUTION,ORDER_TRACKING_DELAY
th_11059,11059,118086,@AmazonHelp Should have been today before 8,11061,@118086 Please get in touch with us here: https://t.co/hApLpMlfHN and we'd be happy to review available shipping refund options. ^EZ,Wed Nov 01 00:57:07 +0000 2017,True,INFORMATIVE_RESOLUTION,OTHER_GENERAL
th_11060,11060,118086,@AmazonHelp still have not received my package I paid extra for guaranteed next day. Won't do that again,11058,@118086 I'm sorry your order hasn't arrived! What is the delivery date shown in the confirmation e-mail: https://t.co/CTNCjpcgOm? ^SJ,Wed Nov 01 00:43:30 +0000 2017,True,INFORMATIVE_RESOLUTION,ORDER_TRACKING_DELAY
th_11063,11063,118087,@AmazonHelp when its removed the system says it's inserted but unrecognized. When it's inserted the tablet behaves as though there's no card,11067,@118087 Check the SD Card slot and make sure there is no particulate matter which may be effecting how the card is being detected. ^CH,Wed Nov 01 01:12:38 +0000 2017,True,INFORMATIVE_RESOLUTION,OTHER_GENERAL
th_11072,11072,118088,@AmazonHelp yes it was due today by 8pm and now its changed to tomorrow or the next couple days... but isn;t there a guarantee?,11074,@118088 We're unable to access accounts on Twitter but we'd like to look into it for you here: https://t.co/hApLpMlfHN ^LI,Wed Nov 01 00:56:48 +0000 2017,True,INFORMATIVE_RESOLUTION,OTHER_GENERAL
th_11073,11073,118088,@AmazonHelp isn't prime two day shipping supposed to be guaranteed? what happens when its late?,11071,@118088 I'm sorry you haven't received your order yet! Have we missed the delivery date confirmed via e-mail: https://t.co/CTNCjpcgOm? ^GM,Wed Nov 01 00:19:00 +0000 2017,True,INFORMATIVE_RESOLUTION,PRIME_MEMBERSHIP_BILLING
th_11078,11078,118090,@AmazonHelp Talked w/ cust. serv. yesterday. Just sent an email from link. Would like a straight answer abt my order.,11080,@118090 We'd still like to help. What is the delivery date shown in the order e-mail: https://t.co/L9Xapf1v25? Who is the carrier? ^SJ,Wed Nov 01 00:56:37 +0000 2017,True,INFORMATIVE_RESOLUTION,ORDER_TRACKING_DELAY
th_11081,11081,118090,"@AmazonHelp At time of order, del date was 10/29. Carrier is AMZL US.",11082,@118090 I would like a member of our team look into this for you. Please fill out this form: https://t.co/dOqIHIw6g0 ^BA,Wed Nov 01 01:15:49 +0000 2017,True,INFORMATIVE_RESOLUTION,ORDER_TRACKING_DELAY
th_11087,11087,118091,"@AmazonHelp Continued buffering, loss of sound and it doesn't save where I leave off in programming.",11088,@118091 Oh no! We'd like to look into this in real time with you. Please reach us via phone here: https://t.co/hApLpMlfHN ^AB,Mon Nov 06 19:09:25 +0000 2017,True,INFORMATIVE_RESOLUTION,OTHER_GENERAL
th_11085,11085,118091,@115821 @AmazonHelp I'm so frustrated w/how things keep changing. Making it hard on POOR people!!! Free isn't free anymore.,11083,"@118091 I'm so sorry to hear this! Without revealing any personal account information, will you provide us with more details? ^LH",Wed Nov 01 00:37:13 +0000 2017,True,INFORMATIVE_RESOLUTION,OTHER_GENERAL
th_11579,11579,118231,@AmazonHelp Please do it fast,11581,"@118231 Further, we wouldn't be able to offer any additional insight/ info in this regard. Appreciate your understanding. (3/3) ^SV",Wed Nov 01 01:09:57 +0000 2017,True,INFORMATIVE_RESOLUTION,OTHER_GENERAL
th_11580,11580,118231,@AmazonHelp Still not got any mail please solve my problem right now.,11578,"@118231 I'm afraid, we'll not be able to take any action on your account once it is put on hold. Request you to wait for the email. ^HD",Wed Nov 01 01:06:13 +0000 2017,True,INFORMATIVE_RESOLUTION,OTHER_GENERAL
th_11593,11593,118232,@AmazonHelp Done that. Was told I would definitely have it by 9pm yesterday &amp; it's still not been delivered!!!!,11595,"@118232 Just to confirm, what's the current tracking information listed for your order here: https://t.co/aaDyEz1VgE ^HC",Wed Nov 01 16:22:23 +0000 2017,True,INFORMATIVE_RESOLUTION,ORDER_TRACKING_DELAY
th_11597,11597,118233,@AmazonHelp  don't promise a 1 day shipping with a GUARANTEED 8pm delivery when you can't keep it,11596,@118233 I'm so sorry for the wait! What does tracking information say here: https://t.co/PyACxvY8Qo? ^MH,Wed Nov 01 01:00:30 +0000 2017,True,INFORMATIVE_RESOLUTION,ORDER_TRACKING_DELAY
th_11602,11602,118235,"@AmazonHelp Not in the mailbox, not on the porch, not in my house, not at the neighbors. This was a Prime order, late/lost again.",11604,@118235 I'm sorry those steps didn't help! Who was the carrier for this order? You can check here: https://t.co/Y5jpI9gRhE ^BL,Wed Nov 01 01:10:15 +0000 2017,True,INFORMATIVE_RESOLUTION,PRIME_MEMBERSHIP_BILLING
th_11603,11603,118235,"@amazonhelp My order 113-8951188-2020217 says ""Left in mailroom"" but my house doesn't have a mailroom and I've been home all day.",11601,@118235 Oh no! Have you checked the mailbox? These steps may help locate the order: https://t.co/7jZ5OuoXoK. Keep us posted! ^BN,Wed Nov 01 00:55:04 +0000 2017,True,INFORMATIVE_RESOLUTION,ORDER_TRACKING_DELAY
th_11617,11617,118238,@AmazonHelp Lol that's not my real name. But basically yeah they won't just leave it at my front door. Tomorrow's the final attempt.,11616,"@118238 Hi, not Hugh:) Who is the carrier for this delivery? You can find this information here: https://t.co/Y5jpI9gRhE  ^LM",Wed Nov 01 00:56:29 +0000 2017,True,INFORMATIVE_RESOLUTION,OTHER_GENERAL
th_11619,11619,118238,@AmazonHelp how do I inform your delivery drivers to just leave my package at my front door?,11618,"@118238 Hey, Hugh! Are you having trouble receiving a recent order? ^LA",Tue Oct 31 20:38:37 +0000 2017,True,INFORMATIVE_RESOLUTION,ORDER_TRACKING_DELAY
th_11974,11974,118354,@AmazonHelp My Halloween costume is a day late. Can you help?,11973,"@118354 I'm so sorry we've let you down. Please reach us here: https://t.co/hApLpMlfHN, so we can explore options with you. ^LL",Tue Oct 31 23:39:57 +0000 2017,True,INFORMATIVE_RESOLUTION,ORDER_TRACKING_DELAY
th_11984,11984,118356,@AmazonHelp It's point less to actually fill this form.Since you always give me those replies with I'll personally follow up and stuff..,11985,@118356 details through the link provided above so that we can look into the issue. 2/2 ^SH,Wed Nov 01 03:01:38 +0000 2017,True,INFORMATIVE_RESOLUTION,OTHER_GENERAL
th_11982,11982,118356,@AmazonHelp what the hell is going on?! Today's last day to deliver and still not shipped!!Should I pledge that I won't ever order from u?!,11980,"@118356 I understand your concern, Nihal. Could you confirm if you've report this to our team using the link provided earlier? ^HD",Wed Nov 01 01:00:15 +0000 2017,True,INFORMATIVE_RESOLUTION,ORDER_TRACKING_DELAY
th_12494,12494,118498,@AmazonHelp I already emailed y’all.,12497,"@118498 I'm sorry about the link. For a faster response, contact us by phone here: https://t.co/jzvkhdlrK5 without signing in. ^BE",Wed Nov 01 01:45:07 +0000 2017,True,INFORMATIVE_RESOLUTION,OTHER_GENERAL
th_12498,12498,118498,@AmazonHelp Is that a 24 hr line,12499,@118498 Yes. Our main customer service line is open 24 hours a day. ^LJ,Wed Nov 01 02:06:55 +0000 2017,True,INFORMATIVE_RESOLUTION,OTHER_GENERAL
th_12505,12505,118501,@AmazonHelp How do I disable notifications indicated by the bell icon in upper left corner of iOS Kindle app?,12503,"@118501 We'd like to help in real-time! When you have a free moment, please reach out to us here: https://t.co/hApLpMlfHN ^HM",Wed Nov 01 01:19:49 +0000 2017,True,INFORMATIVE_RESOLUTION,PRODUCT_TECH_SUPPORT
th_12514,12514,118505,"@AmazonHelp Uff, I am continuously trying to tell you that I have already replied and a 24 hr tat for receiving call was given which​ U have failed on",12516,@118505 If you've already replied to the email sent by our team. I'm sure our team will reach out to you soon with an update. ^VM,Wed Nov 01 04:03:15 +0000 2017,True,INFORMATIVE_RESOLUTION,OTHER_GENERAL
th_12517,12517,118505,@AmazonHelp Rather than wasting time here can you please check with your team &amp; confirm whether they have responded. Use basic communication skills Sir,12518,"@118505 We're currently working on your issue, we'll contact you soon. Keep an eye on your mailbox. ^ZH",Wed Nov 01 04:31:29 +0000 2017,True,INFORMATIVE_RESOLUTION,OTHER_GENERAL
th_12515,12515,118505,@AmazonHelp 24 hrs tat was given on written mail on 29th Oct to receive a call but no response since last 60 hrs.Hence we say quality of Amazon has gone,12513,"@118505 If you had replied to the email, you must've received a correspondence from us, Darshan. Please check. ^HD",Wed Nov 01 01:23:50 +0000 2017,True,INFORMATIVE_RESOLUTION,OTHER_GENERAL
th_12522,12522,118505,"@AmazonHelp I have replied Sir, try and understand the gratitude of this event. You are exposing yourself in bad light",12520,"@118505 Apologies, thank you for replying to the email. We'll get back on this soon. Appreciate your patience. ^BS",Tue Oct 31 11:46:33 +0000 2017,True,INFORMATIVE_RESOLUTION,OTHER_GENERAL
th_12524,12524,118505,@AmazonHelp I have checked all my mails and had received your last mail on 29th stating you will receive an update in next 24 hrs. No revert received,12523,"@118505 I do understand, however, please revert to the same email so that we can get this sorted. ^HN",Tue Oct 31 10:00:36 +0000 2017,True,INFORMATIVE_RESOLUTION,OTHER_GENERAL
th_12527,12527,118505,"@AmazonHelp I have replied to it many and still have not received any response, sending you a legal notification for closing this fraud business",12526,@118505 Sorry for the trouble you've had. Kindly reply to the email you've received from our team &amp; we'll look into this further.^MM,Tue Oct 31 07:18:52 +0000 2017,True,INFORMATIVE_RESOLUTION,ESCALATION_HIGH_RISK
th_12529,12529,118505,"@AmazonHelp Nobody has called till now, why are you sending fake replies",12528,@118505 Sorry for the stretch. Please reply to the email you've received from our Social media team and we'll get back. ^KA,Tue Oct 31 03:12:36 +0000 2017,True,INFORMATIVE_RESOLUTION,OTHER_GENERAL
th_12534,12534,118505,@118506 @AmazonHelp Amazon has lost its credibility by buying cheap products from other portals like ebay and selling over their platform. Really cheap,12533,@118505 you with an update at the earliest. (2/2)^AU,Sun Oct 29 04:49:33 +0000 2017,True,INFORMATIVE_RESOLUTION,OTHER_GENERAL
th_12538,12538,118505,@AmazonHelp I have replied dozen of times first check then reply. So silly,12537,@118505 Thanks for writing back to us. Our specialist team will contact you with an update on your issue soon. Please wait. ^ZH,Sun Oct 29 04:36:53 +0000 2017,True,INFORMATIVE_RESOLUTION,OTHER_GENERAL
th_12540,12540,118505,@AmazonHelp Message from Rahul from Social Media team.Upon checking your order I see that issue is being handled by Executive Customer Relations team.,12539,"@118505 As requested, please respond on the requested email and our specialist team will reach out to you. ^HK",Sun Oct 29 04:22:08 +0000 2017,True,INFORMATIVE_RESOLUTION,ORDER_TRACKING_DELAY
th_12544,12544,118505,@AmazonHelp Can you please update over this quickly,12542,"@118505 We've sent a correspondence to your registered email address, request you to check the same. ^SH",Sun Oct 29 03:45:30 +0000 2017,True,INFORMATIVE_RESOLUTION,OTHER_GENERAL
th_13130,13130,118701,@AmazonHelp I had replied almost as soon as you posted about the email and sent it. I want to know what action has been taken on my complaint.,13133,"@118701 Sorry to know about the delivery issue. As you've confirmed sharing your details, you should've received an email from (1/2)^KA",Wed Nov 01 02:23:06 +0000 2017,True,INFORMATIVE_RESOLUTION,OTHER_GENERAL
th_13135,13135,118701,@AmazonHelp 6 different emails about the same order and none actually resolve the issue. You should be quite ashamed.,13136,@118701 Please reply to the email received from our team. We will check and connect with you accordingly. ^RW,Wed Nov 01 02:52:46 +0000 2017,True,INFORMATIVE_RESOLUTION,ORDER_TRACKING_DELAY
th_13138,13138,118701,@AmazonHelp the last email i got was the transcript of the last chat that i requested.. you want me to reply to that??,13139,@118701 Sorry about the order cancellation. Please reply to the email you've received from our Social media team and we'll get back. ^KA,Wed Nov 01 03:12:39 +0000 2017,True,INFORMATIVE_RESOLUTION,OTHER_GENERAL
th_13140,13140,118701,@AmazonHelp For the third time. I HAVE NO RECENT E-MAIL FROM YOUR SOCIAL MEDIA TEAM.,13141,"@118701 Sorry for the trouble, Manak. Please resubmit the details here: https://t.co/GIJyeYqKE0 and we'll have this checked. ^KA",Wed Nov 01 03:20:10 +0000 2017,True,INFORMATIVE_RESOLUTION,OTHER_GENERAL
th_13142,13142,118701,"@AmazonHelp Submitted, for the third time for the same issue.",13143,@118701 Thanks for submitting the details. We've received your details and we'll reach out to you soon. ^GK,Wed Nov 01 03:34:44 +0000 2017,True,INFORMATIVE_RESOLUTION,OTHER_GENERAL
th_13144,13144,118701,@AmazonHelp Sorry to have to say this. But you all are idiots. Once more email completely ignoring my query and giving template reply,13145,@118701 That's unusual. Could you please revert to the email with further queries on this? I'll like to have a look into it. ^AB,Wed Nov 01 05:19:11 +0000 2017,True,INFORMATIVE_RESOLUTION,OTHER_GENERAL
th_13146,13146,118701,@AmazonHelp Can someone please call me. I have responded to multiple emails and surveys now without my question being addressed. This is very annoying.,13147,@118701 We're unable to arrange a callback for you over Twitter. Please make a request by responding to the email and we'll oblige. ^AB,Wed Nov 01 05:29:12 +0000 2017,True,INFORMATIVE_RESOLUTION,OTHER_GENERAL
th_13149,13149,118701,@AmazonHelp asm mentioned before. You all are just idiots.,13150,@118701 Thanks for replying. We'll get in touch with you soon. Appreciate your understanding. ^AK,Wed Nov 01 06:14:52 +0000 2017,True,INFORMATIVE_RESOLUTION,OTHER_GENERAL
th_13132,13132,118701,@AmazonHelp I have. And I have spoken to customer care again on chat.,13129,"@118701 If you've replied to the email sent by us, we'll check and get back to you with an update shortly. ^NR",Wed Nov 01 01:47:25 +0000 2017,True,INFORMATIVE_RESOLUTION,OTHER_GENERAL
th_13152,13152,118701,@AmazonHelp Thanks. I wish the same degree of concern were shown about my complaint though.,13151,@118701 Could you please confirm if you have replied to our email? ^MK,Wed Nov 01 01:36:51 +0000 2017,True,INFORMATIVE_RESOLUTION,OTHER_GENERAL
th_13154,13154,118701,@AmazonHelp May i just add that realising NO ACTION HAS BEEN TAKEN on my complaint is not much fun. Worst customer care EVER ! https://t.co/bHOHPNnZFA,13153,"@118701 Please don't provide your order details, we consider it personal information. Our Twitter page is visible to public. (2/2) ^SV",Tue Oct 31 18:44:35 +0000 2017,True,INFORMATIVE_RESOLUTION,OTHER_GENERAL
th_13159,13159,118701,@AmazonHelp I am now cancelling this order because your delivery service just sucks despite prime membership. Switching to @118702 for future.,13158,@118701 you've received from our team and we will get back to you with the latest update on your issue. (2/2)^SQ,Sun Oct 22 16:05:38 +0000 2017,True,INFORMATIVE_RESOLUTION,PRIME_MEMBERSHIP_BILLING
th_13162,13162,118701,@AmazonHelp This has been the most frustrating and useless customer service ever.,13161,"@118701 Sorry about the bad experience, Manak. I'll be sure to pass along your feedback internally. ^MS",Sun Oct 22 14:45:16 +0000 2017,True,INFORMATIVE_RESOLUTION,OTHER_GENERAL
th_13164,13164,118701,"@AmazonHelp After getting a confirmation that it will be delivered post 7 pm, i have got an email at 1:30 in the afternoon that i was not available !",13163,@118701 We're following up on this. We'll check this and update you. ^SG,Sun Oct 22 14:38:36 +0000 2017,True,INFORMATIVE_RESOLUTION,ORDER_TRACKING_DELAY
th_13183,13183,118709,"@AmazonHelp Yes, butvthey lied. Told me carrier and said they would contact and call me back. The never called. I hsdvto make 2 additional calls",13182,@118709 I'm sorry you've had to invest so much time in this! Were we able to help resolve the issue on the last call? ^TL,Wed Nov 01 01:18:43 +0000 2017,True,INFORMATIVE_RESOLUTION,ORDER_TRACKING_DELAY
th_13563,13563,118828,@AmazonHelp when do you guys charge for the Xbox one X I preordered? It ships the 6th.,13561,@118828 Thanks for reaching out to us! You will be charged for your order once it ships out. ^FJ,Wed Nov 01 01:53:28 +0000 2017,True,INFORMATIVE_RESOLUTION,OTHER_GENERAL
th_13573,13573,118832,@AmazonHelp here is the email. Conflicting answers from others in similar situations online. https://t.co/9zbCqLzokH,13572,"@118832 (2/2) Alternately, if you'd like us to verify in real-time you can reach us here:  https://t.co/hApLpMlfHN ^EB",Wed Nov 01 01:48:22 +0000 2017,True,INFORMATIVE_RESOLUTION,OTHER_GENERAL
th_13865,13865,118918,@AmazonHelp you have wasted one month by bullsh****g me. now i am being told itvis out of warranty. issue is reported yo @79087 under warranty.,13867,"@118918 Sorry for the disappointment. Kindly reply to the email you've received from our team, we'll check and get back. ^KA",Wed Nov 01 06:46:39 +0000 2017,True,INFORMATIVE_RESOLUTION,OTHER_GENERAL
th_13868,13868,118918,@AmazonHelp i have already done it. your reps dont even check any back data they just rape the customers.,13869,"@118918 In this case, request you to wait and you shall receive an reply from our team soon. ^SH",Wed Nov 01 07:10:44 +0000 2017,True,INFORMATIVE_RESOLUTION,OTHER_GENERAL
th_13870,13870,118918,"@AmazonHelp same reply again and again. if the complaint is raised under warranty period and if @2005 wont solve it, how is it out of warranty?",13871,@118918 insight on this issue. 2/2 ^SH,Thu Nov 02 06:36:41 +0000 2017,True,INFORMATIVE_RESOLUTION,OTHER_GENERAL
th_13866,13866,118918,"@AmazonHelp so after wasting more than 1.5 month, now you are telling me the product is out of warranty. i had gone to iball 1.5 months back .",13863,"@118918 Apologies for the experience, Vijay. Please reply to the email sent by our team. We'll help you with alternatives. ^SV",Wed Nov 01 02:19:15 +0000 2017,True,INFORMATIVE_RESOLUTION,OTHER_GENERAL
th_13878,13878,118918,@AmazonHelp all emails already shared with earlier tweet. https://t.co/2sVFZ4iG9Q,13877,@118918 Kindly share your details in the link given earlier and we'll be sure to help you in getting this issue resolved. ^ZH,Tue Oct 31 09:27:52 +0000 2017,True,INFORMATIVE_RESOLUTION,OTHER_GENERAL
th_13880,13880,118918,@AmazonHelp yeah and i will get it after i murder service center owner. I would rather throw this product in dumpster and let wll india know abt u cheat,13879,@118918 Kindly share your details here: https://t.co/GIJyeYqKE0 and I'll contact you with an update on this. ^GS,Tue Oct 31 08:57:19 +0000 2017,True,INFORMATIVE_RESOLUTION,OTHER_GENERAL
th_13882,13882,118918,"@AmazonHelp so basically you are stealing money from small customers. @115851 count your money, its growing. THIEVES.",13881,@118918 Apologies for the inconvenience with policy constraint. We'll be able to assist you once service denial letter is received.^GS,Tue Oct 31 08:27:19 +0000 2017,True,INFORMATIVE_RESOLUTION,OTHER_GENERAL
th_13884,13884,118918,"@AmazonHelp why are you removimg @79087 from your tweets? I have official email from @79087 they dont care , they did not sell this product.",13883,@118918 I get your concern.We wouldn't be able to work on the issue until we receive a service denial letter from the manufacturer.^NS,Tue Oct 31 08:10:12 +0000 2017,True,INFORMATIVE_RESOLUTION,OTHER_GENERAL
th_13888,13888,118918,@AmazonHelp I have visited multiple times. why would a sc change uts policy to meet ur unreasonable demands? this issue is ongoing since 1.5 months.,13885,"@118918 If the manufacturer refuses to honor warranty on a device, you shall receive a service denial letter for the same. ^HK",Tue Oct 31 07:53:39 +0000 2017,True,INFORMATIVE_RESOLUTION,OTHER_GENERAL
th_13892,13892,118918,"@AmazonHelp @115851 @115821 If iball declines my request, I cannot threaten @79087 into providing one.",13889,@118918 without a service denial letter. Kindly try visiting your nearest service center to report it and keep us posted. 2/2 ^AB,Tue Oct 31 07:16:57 +0000 2017,True,INFORMATIVE_RESOLUTION,OTHER_GENERAL
th_13900,13900,118920,@AmazonHelp is there a way to know if the Amazon gift cards I send are being used?,13899,@118920 You would only be able to confirm gift card balances on the account it is redeemed on. ^JP,Wed Nov 01 01:56:33 +0000 2017,True,INFORMATIVE_RESOLUTION,OTHER_GENERAL
th_13907,13907,118924,@AmazonHelp Update ??? What your internal investigation repors tell you ??,13906,"@118924 Sorry for this trouble. If the details were shared, you must've received a correspondence from us. Please check and reply. ^HD",Wed Nov 01 02:05:44 +0000 2017,True,INFORMATIVE_RESOLUTION,OTHER_GENERAL
th_13909,13909,118924,@AmazonHelp So what have you decided my dear @115850 @115821 ?? By this time you should've known the entire issue.I'm expecting a response from you,13908,@118924 We have received your details. We are working on it and will get back to you with an update at the earliest. ^HR,Tue Oct 24 09:31:57 +0000 2017,True,INFORMATIVE_RESOLUTION,OTHER_GENERAL
th_13916,13916,118925,"@AmazonHelp Worse part, customer support thought it was coming today too, which I reached out at 4:30 pm",13920,"@118925 I'm sorry for the inconvenience. When you reached out to us, what options or insight did we provide? ^GM",Wed Nov 01 02:20:29 +0000 2017,True,INFORMATIVE_RESOLUTION,OTHER_GENERAL
th_13921,13921,118925,@AmazonHelp I talked on the phone to someone who offered 10 percent off but that isn't on the account yet.  Still don't know delivery date.,13923,@118925 Which carrier was assigned to deliver your package today? ^TN,Wed Nov 01 02:47:06 +0000 2017,True,INFORMATIVE_RESOLUTION,ORDER_TRACKING_DELAY
th_13926,13926,118925,@AmazonHelp Nothing on my order on your web site.,13928,"@118925 Late order usually arrive the next business day. If your order hasn't arrived by 8:00 PM tomorrow, please let us know. ^LR",Wed Nov 01 03:11:38 +0000 2017,True,INFORMATIVE_RESOLUTION,ORDER_TRACKING_DELAY
th_14011,14011,118951,"@AmazonHelp Please simply answer my question.  I am not an AmazonFresh customer, just a condominium unit owner inconvenienced by UR customers  &amp;trying 2 figure out how we can all accommodate one another.  Y R U making this so complicated? Direct message me with UR contact info.",14013,"@118951 We'll ask customers to leave their totes out for pickup. However, they shouldn't be left for 10 or more days awaiting pickup. For security, we're unable to DM personal details. Once we receive your information at the link we've referenced, we can help sort this. ^RA",Thu Nov 30 21:11:55 +0000 2017,True,INFORMATIVE_RESOLUTION,OTHER_GENERAL
th_14014,14014,118951,"@AmazonHelp Who's security?  UR asking 4 MY personal details.  Surely U have company phone #s that aren't ""personal.""  This is absurd. I'm TRYING 2 work w/U people. Y do U make it so hard?  May I be referred to a mgr who isn't afraid 2 speak w/an intelligent, reasonable woman 2 work out sols",14015,@118951 We cannot accommodate this request via Twitter. Please send us your details using the link provided by FR. ^GR,Thu Nov 30 21:37:52 +0000 2017,True,INFORMATIVE_RESOLUTION,OTHER_GENERAL
th_14012,14012,118951,@AmazonHelp Don't be silly.  Read the Tweet!  I NEED 2 KNOW HOW U INSTRUCT CUSTOMERS.What is the plan?  We've tenants who think they've the rite 2 store empty AF totes in the common area presumably awaiting PickUp 10+ days is 10 days longer that the small front hall common area can handle.,14010,@118951 Please provide your information in the link FR provided and we'll have a team member look into this personally and reach out to you. I'm sorry for any inconvenience. ^HS,Thu Nov 30 20:41:23 +0000 2017,True,INFORMATIVE_RESOLUTION,OTHER_GENERAL
th_14020,14020,118951,@AmazonHelp We have 2 work 2gether to accommodate UR new service.  I simply need 2 know how exactly U instruct AF customers re disposition of the large green insulated carriers.  Not a difficult question--need the written instrux.,14018,@118951 I would like to have a team member look into getting the totes picked up for you! Please add your details here: https://t.co/MoFmdEXzbY so we can help out with this! Keep us updated on the status! ^FR,Thu Nov 30 20:25:12 +0000 2017,True,INFORMATIVE_RESOLUTION,OTHER_GENERAL
th_14280,14280,119036,@AmazonHelp Today; 1st November. Or I wouldn't have ordered. I needed them to arrive at mums today so she can bring to me urgently in hospital tonight.,14282,@119036 I can understand your frustration. Please reach out to us here to go over available options: https://t.co/ju0HEJTlrg ^CL,Wed Nov 01 05:37:24 +0000 2017,True,INFORMATIVE_RESOLUTION,OTHER_GENERAL
th_14281,14281,119036,"Placed order today, said delivery would be Wed but just received email saying it'll be Thurs now? I'm a prime customer @AmazonHelp. Unhappy!",14279,@119036 I'm so sorry for the frustration! What was the date given in the original confirmation e-mail: https://t.co/SsPOz2ryIS? ^DG,Wed Nov 01 02:18:24 +0000 2017,True,INFORMATIVE_RESOLUTION,PRIME_MEMBERSHIP_BILLING
th_14293,14293,119041,@AmazonHelp Yes. You definitely missed my delivery date. Twice. Also your call center staff seems to have no understanding of how mail delivery works.,14295,@119041 I certainly understand your frustration! Who was the carrier for these orders? Please check here: https://t.co/Y5jpI9gRhE ^BE,Wed Nov 01 03:08:02 +0000 2017,True,INFORMATIVE_RESOLUTION,ORDER_TRACKING_DELAY
th_14298,14298,119041,@AmazonHelp @115821 consider leaving the delivery of packages to the experts at @115817 or @81. Obvious decline in service when it’s @115821 logistics.,14299,@119041 We'd like to take a closer look to see what we can do. Please reach out with more information here: https://t.co/AdBZ9CgtFD ^DG,Wed Nov 01 03:39:08 +0000 2017,True,INFORMATIVE_RESOLUTION,ORDER_TRACKING_DELAY
th_14303,14303,119042,"@AmazonHelp ordered what was on the box for my sister’s wedding gift, that’s what came out of the box. What gives?! https://t.co/8jX9A0Ipcu",14301,@119042 I'm sorry for the trouble! We'd like to review available options with you. Please reach out to us here:  https://t.co/hApLpMlfHN ^LJ,Wed Nov 01 02:17:05 +0000 2017,True,INFORMATIVE_RESOLUTION,OTHER_GENERAL
th_14853,14853,119214,@AmazonHelp no body inform me. once u return that parcel. please send the tracking id or parcel details. but after 10days i call amazon custamare care,14856,"@119214 Thank you for sharing your details, Dhinesh. We'll check your concern and reach you soon. ^VG",Sat Nov 04 18:41:35 +0000 2017,True,INFORMATIVE_RESOLUTION,REFUND_RETURN_INQUIRY
th_15268,15268,119350,.@115850 @AmazonHelp thanks for no replies whatsoever on my complaint.an you please tell me what more should I do? @119351 @1015,15267,@119350 Please fill in your details using the link: https://t.co/JzRdscmdH9 and I'll get in touch with you soon. ^AK (2/2),Wed Nov 01 02:53:53 +0000 2017,True,INFORMATIVE_RESOLUTION,OTHER_GENERAL
th_15272,15272,119352,@AmazonHelp Please don't help.u have very useless process of helping.if u want plz refund me atleast in time which is also now least expected,15271,"@119352 Please share your details in the link provided above, we'll check the issue and assist you accordingly. (2/2) ^KA",Wed Nov 01 02:54:01 +0000 2017,True,INFORMATIVE_RESOLUTION,REFUND_RETURN_INQUIRY
th_15275,15275,119352,@AmazonHelp Seriously!!! Ur customer service already told me cancel d order .. Amazon can't do anything to it..n till now it's showing expected on 25th👏,15274,@119352 I'd like to help. Please write to us here: https://t.co/GIJyeYqKE0 and I'll reach out to you. ^SA,Tue Oct 31 05:27:56 +0000 2017,True,INFORMATIVE_RESOLUTION,REFUND_RETURN_INQUIRY
th_15279,15279,119353,@AmazonHelp 408-9273159-6369903.replacement ordered from 24th Oct.no1 contact me.Really worst courier service from Amazon,15278,"@119353 Please don’t provide your order details, we consider them as personal information. Our Twitter page is visible to public. ^VM",Wed Nov 01 02:53:34 +0000 2017,True,INFORMATIVE_RESOLUTION,ORDER_TRACKING_DELAY
th_15296,15296,119358,@AmazonHelp I did...which said WE CANNOT DO ANYTHING...same as customer service...which triggered My reply...I am just asking basic question here,15298,@119358 Sorry to know about that. Kindly reply to the email and we'll get in touch with an update. Appreciate your patience. ^AK,Wed Nov 01 03:26:49 +0000 2017,True,INFORMATIVE_RESOLUTION,OTHER_GENERAL
th_15299,15299,119358,@AmazonHelp I have replied to the email... lets see if I can get positive and useful response atleast once after so much escalation @115851,15300,@119358 Thank you for confirming. You should hear an update from us soon. Keep an eye on your mailbox. ^MP,Wed Nov 01 17:56:10 +0000 2017,True,INFORMATIVE_RESOLUTION,OTHER_GENERAL
th_15297,15297,119358,@AmazonHelp @115851 @115850 @115821 so the social media escalation team is equally useless as the customer service team...hats off to incompetence,15295,@119358 That's quite a comment. Could you let us know if you have received an email from our team here https://t.co/8DAc10S7ww? ^VM,Wed Nov 01 02:42:24 +0000 2017,True,INFORMATIVE_RESOLUTION,OTHER_GENERAL
th_15304,15304,119358,"@115850 @115821 @AmazonHelp I waited 15 days,sent 10 email,was assured tht case escalted,todays response WE CANNOT HELP,customer service?",15303,"@119358 We'd like to investigate this, please share your details here: https://t.co/cQVomR1pWz with detailed info. ^HA",Sun Oct 29 16:29:43 +0000 2017,True,INFORMATIVE_RESOLUTION,OTHER_GENERAL
th_15306,15306,118710,"Hi @AmazonHelp, when I placed my order I requested a VAT receipt either via email or post but I still haven’t had one?",15305,"@118710 I'm sorry for the inconvenience.  Please see here: https://t.co/3gp9Udo7j5, for more info on accessing your invoice. ^LM",Wed Nov 01 01:45:36 +0000 2017,True,INFORMATIVE_RESOLUTION,ORDER_TRACKING_DELAY
th_15442,15442,119403,@AmazonHelp Hey so my package has not arrived yet. Can I get this sorted please,15445,"@119403 While we can't access order or account details through social media, we'd still like to help! Please reach us directly via phone or chat so we can investigate: https://t.co/JzP7hlA23B ^CS",Fri Dec 01 14:03:26 +0000 2017,True,INFORMATIVE_RESOLUTION,ORDER_TRACKING_DELAY
th_15444,15444,119403,@AmazonHelp You have and it’s been pushed (again) to Friday or possibly Saturday or god forbid Monday. Was told it would be diverted by 8pm tonight.,15441,@119403 Please let us know if doesn't arrive by Friday! We'd like to help! ^ZW,Thu Nov 30 20:37:13 +0000 2017,True,INFORMATIVE_RESOLUTION,OTHER_GENERAL
th_15668,15668,119446,#SuperValueDayQuizWhere is the result of super value day quiz conducted on Oct 1 and 2 ? @AmazonHelp,15666,@119446 The results will be announced soon. Kindly stay tuned for updates. ^AK,Wed Nov 01 03:18:19 +0000 2017,True,INFORMATIVE_RESOLUTION,OTHER_GENERAL
th_15671,15671,119447,"@AmazonHelp ""Refused shipment - on the way back.""",15673,"@119447 Oh my! Just to clarify, can you tell us who the carrier of this order is? ^AL",Wed Nov 01 10:49:47 +0000 2017,True,INFORMATIVE_RESOLUTION,OTHER_GENERAL
th_15674,15674,119447,"@AmazonHelp It was Amazon Logistics.  But the device never made it to them and ""guaranteed Oct 31"" slipped to ""expected Nov 1-2"".",15675,@119447 We'd like to look further into this. Please click the link and fill out the secure form:https://t.co/pM8TpjfEq6 ^EM,Wed Nov 01 11:46:02 +0000 2017,True,INFORMATIVE_RESOLUTION,PRODUCT_TECH_SUPPORT
th_15685,15685,119451,@AmazonHelp Yes i have received reference number,15687,@119451 Please share your detail here: https://t.co/GIJyeYqKE0 and I'll be glad to help you with an update about the refund. ^KA,Wed Nov 01 03:21:08 +0000 2017,True,INFORMATIVE_RESOLUTION,OTHER_GENERAL
th_15688,15688,119451,"@AmazonHelp Details sent, haven't received any communication from your side",15689,@119451 You should have received a correspondence from our social media team. Kindly check here: https://t.co/8DAc10S7ww and reply. ^MN,Sat Nov 04 11:33:14 +0000 2017,True,INFORMATIVE_RESOLUTION,OTHER_GENERAL
th_15694,15694,119452,@AmazonHelp How many times will the pick-up be rescheduled? https://t.co/oQuGBF84QS,15693,"@119452 Please don't provide your order details, we consider it personal information. Our Twitter page is visible to public. ^AK 3/3",Wed Nov 01 02:58:27 +0000 2017,True,INFORMATIVE_RESOLUTION,OTHER_GENERAL
th_15698,15698,119452,@AmazonHelp Hi. This is where I'm stuck. When will you initiate the pick up? https://t.co/bVTocnrC1k,15697,@119452 Sorry for the delay in pickup. Kindly contact us here: https://t.co/rS49hgaADF and we'll get the pick up done. ^SY,Mon Oct 30 05:58:37 +0000 2017,True,INFORMATIVE_RESOLUTION,OTHER_GENERAL
th_15700,15700,119452,Hey @115850 @AmazonHelp I need an update on my refund! Can you help?,15699,@119452 You may track your refunds using the link: https://t.co/LjYILTJREp. Please keep us posted. ^GS,Mon Oct 30 05:51:24 +0000 2017,True,INFORMATIVE_RESOLUTION,REFUND_RETURN_INQUIRY
th_15701,15701,119452,@AmazonHelp You have all my details. Please expedite the process,15702,@119452 Thanks for the update. If you've filled in your details our teams will reach out to you soon. ^VM,Wed Nov 01 03:56:32 +0000 2017,True,INFORMATIVE_RESOLUTION,OTHER_GENERAL
th_15707,15707,119454,@AmazonHelp have a query regarding cash back during 14-17 October sale. Email/DM ?,15705,@119454 We'd like to help you with the cash back. Kindly get in touch with our support team here: https://t.co/rS49hgaADF ^AK,Wed Nov 01 02:55:13 +0000 2017,True,INFORMATIVE_RESOLUTION,OTHER_GENERAL
th_16097,16097,119531,@AmazonHelp Where do I send it to?,16096,"@119531 The link to the item can be tweeted to us here, or reviewed here: https://t.co/hApLpMlfHN ^QJ",Wed Nov 01 03:26:37 +0000 2017,True,INFORMATIVE_RESOLUTION,OTHER_GENERAL
th_16101,16101,119532,Thanks @AmazonHelp for solving my issue . But after 8 day it's really long time you took to solve . But #thanks,16100,@119532 Thanks for keeping us posted. I'll pass along your comments to our team and we'll work on this. ^GK,Wed Nov 01 03:39:13 +0000 2017,True,INFORMATIVE_RESOLUTION,OTHER_GENERAL
th_16109,16109,119534,@AmazonHelp My order is due to arrive on Friday,16111,@119534 Orders can ship at any time; once the order has been processed it will be assigned a tracking number. ^LR,Wed Nov 01 03:39:27 +0000 2017,True,INFORMATIVE_RESOLUTION,ORDER_TRACKING_DELAY
th_16112,16112,119534,@AmazonHelp Ahhh okay makes sense :) thank you! I hope my package comes Friday 🙌,16113,@119534 Please keep us posted as we want to make sure your order arrives!  ^AG,Wed Nov 01 04:07:41 +0000 2017,True,INFORMATIVE_RESOLUTION,ORDER_TRACKING_DELAY
th_16115,16115,119535,@AmazonHelp Ur customer care didnt provide me a correct answer,16114,@119535 I'm sorry about the experience. Kindly share your details here: https://t.co/beaaDm0muc and we'll check. ^GK,Wed Nov 01 03:33:45 +0000 2017,True,INFORMATIVE_RESOLUTION,OTHER_GENERAL
th_16122,16122,119536,@AmazonHelp Bought a washing machine from Amazon and had a nightmare getting it installed. Neither you guys or the brand was helpful.,16120,@119536 here: https://t.co/beaaDm0muc and I’ll contact you soon. 2/2 ^AH,Wed Nov 01 03:16:28 +0000 2017,True,INFORMATIVE_RESOLUTION,OTHER_GENERAL
th_16418,16418,119617,@AmazonHelp And there was no indication that they had re-attempted delivery,16421,@119617 Who is the courier shown on the tracking info? Have you contacted the courier? ^LJ,Wed Nov 01 04:00:08 +0000 2017,True,INFORMATIVE_RESOLUTION,ORDER_TRACKING_DELAY
th_16422,16422,119617,@AmazonHelp Intelcom Express. I couldn't contact them last night since I got home after their operating hours. Sent them an email this morning,16423,"@119617 Please let us know if you do not receive your order, or an update, today so we may contact the carrier on your behalf. ^WM",Wed Nov 01 17:04:49 +0000 2017,True,INFORMATIVE_RESOLUTION,OTHER_GENERAL
th_16426,16426,119618,@AmazonHelp somehow Siri can turn off my lights but Alexa is incapable. #pleasefixit #buggedupdate https://t.co/wLNncaWcX1,16425,"@119618 If Alexa doesn't discover your smart home device, here are some solutions to try: https://t.co/4WOgoyFtgG Hope this helps! ^NN",Wed Nov 01 03:27:42 +0000 2017,True,INFORMATIVE_RESOLUTION,PRODUCT_TECH_SUPPORT
th_16428,16428,119619,@AmazonHelp Not impressed with Amazon Logistics. Computer parts delayed a week and a refund is the only option? Really disappointed.,16427,@119619 I'm sorry it's been delayed. We'd like to look into this. Please send details about this order here: https://t.co/Wze1ktETWY. ^LH,Wed Nov 01 03:27:06 +0000 2017,True,INFORMATIVE_RESOLUTION,REFUND_RETURN_INQUIRY
th_16432,16432,119620,@AmazonHelp Yes you have missed the deadline which was set at the time of purchase. After missing that deadline you have given me a new deadline now,16434,@119620 so that we can get in touch with you. (2/2) ^VM,Wed Nov 01 04:15:14 +0000 2017,True,INFORMATIVE_RESOLUTION,OTHER_GENERAL
th_16436,16436,119620,@AmazonHelp Pls call me on 9820255387,16438,"@119620 Please don't provide your order details, as we consider it to be personal information. Our Twitter page is public.​ ^RW",Wed Nov 01 04:38:56 +0000 2017,True,INFORMATIVE_RESOLUTION,OTHER_GENERAL
th_16433,16433,119620,"@119356 @AmazonHelp     horrible service, lousy customer care, non existent courier phone numbers. So much for becoming a Prime customer!",16429,@119620 Sorry to know about the delivery issue. Did we happen to miss estimate as mentioned here: https://t.co/ykWpCt0ely ?^KA,Wed Nov 01 03:36:06 +0000 2017,True,INFORMATIVE_RESOLUTION,PRIME_MEMBERSHIP_BILLING
th_16443,16443,119621,@AmazonHelp What’s the point in me paying for prime shipping when things are just going to show up days after their estimates? No confidence.,16445,@119621 Unforeseen circumstances can cause delays and we appreciate your patience while we are working to get your packages delivered. ^TN,Wed Nov 01 04:30:43 +0000 2017,True,INFORMATIVE_RESOLUTION,PRIME_MEMBERSHIP_BILLING
th_16466,16466,119627,@AmazonHelp The link didnt go to app instead asked me to buy movies :-) I am looking for those on Amazon prime. Search function said did not exist,16468,@119627 I'm sorry the link didn't work. You can view the list of Audio Descriptions by clicking here: https://t.co/M37Heh3Uak ^AY,Thu Nov 02 21:37:06 +0000 2017,True,INFORMATIVE_RESOLUTION,PRIME_MEMBERSHIP_BILLING
th_16476,16476,119629,@AmazonHelp @AmazonHelp The link you sent me this page opens and in its settings I can't find where to change country to India. https://t.co/IXCPlZlzHs,16478,@119629 Please connect with our support team here: https://t.co/2t6DQoUmNZ for further assistance on it. ^RW,Wed Nov 01 04:10:56 +0000 2017,True,INFORMATIVE_RESOLUTION,OTHER_GENERAL
th_16758,16758,119697,@AmazonHelp fuck you guys. Canceling Prime. Not gonna do business with you guys ever again.,16755,"@119697 This isn't how we want you to feel. We'd like to help, if possible. Please let us know more about what's going. ^BH",Wed Nov 01 04:07:06 +0000 2017,True,INFORMATIVE_RESOLUTION,PRIME_MEMBERSHIP_BILLING
th_16762,16762,119698,@AmazonHelp Did I get a call? No. Being a Prime member means paying someone to treat you like shit. Twice!,16765,"@119698 We can't access your account via Twitter. Without providing personal info, will you please tell us what's going on? ^TN",Thu Nov 02 04:11:35 +0000 2017,True,INFORMATIVE_RESOLUTION,PRIME_MEMBERSHIP_BILLING
th_16767,16767,119698,@AmazonHelp I think this is pretty crappy!,16772,@119698 I'd like to have a member of my team look into this with you! Please submit your information here: https://t.co/HO8C5vgcgW ^ME,Thu Nov 02 18:16:09 +0000 2017,True,INFORMATIVE_RESOLUTION,OTHER_GENERAL
th_16776,16776,119700,@AmazonHelp Would like to thankyou for ur efforts..amount credited back to my account today.!!,16775,@119700 You're most welcome. Glad to know that refund has been credited. Have a great day ahead! ^AR,Wed Nov 01 03:52:31 +0000 2017,True,INFORMATIVE_RESOLUTION,OTHER_GENERAL
th_16778,16778,119700,@AmazonHelp Response in mail is just asking to wait n m doing that since last 1 month..it's more than 15 days on Twitter n u doing the sameNo solution,16777,"@119700 Apologies. I understand waiting could be tiresome but rest assured, the concerned team is working on a resolution for you. ^MK",Wed Oct 25 16:42:52 +0000 2017,True,INFORMATIVE_RESOLUTION,OTHER_GENERAL
th_16782,16782,119700,@AmazonHelp How much more time is needed?I think everything is online..Is ur seller not responding? Or approval is needed from any ministry?,16781,@119700 Did you receive our email on your revert? ^HK,Tue Oct 24 11:03:26 +0000 2017,True,INFORMATIVE_RESOLUTION,OTHER_GENERAL
th_16784,16784,119700,@AmazonHelp That's what m doing n u making me believe more that refund policy by Amazon in India is really poor..!Ur seller is even not taking calls nw,16783,"@119700 As you have provided your details, we have our team working on your issue, Gautam. (1/2)^SF",Tue Oct 17 10:43:11 +0000 2017,True,INFORMATIVE_RESOLUTION,REFUND_RETURN_INQUIRY
th_16788,16788,119700,@AmazonHelp Did the same..but din't get any response..n ur chat executive says we don't have any record of u..,16786,@119700 We are right on it! We'll get back to you soon. ^AG,Mon Oct 16 05:01:37 +0000 2017,True,INFORMATIVE_RESOLUTION,OTHER_GENERAL
th_16790,16790,119700,@AmazonHelp Last mail rec'd on 09.10.2017 stating refund will be in my account by 14.10.2017Bt same not rec'd.,16789,@119700 That's strange. Kindly write back to the email received and we'll check this out for you. ^VM,Mon Oct 16 04:34:47 +0000 2017,True,INFORMATIVE_RESOLUTION,REFUND_RETURN_INQUIRY
th_16792,16792,119700,"@AmazonHelp All m getting is apologies but no refund.. everything is online, unable to understand the delay!!",16791,"@119700 You must have received a correspondence to your registered email address, request you to check the same. ^SH",Mon Oct 16 03:58:14 +0000 2017,True,INFORMATIVE_RESOLUTION,REFUND_RETURN_INQUIRY
th_16805,16805,119701,@AmazonHelp Amazon its a complete fraud now u are saying u will ship till 7th please for god sake #help #cancelorder #refund #fraud #poorcustomerservice https://t.co/riuEM7g6om,16806,@119701 Could you please let us know if you had received any email stating the package was  going to be shipped by 7th ? ^KS,Thu Nov 02 18:46:53 +0000 2017,True,INFORMATIVE_RESOLUTION,ESCALATION_HIGH_RISK
th_16808,16808,119701,@AmazonHelp Do u hav brain the product is taking more then a week to reach me and i am #primememeber and can u read i need a #refund now i dnt #trust,16809,@119701 details here: https://t.co/GIJyeYqKE0 and I'll get back to you. (3/3) ^KA,Fri Nov 03 03:25:28 +0000 2017,True,INFORMATIVE_RESOLUTION,REFUND_RETURN_INQUIRY
th_16813,16813,119701,@AmazonHelp This says will be reaching please can some one really #help me I promise wont make any further purchase with #Amazon #help #shameful https://t.co/yuU8kSbKOs,16814,"@119701 Aadil, please reply to the email you've received from our team so that we can assist you accordingly. ^MS",Fri Nov 03 15:47:47 +0000 2017,True,INFORMATIVE_RESOLUTION,OTHER_GENERAL
th_16815,16815,119701,@AmazonHelp Guyzzz i have not received any mail have some common sense if i would i have received it why the f*** i would hav not replied #CommonSense,16816,"@119701 In that case, please fill in the form again here: https://t.co/GIJyeYqKE0 and we'll reach out to you. ^VN",Fri Nov 03 17:56:14 +0000 2017,True,INFORMATIVE_RESOLUTION,OTHER_GENERAL
th_16817,16817,119701,@AmazonHelp When will i be getting a refund of this product #help #pleasebesensable https://t.co/gGgeU6tmhP,16818,@119701 Our team has sent you a correspondence. Kindly check it here: https://t.co/8DAc10S7ww ^AP,Tue Nov 07 09:14:30 +0000 2017,True,INFORMATIVE_RESOLUTION,REFUND_RETURN_INQUIRY
th_16820,16820,119701,@AmazonHelp Most #pethetic service right look at the time i am waiting since 2 days and guess wat I am a #primemember #badservice #refund https://t.co/KKsr3XCfjz,16819,"@119701 I'd like to take a closer look into this, please share your details here: https://t.co/GIJyeYqKE0. ^AG",Tue Oct 31 06:20:14 +0000 2017,True,INFORMATIVE_RESOLUTION,REFUND_RETURN_INQUIRY
th_16822,16822,119701,@AmazonHelp The moment I tweeted you guyz i got a call from ur agent stating that he will pickup the product tomorrow really bad service #complain,16821,@119701 Sorry for the delay. I'll be sure to pass on your feedback. Kindly wait until the mentioned time frame. Do keep us posted. ^AK,Mon Oct 30 09:59:54 +0000 2017,True,INFORMATIVE_RESOLUTION,OTHER_GENERAL
th_16824,16824,119701,@115821 @115850 @AmazonHelp req a replace for one of my purchase it was scheduled for today between 10 to 1 its 3 no one has come #help,16823,@119701 Apologies for the delay. Have you reported this to our support team here: https://t.co/vlvfJr4nN9? ^RB,Mon Oct 30 09:26:09 +0000 2017,True,INFORMATIVE_RESOLUTION,OTHER_GENERAL
th_16829,16829,119702,@AmazonHelp My guaranteed delivery date was Monday.,16830,@119702 My apologies. What is the latest update on the tracking?: https://t.co/Y5jpI9gRhE ^PK,Wed Nov 01 11:59:11 +0000 2017,True,INFORMATIVE_RESOLUTION,ORDER_TRACKING_DELAY
th_16831,16831,119702,@AmazonHelp USPS still doesn't have it. Said it departed your facility Sunday. Then said it again yesterday.,16832,"@119702 Hey, get in touch with us here: https://t.co/JzP7hlA23B  so we can help you out ^KM",Wed Nov 01 12:05:44 +0000 2017,True,INFORMATIVE_RESOLUTION,OTHER_GENERAL
th_16834,16834,119703,@AmazonHelp Hi ...enough mails done but response is very discouraging... contact me on call,16833,@119703 We would be unable to reach out to you from here. Kindly write back to the email sent by our team (1/2) ^VM,Wed Nov 01 03:53:56 +0000 2017,True,INFORMATIVE_RESOLUTION,OTHER_GENERAL
th_16837,16837,119703,@AmazonHelp No updates even after 2 weeks....poor n shame on Amazon...#JeffBezos https://t.co/L7ZGVDnJA9,16836,@119703 Apologies. Request you to reply to our email correspondence for further assistance and we'll look into this. ^MK,Tue Oct 31 18:26:49 +0000 2017,True,INFORMATIVE_RESOLUTION,OTHER_GENERAL
th_16841,16841,119703,@AmazonHelp I already replied on mails..no more mails...I have seen the way Amazon handled the situation...call me &amp; clear can it done or not,16838,"@119703 sent by our team and request for a phone call. Once you do so, our team will get back to you through phone soon. 2/2 ^RS",Sun Oct 22 05:21:48 +0000 2017,True,INFORMATIVE_RESOLUTION,OTHER_GENERAL
th_16844,16844,119703,@AmazonHelp Many mails done...need clarification on what I asked...why 500 deposited as compensation..why no action against seller &amp; brand,16843,@119703 further assistance as we wouldn't have the access to your account from here. Appreciate your understanding. 2/2 ^NK,Sat Oct 21 14:36:58 +0000 2017,True,INFORMATIVE_RESOLUTION,OTHER_GENERAL
th_16859,16859,119703,@AmazonHelp Stop asking non sense. it's been mid of the day providing hell of details but no response yet. Not even Surya Flames responded #JeffBezos,16856,@119703 email correspondence from our team. Kindly check the same and revert. 2/2 ^MM,Thu Oct 19 07:42:03 +0000 2017,True,INFORMATIVE_RESOLUTION,OTHER_GENERAL
th_16862,16862,119703,@AmazonHelp U people not even understanding the situation...there was fire on stove n if cylinder got fired what worst could happened...,16861,@119703 I'm sure our team would reach out to you soon. (2/2) ^VM,Thu Oct 19 04:27:27 +0000 2017,True,INFORMATIVE_RESOLUTION,OTHER_GENERAL
th_16870,16870,119703,@AmazonHelp Because of Amazon I purchased a product which blasted on day one...n u people asking me to keep cool...where is Surya flames #suryaflam1,16869,"@119703 Apologies for the situation, Anurag. Please share your details here: https://t.co/GIJyeYqKE0 I'll reach &amp; assist. ^SV",Wed Oct 18 20:18:47 +0000 2017,True,INFORMATIVE_RESOLUTION,OTHER_GENERAL
th_16873,16873,119703,@AmazonHelp Do u think it's just normal happening???this is real happened with me...do you still think it's not worth to show quality of product,16872,"@119703 Be assured, we've shared your comments with internal teams for review and to improve our services. (2/2) ^SV",Wed Oct 18 20:03:01 +0000 2017,True,INFORMATIVE_RESOLUTION,OTHER_GENERAL
th_16885,16885,119703,@AmazonHelp I am getting any mails nor any calls from u.If not able to solve let me know...I ll uninstall Amazon n share my feedback with others too,16886,@119703 We have emailed you here: https://t.co/DTSNmGldJf Kindly check &amp; reply to it for further assistance.^SY,Wed Nov 01 07:50:17 +0000 2017,True,INFORMATIVE_RESOLUTION,OTHER_GENERAL
th_16888,16888,119703,@AmazonHelp As compensation you are giving me 500 InR in account.. shame &amp; unethical...,16891,@119703 I'm sorry about the disappointment. I'll be sure to pass your feedback to the concerned team internally. ^SG,Thu Nov 02 17:30:28 +0000 2017,True,INFORMATIVE_RESOLUTION,OTHER_GENERAL
th_16889,16889,119703,@AmazonHelp I already replied on mails...u people just wasting time nothing else.. no action has been taken against seller n brand...as a compensation,16893,"@119703 I understand your concern, Anurag. Please reply to the email you've received from us and I'll get back to you. ^HD",Thu Nov 02 17:28:46 +0000 2017,True,INFORMATIVE_RESOLUTION,OTHER_GENERAL
th_17183,17183,119790,"'Hey @AmazonHelp i haven't received my ""delivered"" order.' 'Did you check around your house' lmao https://t.co/w6FRcwmoFX",17181,@119790 I'm sorry you didn't receive your order. Did our customer service agent provide a solution for you? ^SE,Wed Nov 01 04:10:07 +0000 2017,True,INFORMATIVE_RESOLUTION,ORDER_TRACKING_DELAY
th_17186,17186,119791,@AmazonHelp Kindly share my contact number 9800019281 to ur team to contact me,17188,"@119791 Also, please don't provide your contact details as its personal info. Our Twitter page is visible to public. 2/2 ^AB",Wed Nov 01 05:09:56 +0000 2017,True,INFORMATIVE_RESOLUTION,OTHER_GENERAL
th_17190,17190,119791,@AmazonHelp See after getting amount it happens that eveyone become unable in assisting.,17191,"@119791 Due to which we do not have an option to call you back, please use the link provided earlier to request a call back. (2/2) ^SI",Wed Nov 01 05:19:59 +0000 2017,True,INFORMATIVE_RESOLUTION,OTHER_GENERAL
th_17196,17196,119791,"@AmazonHelp I dont need to contact u now, it is as mistake take that i paid for Prime.",17197,@119791 out to our team using the link shared earlier. (2/2) ^GK,Wed Nov 01 05:46:56 +0000 2017,True,INFORMATIVE_RESOLUTION,PRIME_MEMBERSHIP_BILLING
th_17200,17200,119791,@AmazonHelp Kindly note i will not received or accept my last order. I have choosen COD but due bad service of Prime i will not accept,17201,@119791 provide your details here:  https://t.co/beaaDm0muc &amp; we'll get this sorted.(2/2)^SF,Thu Nov 02 08:34:40 +0000 2017,True,INFORMATIVE_RESOLUTION,PRIME_MEMBERSHIP_BILLING
th_17203,17203,119791,@AmazonHelp I dont want to change my order but will not accept. Order # 403-3917499-2913904,17204,@119791 to you. Please don’t provide your details as we consider them to be personal information. Our Twitter page is public. 2/2 ^SH,Thu Nov 02 08:59:53 +0000 2017,True,INFORMATIVE_RESOLUTION,ORDER_TRACKING_DELAY
th_17207,17207,119791,@AmazonHelp When i was not a member everything was under gaurantied delivery and once i paid for membership facility is limited,17206,@119791 We will consider this as feedback and ensure to pass it on internally for improvements. ^RW,Tue Oct 31 06:11:39 +0000 2017,True,INFORMATIVE_RESOLUTION,PRIME_MEMBERSHIP_BILLING
th_17212,17212,119791,"@AmazonHelp No use of prime membership, return my money",17211,"@119791 Could you please confirm, if we've missed the estimated delivery date? ^AG",Tue Oct 31 05:18:37 +0000 2017,True,INFORMATIVE_RESOLUTION,PRIME_MEMBERSHIP_BILLING
th_17214,17214,119791,@AmazonHelp Pathetic reply by your caller,17213,@119791 Did we happen to miss the estimated delivery date? ^AG,Tue Oct 31 04:53:16 +0000 2017,True,INFORMATIVE_RESOLUTION,OTHER_GENERAL
th_17220,17220,119793,@AmazonHelp None of your links are taking me to a solution. Been after this since 3 days. Most pathetic service ever. You guys shall call me ASAP! (1/2),17223,@119793 Please add an email address to your account and then continue to fill the form. Appreciate your patience. ^RW,Wed Nov 01 06:51:15 +0000 2017,True,INFORMATIVE_RESOLUTION,OTHER_GENERAL
th_17221,17221,119793,@AmazonHelp This form also has a tab which asks for the email address associated with my Amazon account but there is NONE. How do I fill in that? Urghh,17219,@119793 select 'More order issues' &gt; choose from chat/phone/email we'll be glad to help. (3/3) ^KA,Wed Nov 01 03:51:07 +0000 2017,True,INFORMATIVE_RESOLUTION,OTHER_GENERAL
th_17227,17227,119793,"@AmazonHelp This is very irritating. When I request a call, each time on the call it says, you don't have any order. For more info visit website. Poor!",17226,@119793 I apologize for this. Request you to share the details using this link: https://t.co/cQVomR1pWz and we'll look into it. ^SK,Tue Oct 31 13:26:13 +0000 2017,True,INFORMATIVE_RESOLUTION,ORDER_TRACKING_DELAY
th_17229,17229,119793,"@AmazonHelp I am unable to drop you a mail through this link as there's no email id associated with this account, it's a mobile account. Facing trouble.",17228,@119793 Please log into your account using your mobile number and request a call back from us. We'll reach out to you and help. ^HK,Tue Oct 31 07:31:26 +0000 2017,True,INFORMATIVE_RESOLUTION,OTHER_GENERAL
th_17233,17233,119794,@AmazonHelp I have replied to the mail also check it and provide some useful reply,17235,@119794 Thank you for confirming. You should hear an update from us soon. Keep an eye on your mailbox. ^MP,Wed Nov 01 15:16:33 +0000 2017,True,INFORMATIVE_RESOLUTION,OTHER_GENERAL
th_17234,17234,119794,Going to take this in the consumer court...total fraud from amazon @AmazonHelp i will sue you guys for this ... https://t.co/R8hCqnIS4i,17232,"@119794 We're unable to verify any detail over Twitter, Anjana. Please respond to our email so we could take it from there. ^JC",Wed Nov 01 03:55:49 +0000 2017,True,INFORMATIVE_RESOLUTION,ESCALATION_HIGH_RISK
th_17242,17242,119796,@AmazonHelp I have shared the details I need immediate solution for this I have to give order today,17243,@119796 Thanks. We'll check and revert at the earliest. ^HK,Wed Nov 01 04:44:28 +0000 2017,True,INFORMATIVE_RESOLUTION,ORDER_TRACKING_DELAY
th_17244,17244,119796,@AmazonHelp Still I didn't received any update from your end. I have to book order today,17245,@119796 You must have received a response here: https://t.co/cx0UNsZXpj. Please let us know if you do not see the email here. ^KS,Wed Nov 01 12:46:41 +0000 2017,True,INFORMATIVE_RESOLUTION,ORDER_TRACKING_DELAY
th_17246,17246,119796,@AmazonHelp Afternoon only I have replied. I have screenshot also. Till now I didn't received any update. After doing regular follow-up also no action,17247,@119796 I'm sorry for the stretch. We're working on this and we'll reach out to you soon with an update. Appreciate your cooperation. ^KH,Wed Nov 01 13:14:04 +0000 2017,True,INFORMATIVE_RESOLUTION,OTHER_GENERAL
th_17248,17248,119796,@AmazonHelp Till now also I don't received any update from your end,17249,@119796 and proceed as per the suggestion. ^SG(2/2),Thu Nov 02 18:04:44 +0000 2017,True,INFORMATIVE_RESOLUTION,OTHER_GENERAL
th_17251,17251,119796,@AmazonHelp This is my account only. How you can say this is duplicate account.,17252,"@119796 Twitter being a social platform, we wouldn't be able to check the account info here. Kindly reply to the email sent by us. ^PR",Fri Nov 03 13:17:12 +0000 2017,True,INFORMATIVE_RESOLUTION,OTHER_GENERAL
th_17240,17240,119796,@AmazonHelp I unable to add money to my Amazon wallet. I called customer service but no action since one month,17238,@119796 I'm sorry for the trouble. Could you tell us more about the issue you're facing while adding amount to your pay balance? ^GK,Wed Nov 01 04:01:36 +0000 2017,True,INFORMATIVE_RESOLUTION,OTHER_GENERAL
th_17256,17256,119798,@AmazonHelp wht explanation would you like 2 gv now as mor order got cancelled n products r returned back after waiting 4 mor thn two weeks?,17255,@119798 I'm sorry about that. Could you confirm sharing your details in the link shared earlier? ^GK,Wed Nov 01 03:52:18 +0000 2017,True,INFORMATIVE_RESOLUTION,REFUND_RETURN_INQUIRY
th_17258,17258,119798,@AmazonHelp whts benefit? chatted wth 1 of ur executive. aprt fr4 Sorry n Apology he has nothing 2 offer. if u cn do something better thn reply or leave,17257,"@119798 I get you're upset. However, we'd like to get this sorted out, please share the details and we'll reach out to you. ^MS",Fri Oct 20 11:46:06 +0000 2017,True,INFORMATIVE_RESOLUTION,OTHER_GENERAL
th_17265,17265,119799,@AmazonHelp I have a samsung and roku tvs. On both models I have trouble watching. The roku the most. The samsung is better but I've experienced buffer,17267,@119799 I'm sorry to hear this. Please try these tips and let us know if it improves: https://t.co/PnaAaBPiBh ^BH,Wed Nov 01 04:25:35 +0000 2017,True,INFORMATIVE_RESOLUTION,OTHER_GENERAL
th_17637,17637,119902,@AmazonHelp The pick up has been arranged 5 times now and cancelled at the last moment without citing any reason!,17636,@119902 I'd like to take a closer look into it. Please fill in this form: https://t.co/GIJyeYqKE0 and I'll revert shortly. ^AB,Wed Nov 01 04:51:47 +0000 2017,True,INFORMATIVE_RESOLUTION,OTHER_GENERAL
th_17639,17639,119902,@AmazonHelp It is a doorstep pick up but I need to bear the charges for the courier while I am struggling to get a refund for the already paid order,17638,@119902 Was a pick up arranged on your order or were you asked to self-return it? Please tell us more. ^HK,Wed Nov 01 04:41:59 +0000 2017,True,INFORMATIVE_RESOLUTION,REFUND_RETURN_INQUIRY
th_17644,17644,119903,@AmazonHelp Did you guys do anything?,17643,"@119903 (2/2) For account security reasons, we recommend that you delete any account sensitive information from Twitter. Thank you. ^SE",Wed Nov 01 04:09:40 +0000 2017,True,INFORMATIVE_RESOLUTION,OTHER_GENERAL
th_17648,17648,119903,"@AmazonHelp @7108 Found error on website, one click on $4.85 makes it $285 on card select screen https://t.co/zrzUwV6Cl1",17646,"@119903 to the payment page that you have in your 2nd screenshot? We want to help in the best way possible, so pls let us know! ^KN 2/2",Tue Oct 31 13:54:53 +0000 2017,True,INFORMATIVE_RESOLUTION,OTHER_GENERAL
th_17655,17655,119904,@AmazonHelp I need a solution why u r not helping consumers on self return things. M not bought product to self return. Why Amazon allows such seller,17657,@119904 to our team internally to work on it. 2/2 ^SB,Wed Nov 01 05:01:57 +0000 2017,True,INFORMATIVE_RESOLUTION,REFUND_RETURN_INQUIRY
th_17659,17659,119904,@AmazonHelp Also concern how I get my shipping charges back once self return product?,17660,@119904 Please connect with us using this link here: https://t.co/00q4Sqj9zL for further assistance. ^KA,Wed Nov 01 05:45:53 +0000 2017,True,INFORMATIVE_RESOLUTION,REFUND_RETURN_INQUIRY
th_17656,17656,119904,@AmazonHelp @115850 I have bought a product and now it's size is not matching I want to return it and also requested return process.,17651,@119904 You may refer here: https://t.co/M27c4qF86m for details on refund for return shipping charges. Hope this helps! 3/3 ^AB,Wed Nov 01 04:45:08 +0000 2017,True,INFORMATIVE_RESOLUTION,REFUND_RETURN_INQUIRY
th_17676,17676,119907,"@AmazonHelp Being #harrassed by the delivery guys for days, reached out to customer service multiple times but hardly any resolution !",17681,"@119907 Please don't provide your order details, we consider it to be personal information. Our page is visible to the public. ^KA",Wed Nov 01 04:53:03 +0000 2017,True,INFORMATIVE_RESOLUTION,ORDER_TRACKING_DELAY
th_17682,17682,119907,"@AmazonHelp Oh you are so considerate, then why can't you treat the orders you take with same consideration, #Awful customer service",17683,@119907 We'd like to help with that. Kindly drop in your details using the link provided above and we'll reach out to you. ^AB,Wed Nov 01 05:15:25 +0000 2017,True,INFORMATIVE_RESOLUTION,OTHER_GENERAL
th_17678,17678,119907,@AmazonHelp  where does a customer goes to share his/her concerns about the fullfillment centre,17673,@119907 Could you please elaborate your concern about the fulfillment center so that I can assist you accordingly?^SF,Wed Nov 01 04:18:24 +0000 2017,True,INFORMATIVE_RESOLUTION,OTHER_GENERAL
th_17889,17889,119969,@AmazonHelp Yes. Once from the original date,17891,@119969 What is the current delivery date? Has this passed? ^CL,Wed Nov 01 05:50:51 +0000 2017,True,INFORMATIVE_RESOLUTION,OTHER_GENERAL
th_17892,17892,119969,"@AmazonHelp It was expected 10/30-10/31 so yes, it has passed.",17893,@119969 Please contact us: https://t.co/hApLpMlfHN so an agent can look into this for you. ^JJ,Wed Nov 01 05:56:58 +0000 2017,True,INFORMATIVE_RESOLUTION,OTHER_GENERAL
th_17890,17890,119969,@AmazonHelp It was updated to 10/30 later but that was also wrong,17888,@119969 Has the delivery date been updated on your tracking status? You can find that here:  https://t.co/Y5jpI9gRhE ^BT,Wed Nov 01 04:48:37 +0000 2017,True,INFORMATIVE_RESOLUTION,OTHER_GENERAL
th_17899,17899,119628,@AmazonHelp I have called already and spoken to the rep. This keeps repeating. Fire your courier managers in my locality,17901,@119628 Please fill in your details using the link: https://t.co/JzRdscmdH9 and I'll get in touch with you soon. ^AK (2/2),Wed Nov 01 05:15:56 +0000 2017,True,INFORMATIVE_RESOLUTION,ORDER_TRACKING_DELAY
th_17903,17903,119628,"@AmazonHelp Got it just now about 4 hours after it was supposedly delivered. As I said, unpredictable and non-trustworthy delivery process",17904,@119628 Thanks for keeping us posted. I'll be sure to share your comments on this as feedback with the team internally. ^AB,Wed Nov 01 07:13:03 +0000 2017,True,INFORMATIVE_RESOLUTION,ORDER_TRACKING_DELAY
th_17908,17908,119970,"Two DOA orders. First hard drive came bouncing in a giant box, second one crushed in a padded envelope... sigh. Refund on way. @AmazonHelp https://t.co/4bRVrNlrBy",17906,@119970 Please help us to improve by providing your packaging feedback here: https://t.co/9eu9vrS5HB ^SY,Wed Nov 01 03:50:21 +0000 2017,True,INFORMATIVE_RESOLUTION,REFUND_RETURN_INQUIRY
th_17918,17918,119974,@AmazonHelp Please elaborate. If the charges are of prime subscription on https://t.co/PDFhxlk2Fc then why was i charged 499 in the first place??,17919,@119974 We'd like to have a look into the same; hence the request. Kindly reach out to our support team for further assistance. ^AB,Wed Nov 01 05:06:23 +0000 2017,True,INFORMATIVE_RESOLUTION,PRIME_MEMBERSHIP_BILLING
th_18119,18119,120030,@AmazonHelp I have filled the form but I don't expect anything concrete to happen besides paying lip-service. No one comes back to say why this happens,18121,"@120030 Thank you for confirming, we are looking into it and will get back to you soon with an update. ^SI",Wed Nov 01 05:37:57 +0000 2017,True,INFORMATIVE_RESOLUTION,OTHER_GENERAL
th_18122,18122,120030,"@AmazonHelp With @115850 Wonders will never cease! Now, with respect to my 'DELIVERED' item, i have received the following sms: ...1/n",18126,"@120030 Please don't provide your order details, we consider it to be personal information. Our page is visible to the public.2/2^SY",Wed Nov 01 07:59:01 +0000 2017,True,INFORMATIVE_RESOLUTION,ORDER_TRACKING_DELAY
th_18128,18128,120030,"@AmazonHelp 24 to 48 hours 2resolve.But WTH! First,Amazon says 'Delivered' then,says 'Item could not be delivered,as there was no one 2accept delivery'",18129,@120030 received your revert and we'll reach out to you soon. (2/2) ^GK,Wed Nov 01 08:43:37 +0000 2017,True,INFORMATIVE_RESOLUTION,ORDER_TRACKING_DELAY
th_18120,18120,120030,I'm facing more bullshitting by @115850 Another package of mine is shown 'delivered' yesterday @AmazonHelp Somethings wrong at amazon...,18118,@120030 Apologies for the mix-up.I’d like to help you; please fill this form: https://t.co/beaaDm0muc and I’ll contact you soon.^SC,Wed Nov 01 05:12:52 +0000 2017,True,INFORMATIVE_RESOLUTION,ORDER_TRACKING_DELAY
th_18134,18134,120031,"@AmazonHelp HEY, I have 30 packages that need to be refunded on nov 5th which is the estimated shipping time. fake tracking. never shipped.",18133,@120031 Are the packages sold/fulfilled by Amazon or a third-party seller? That info can be found here: https://t.co/Y5jpI9gRhE ^SH,Wed Nov 01 05:19:14 +0000 2017,True,INFORMATIVE_RESOLUTION,ORDER_TRACKING_DELAY
th_18136,18136,120032,@AmazonHelp What is the response. I am yet to get a call from customer care,18138,@120032 Please respond to our email or request a call back through the same mail so we could reach out to you. ^JC,Wed Nov 01 05:37:52 +0000 2017,True,INFORMATIVE_RESOLUTION,OTHER_GENERAL
th_18139,18139,120032,"@AmazonHelp Have already shared my registered mobile no. 9673101122, but I m currently contactable on 9818601122",18141,"@120032 Please don't provide your order details, we consider it to be personal info. Our page is visible to the public.  2/2^VH",Wed Nov 01 06:11:05 +0000 2017,True,INFORMATIVE_RESOLUTION,OTHER_GENERAL
th_18143,18143,120032,@AmazonHelp If nothing happens then I will put on FB also,18144,@120032 here: https://t.co/beaaDm0muc and we'll reach out to you. (2/2) ^GK,Wed Nov 01 06:21:19 +0000 2017,True,INFORMATIVE_RESOLUTION,OTHER_GENERAL
th_18146,18146,120032,@AmazonHelp Have shared the details in the above linked which was shared by u. Need early resolution from u.,18147,"@120032 Thanks for sharing, Kamlesh. We'll check and get back to you at the earliest.^AR",Wed Nov 01 09:21:53 +0000 2017,True,INFORMATIVE_RESOLUTION,OTHER_GENERAL
th_18149,18149,120034,"@AmazonHelp Called USPS for delivery info. Estimated hold time for the next representative is FIFTY MINUTES. As YOUR customer, I shouldn't be doing this",18151,@120034 We're able to contact the carrier on your behalf using the link ^LH provided above. ^KP,Wed Nov 01 20:26:33 +0000 2017,True,INFORMATIVE_RESOLUTION,ORDER_TRACKING_DELAY
th_18152,18152,120034,"@AmazonHelp Yes, I've sent an email through your link.",18153,"@120034 When did you contact us? If you've received a reply, what insight were we able to provide? ^AR",Wed Nov 01 20:45:29 +0000 2017,True,INFORMATIVE_RESOLUTION,OTHER_GENERAL
th_18150,18150,120034,@AmazonHelp I gave it another day and still not delivered. 😡,18148,"@120034 I'm so sorry for the trouble. If you have a moment, please contact us by phone or chat here: https://t.co/hApLpMlfHN. ^LH",Wed Nov 01 04:21:26 +0000 2017,True,INFORMATIVE_RESOLUTION,ORDER_TRACKING_DELAY
th_18155,18155,120034,"@AmazonHelp No, is USPS even contactable, esp after hours?  I'll wait and see what happens tomorrow. Two delivery mishaps this month - one UPS, one USPS",18154,"@120034 Unfortunately not. However, you can check the carrier website for more detailed tracking information. Please keep us posted. ^SY",Tue Oct 31 00:30:12 +0000 2017,True,INFORMATIVE_RESOLUTION,ORDER_TRACKING_DELAY
th_18157,18157,120034,"@AmazonHelp USPS is the carrier. They are usually here 10 am-12 pm, so I don't know what's going on.",18156,@120034 That's really weird! Have you contacted them to see if they could provide any insight? ^AJ,Tue Oct 31 00:17:05 +0000 2017,True,INFORMATIVE_RESOLUTION,ORDER_TRACKING_DELAY
th_18159,18159,120034,"Really unhappy, @AmazonHelp. I'm sitting here at home all day and I got this text a few minutes ago. https://t.co/w35PxLWI0K",18158,@120034 Hello! I'm really sorry for the frustration. Who was the carrier for the order? You can find that here: https://t.co/Y5jpI9gRhE ^AJ,Tue Oct 31 00:09:04 +0000 2017,True,INFORMATIVE_RESOLUTION,OTHER_GENERAL
th_18162,18162,120035,@AmazonHelp Please helpYour team is not providing support and information properly. They are just ingnoring my request. I need access. https://t.co/VqK97kzHrt,18160,@120035 I'm sure you will soon receive a reply from our Account Specialist team with an update. (2/2) ^SI,Wed Nov 01 05:14:31 +0000 2017,True,INFORMATIVE_RESOLUTION,OTHER_GENERAL
th_18169,18169,120036,"@AmazonHelp Accidentally bought Amazon Prime when I misread it for the free month trial, and I wanted to know if theres any way for a refund",18167,@120036 You can cancel your Prime membership and receive a refund if you haven't used the benefits here: https://t.co/H4QaQR9DYf  ^SE,Wed Nov 01 05:12:17 +0000 2017,True,INFORMATIVE_RESOLUTION,PRIME_MEMBERSHIP_BILLING
th_18131,18131,120030,@115850 @AmazonHelp 'Handed over directly to Customer' when I'd left this place at 6:00 pm &amp; never returned for the night. Trust @115850 to do the impossible,18170,"@120030 I'm sorry, this was never our intention. Did you report this to our customer service team here: https://t.co/vlvfJr4nN9. ^SI",Wed Nov 01 05:14:22 +0000 2017,True,INFORMATIVE_RESOLUTION,REFUND_RETURN_INQUIRY
th_18173,18173,120037,@AmazonHelp Package yet to be received. The delivery boy must’ve signed himself or delivered to someone else. Also if possible send me photo of the sign,18172,@120037 I'm sorry about the conflicting tracking update. Kindly share your details here: https://t.co/beaaDm0muc ^GK,Wed Nov 01 05:13:02 +0000 2017,True,INFORMATIVE_RESOLUTION,ORDER_TRACKING_DELAY
th_18174,18174,120037,@AmazonHelp Your customer service has reverted saying that apparently the package has been delivered and signed by receipt my yesterday. Not true.,18175,@120037 Sorry for the trouble with the delivery. Kindly drop in your details here: https://t.co/2nQ2CFxoWn and we'll work on it.^NS,Wed Nov 01 05:11:17 +0000 2017,True,INFORMATIVE_RESOLUTION,ORDER_TRACKING_DELAY
th_18177,18177,120037,@115850 @AmazonHelp Does you app have a feedback option “product not delivered” ?,18176,@120037 Sorry for the hassle. Please report this to our support team here: https://t.co/vlvfJr4nN9 and we'll check this. ^HN,Tue Oct 31 15:48:59 +0000 2017,True,INFORMATIVE_RESOLUTION,ORDER_TRACKING_DELAY
th_18187,18187,120039,"@AmazonHelp They have promised me that my cashback of INR 1500 will be received by 5th November, hope this doesn't repeat in future. Thanks #AmazonIndia",18189,"@120039 I get your concern, Abhilash. Cash back shall be processed as per the timelines shared with you. Rest assured. ^SV",Wed Nov 01 19:17:55 +0000 2017,True,INFORMATIVE_RESOLUTION,OTHER_GENERAL
th_18190,18190,120039,"@AmazonHelp @115850  @120040Even after your team's promise, I have not received my cashback of INR1500 before deadline given by them.",18191,@120039 Please reply to the email for further assistance on it. 2/2 ^RW,Sun Nov 05 03:55:02 +0000 2017,True,INFORMATIVE_RESOLUTION,OTHER_GENERAL
th_18193,18193,120039,"@AmazonHelp @115850 @120040 Wow this is great, now again i am getting mail that max eligible cashback is INR450. What the heck is wrong with Amazon support. @115850",18194,@120039 Kindly reply to the email that we've sent. We'll check this for you. ^SG,Sun Nov 05 12:42:22 +0000 2017,True,INFORMATIVE_RESOLUTION,OTHER_GENERAL
th_18195,18195,120039,"@AmazonHelp @115850 @120040 I have mailed 3-4 times after that but i am still getting the same standard email, exact same mail",18196,@120039 You can add your insight by writing back to the e-mail sent by our team. We'll reply to the same. ^MP 2/2,Sun Nov 05 13:03:17 +0000 2017,True,INFORMATIVE_RESOLUTION,OTHER_GENERAL
th_18198,18198,120039,@AmazonHelp On 1st Nov your team agreed in mail for cashback of INR1500 and now someone else from your team is saying max INR450. This Is cheating.,18200,@120039 Kindly reply to the email sent by us for further assistance on this issue. ^RI,Sun Nov 05 13:32:25 +0000 2017,True,INFORMATIVE_RESOLUTION,OTHER_GENERAL
th_18188,18188,120039,"@AmazonHelp I have submitted all the required details, please do the necessary else i'll have to go to consumer forum this time :(",18186,@120039 Thanks for sharing your details. We'll get in touch with you soon. ^AK,Wed Nov 01 05:09:25 +0000 2017,True,INFORMATIVE_RESOLUTION,OTHER_GENERAL
th_18202,18202,120039,"@AmazonHelp #AmazonIndia ordered echo plus on 6th October, till now have not recieved any cashback. Now customer care is saying i am eligible for (1/2)",18201,@120039 That's strange. Let me check this out for you. Please drop your details here: https://t.co/rgb8rZzIXD (1/2) ^VM,Wed Nov 01 04:21:27 +0000 2017,True,INFORMATIVE_RESOLUTION,PRODUCT_TECH_SUPPORT
th_18382,18382,120086,@AmazonHelp So this order 407-7402036-7182732Placed on 30th and supposed to reach me on 2nd  NovemberNow is this as per amazon prime delivery std ??,18384,@120086 Our Twitter page is visible to public. 3/3 ^SB,Wed Nov 01 05:50:07 +0000 2017,True,INFORMATIVE_RESOLUTION,PRIME_MEMBERSHIP_BILLING
th_18387,18387,120086,@AmazonHelp I rather not take prime then and use the normal service as I don’t see any diff or advantages,18389,"@120086 For some items, the option of one-day or two-day delivery may not available, in this case (1/2) ^VM",Wed Nov 01 06:03:49 +0000 2017,True,INFORMATIVE_RESOLUTION,PRIME_MEMBERSHIP_BILLING
th_18383,18383,120086,@AmazonHelp Placed the order on 30th October and I am getting it on 2nd November,18381,@120086 Orders placed with us are basically shipped and delivered as per the estimates shared. Kindly let us know if there was a miss. ^AB,Wed Nov 01 05:36:05 +0000 2017,True,INFORMATIVE_RESOLUTION,ORDER_TRACKING_DELAY
th_18410,18410,120092,@AmazonHelp Hahaha. Reported multiple times...even spoke to ur so called customer service.. no help...,18412,@120092 I get your disappointment. I’d like to help you; please fill this form: https://t.co/beaaDm0muc and I’ll contact you soon. ^SC,Wed Nov 01 05:33:20 +0000 2017,True,INFORMATIVE_RESOLUTION,OTHER_GENERAL
th_18413,18413,120092,@AmazonHelp Call me on 9873388201. I have already spent a good part of my day taking to ur useless customer service and chatting. Not going to fill.,18414,@120092 Unless the form is filled we wouldn't be able to offer any further insight in this case. Thanks for understanding. 2/2 ^AB,Wed Nov 01 06:20:05 +0000 2017,True,INFORMATIVE_RESOLUTION,OTHER_GENERAL
th_18677,18677,120166,@AmazonHelp logistics dpt  created ticket 24 hrs ago with no  response as promised😢. Feeling so disappointed word was not kept !  #feeling unimportant,18675,"@120166 Sorry about that! Can you reach us here again, please:   https://t.co/hApLpMlfHN ^CD",Thu Sep 21 11:11:05 +0000 2017,True,INFORMATIVE_RESOLUTION,OTHER_GENERAL
th_18697,18697,120173,@AmazonHelp U kindly refund the amount back .. I have sent back the product and I demand a refund for the same .never had such dissaponments wit amazon,18699,@120173 We've emailed a correspondence to you. Kindly check it here: https://t.co/8DAc10S7ww &amp; reply to it for further assistance.^SF,Thu Nov 02 03:16:48 +0000 2017,True,INFORMATIVE_RESOLUTION,REFUND_RETURN_INQUIRY
th_18700,18700,120173,@AmazonHelp Do not make us helpless and kindly refund my amount ..,18701,@120173 We've already sent a correspondence to your registered email ID. Please check it and reply us with your concerns. ^SC,Sat Nov 04 02:57:36 +0000 2017,True,INFORMATIVE_RESOLUTION,REFUND_RETURN_INQUIRY
th_18702,18702,120173,@AmazonHelp It says wrong product has sent .. refund cannot be given ... u kindly ask ur courier guy n confirm me what was given to him ..,18703,@120173 Kindly reply to the email that we've sent. We'll investigate this further. ^SG,Sat Nov 04 12:58:46 +0000 2017,True,INFORMATIVE_RESOLUTION,REFUND_RETURN_INQUIRY
th_18698,18698,120173,@AmazonHelp Have sent the prouduct back .. and after a month ur complaining that the product sent is wrong .. @AmazonHelp,18696,"@120173 I'm sorry, we never intended this. Please reply to the email here: https://t.co/DTSNmGldJf and we'll get back to you. ^SI",Wed Nov 01 05:38:05 +0000 2017,True,INFORMATIVE_RESOLUTION,OTHER_GENERAL
th_18705,18705,120173,"@115850 @115821 @AmazonHelp Order no 408-9297978-3842763"".Men's Polo (8907036565225_USTS1840_M_Apricot)"".#refund not recd..been 2 weeks",18704,"@120173 Please don't provide your order details, we consider it to be personal information. Our page is visible to public. (2/2)^RI",Mon Oct 30 13:47:14 +0000 2017,True,INFORMATIVE_RESOLUTION,REFUND_RETURN_INQUIRY
th_18708,18708,120174,@AmazonHelp Also when will Amazon prime music be available for Indian users of Alexa?,18710,"@120174 In order to stream music from Amazon Prime Music on the echo devices, the customer has to be an Amazon Prime member. 2/2^AR",Wed Nov 01 05:54:36 +0000 2017,True,INFORMATIVE_RESOLUTION,PRIME_MEMBERSHIP_BILLING
th_18712,18712,120174,@AmazonHelp How do I check if prime music is working on my echo device?,18713,@120174 You can check this on Alexa app. ^SU,Wed Nov 01 16:13:44 +0000 2017,True,INFORMATIVE_RESOLUTION,PRIME_MEMBERSHIP_BILLING
th_18715,18715,120175,@AmazonHelp I am assuming it's by Amazon since I chose Amazon global priority shipping. https://t.co/C9vq5RkuuV this is the link to the product page.,18717,@120175 Please reach out to us by phone here: https://t.co/hApLpMlfHN ^RR,Wed Nov 01 05:52:19 +0000 2017,True,INFORMATIVE_RESOLUTION,OTHER_GENERAL
th_18718,18718,120175,@AmazonHelp I contacted customer support by chat&amp;was told to wait for 72 hrs while investigating.:/ This has happened to others for over a week though,18719,"@120175 Have you heard back about the investigation, yet? Please let us know! ^LB",Thu Nov 02 12:40:36 +0000 2017,True,INFORMATIVE_RESOLUTION,OTHER_GENERAL
th_18722,18722,120176,@AmazonHelp Till now I have noticed it in a couple of episodes of mike and molly and also in 'the middle',18720,@120176 Thanks for bringing this to our notice; we'll check and forward this internally for review. ^VN,Wed Nov 22 14:41:53 +0000 2017,True,INFORMATIVE_RESOLUTION,OTHER_GENERAL
th_18731,18731,120177,@AmazonHelp The carrier is USPS.,18732,"@120177 Thanks for confirming, Aletta! Please contact us here: https://t.co/233GuUIPkP either by phone or chat so that we can review at the order level. Over social media, we don't have the access needed. We'll be ready to help as soon as you contact. ^TM",Wed Nov 22 15:23:03 +0000 2017,True,INFORMATIVE_RESOLUTION,ORDER_TRACKING_DELAY
th_18897,18897,120225,@AmazonHelp Yes.. not single call got regarding that since Saturday.. I want to return this products and never want to purchase again with amazon,18896,@120225 I'm sorry about the hassle. Please drop in your details here: https://t.co/GIJyeYqKE0 We'll look into it. ^SB,Wed Nov 01 06:08:47 +0000 2017,True,INFORMATIVE_RESOLUTION,REFUND_RETURN_INQUIRY
th_18899,18899,120225,@AmazonHelp Yes.. we got after 1 week from estimated date and still waiting for installation,18898,@120225 I'm sorry about the installation issues. Have you reported this to our team here: https://t.co/T6y6Xlutbs? ^VN,Sun Oct 29 14:45:39 +0000 2017,True,INFORMATIVE_RESOLUTION,OTHER_GENERAL
th_18908,18908,120227,@AmazonHelp In the last four days U people are not able to arrange the pick up??? Is there any time limit for this to solve the issue???,18910,"@120227 We've sent you a correspondence, kindly respond to that for further assistance. ^MN",Thu Nov 02 15:55:51 +0000 2017,True,INFORMATIVE_RESOLUTION,OTHER_GENERAL
th_18911,18911,120227,@AmazonHelp Where you send correspondence ?? I did not get any correspondence.,18912,"@120227 It has been sent to your registered email address, please check and revert. ^HN",Thu Nov 02 16:29:32 +0000 2017,True,INFORMATIVE_RESOLUTION,OTHER_GENERAL
th_18913,18913,120227,@AmazonHelp I did not get any kindly resend.,18914,@120227 please share your details here: https://t.co/GIJyeYqKE0 and we'll check this for you. 2/2^HN,Thu Nov 02 16:46:48 +0000 2017,True,INFORMATIVE_RESOLUTION,OTHER_GENERAL
th_18916,18916,120227,@AmazonHelp @115850 @AmazonHelp @115821 . In the last 5 working days u ppl  not able to arrange pick up.I m waiting for return since 30 days.,18917,@120227 Sorry about that! Could you kindly confirm if you have filled in the details with the link provided earlier? ^PB,Fri Nov 03 09:51:51 +0000 2017,True,INFORMATIVE_RESOLUTION,REFUND_RETURN_INQUIRY
th_18925,18925,120227,@AmazonHelp Now which information left to give u???kindly read previous msg.,18926,@120227 here: https://t.co/DTSNmGldJf. Kindly check and reply to our email for assistance. (2/2) ^MO,Sun Nov 05 12:45:50 +0000 2017,True,INFORMATIVE_RESOLUTION,OTHER_GENERAL
th_18929,18929,120227,@AmazonHelp You people always escalated issue and for another 24 hours.kindly do something substantial.still issue is unresolved. such a poor service.,18930,@120227 Our team is currently working on your issue and will be resolved at the earliest. (1/2)^AU,Tue Nov 07 07:46:58 +0000 2017,True,INFORMATIVE_RESOLUTION,OTHER_GENERAL
th_18933,18933,120227,@AmazonHelp When will be the earliest?? 1 more month?,18935,"@120227 I get your disappointment. As informed earlier, we've escalated the issue and will get back to you with an update soon. ^MO",Tue Nov 07 14:24:27 +0000 2017,True,INFORMATIVE_RESOLUTION,OTHER_GENERAL
th_18936,18936,120227,@AmazonHelp When u will be get back with update???,18937,@120227 I get you being upset. As mentioned earlier we will get back to you at the earliest possible. ^JS,Wed Nov 08 15:24:53 +0000 2017,True,INFORMATIVE_RESOLUTION,OTHER_GENERAL
th_18909,18909,120227,@AmazonHelp I would like to know what action taken from your side regarding my issue apart from regret emails??,18907,"@120227 We're working on it, Saurabh. We'll get in touch with you soon. ^JC",Wed Nov 01 05:55:57 +0000 2017,True,INFORMATIVE_RESOLUTION,OTHER_GENERAL
th_18949,18949,120228,@AmazonHelp Yes you missed it completely and made a blunder.Call me on 9140560819 for more understanding,18950,"@120228 Please don't provide your account details, as we consider it to be personal information. Our Twitter page is public.​ ^RW",Wed Nov 01 06:11:02 +0000 2017,True,INFORMATIVE_RESOLUTION,OTHER_GENERAL
th_18952,18952,120228,@AmazonHelp Done this. What about resolution ??,18953,@120228 Thank you for providing the details. We're working on it &amp; we'll get back to you soon with an appropriate resolution. ^SY,Wed Nov 01 07:34:13 +0000 2017,True,INFORMATIVE_RESOLUTION,OTHER_GENERAL
th_18954,18954,120228,@AmazonHelp No resolution is provided yet.Contact number: 9140560819,18955,@120228 Please don't provide your personal information. Our page is visible to the public. 2/2 ^SC,Fri Nov 03 06:07:08 +0000 2017,True,INFORMATIVE_RESOLUTION,OTHER_GENERAL
th_18957,18957,120228,@AmazonHelp I need a proper compensation and full refund of my order. Contact me on 9140560819 for any other detail.,18958,"@120228 Please don't provide your details, we consider it to be personal information. Our page is visible to the public. 2/2^SC",Fri Nov 03 06:29:13 +0000 2017,True,INFORMATIVE_RESOLUTION,REFUND_RETURN_INQUIRY
th_18960,18960,120228,@AmazonHelp I want a proper resolution here...,18961,@120228 Please reply to the email correspondence for a better insight. (2/2) ^SI,Fri Nov 03 06:47:35 +0000 2017,True,INFORMATIVE_RESOLUTION,OTHER_GENERAL
th_18964,18964,120229,@AmazonHelp Then how should I reach you for assistance,18966,"@120229 You have reached out to us by tweeting. As we cannot check your order details here, kindly connect with our support team. ^RW",Wed Nov 01 06:10:16 +0000 2017,True,INFORMATIVE_RESOLUTION,OTHER_GENERAL
th_18971,18971,120231,@AmazonHelp @115833 What is 2nd Generation? I have Amazon Echo from US ? Not the Echo Dot.,18973,@120231 Please connect with us here: https://t.co/vlvfJr4nN9 over phone so we could explain you the difference. ^HK,Wed Nov 01 06:09:44 +0000 2017,True,INFORMATIVE_RESOLUTION,PRODUCT_TECH_SUPPORT
th_18972,18972,120231,"@115833 @AmazonHelp Will echo devices bought from US work in India, as ECHO has already been launched here ?",18970,@120231 The second generation echo will work in India. ^AK,Wed Nov 01 05:49:04 +0000 2017,True,INFORMATIVE_RESOLUTION,PRODUCT_TECH_SUPPORT
th_18975,18975,120232,@AmazonHelp Provided my details hope I will get a resolution,18974,@120232 and reply for further assistance. 2/2 ^SB,Wed Nov 01 05:49:45 +0000 2017,True,INFORMATIVE_RESOLUTION,OTHER_GENERAL
th_18978,18978,120232,@AmazonHelp I have already tried that option so hopeing you could provide better option,18977,@120232 Apologies for the ordeal Bhakti. Please share your details here: https://t.co/GIJyeYqKE0 and I'll get back to you. ^HN,Tue Oct 31 17:41:50 +0000 2017,True,INFORMATIVE_RESOLUTION,OTHER_GENERAL
th_18981,18981,120232,@AmazonHelp And secondly I would like to know if it was out of stock how I was able to place the order,18980,@120232 Allow our support team to look into this. You can connect with us here: https://t.co/R3EfhzgU8B ^CB.,Tue Oct 31 17:29:29 +0000 2017,True,INFORMATIVE_RESOLUTION,ORDER_TRACKING_DELAY
th_19108,19108,120259,"@AmazonHelp Not Amazon customer service, that’s what’s down. Way down.",19110,@120259 Sorry to hear that you feel this way. Please report it to an agent with access to your acc here: https://t.co/hApLpMlfHN.^JJ,Wed Nov 01 06:49:39 +0000 2017,True,INFORMATIVE_RESOLUTION,OTHER_GENERAL
th_19112,19112,120260,@AmazonHelp This contest commences from today.There was a similar contest whose last date was 31st oct 2017.,19115,"@120260 Winners of the app jackpot will be announced on November 3, 2017. You can find the list here: https://t.co/Bkgo9lesh7 ^SH",Wed Nov 01 06:30:49 +0000 2017,True,INFORMATIVE_RESOLUTION,OTHER_GENERAL
th_19117,19117,120261,@AmazonHelp i know but i call all courier serviece they people cant home pick up so please arrange from your hand.,19119,@120261 Kindly revert to our email correspondence with further query on this and we'll be happy to take it over from there. ^AB,Wed Nov 01 07:02:40 +0000 2017,True,INFORMATIVE_RESOLUTION,ORDER_TRACKING_DELAY
th_19118,19118,120261,@AmazonHelp can u ready for return pick up i receive damage product,19116,"@120261 You must have received a correspondence from our team, request you to check the same. ^SH",Wed Nov 01 06:11:23 +0000 2017,True,INFORMATIVE_RESOLUTION,REFUND_RETURN_INQUIRY
th_19123,19123,120261,@AmazonHelp I allready replied. I clearly say that please pick up from your hand.,19122,@120261 Thank you for confirming that you've responded to our email. We'll definitely get back. Request you to wait till then. ^SK,Tue Oct 31 13:50:12 +0000 2017,True,INFORMATIVE_RESOLUTION,OTHER_GENERAL
th_19125,19125,120261,@AmazonHelp I already call your linked courier service they all not ready for home pick up and some courier service cha rges is very high,19124,"@120261 As informed earlier, request you to respond to the email you've received from our team for further assistance. ^SU",Tue Oct 31 13:34:51 +0000 2017,True,INFORMATIVE_RESOLUTION,ORDER_TRACKING_DELAY
th_19127,19127,120261,@AmazonHelp U people allready reply me and now say we cant access?,19126,"@120261 If you have received an email from our team, I request you to please reply to it with your query and ^MP 1/2",Tue Oct 31 13:23:18 +0000 2017,True,INFORMATIVE_RESOLUTION,OTHER_GENERAL
th_19132,19132,120261,@AmazonHelp Its not my issue for return pick up. U people not mention any where before purchase product otherwise i think about purchase this order.,19131,"@120261 I understand that you're upset, Dharmesh. Could you confirm, submitting your details using the link shared earlier? ^MP",Tue Oct 31 11:09:01 +0000 2017,True,INFORMATIVE_RESOLUTION,REFUND_RETURN_INQUIRY
th_19190,19190,120262,@AmazonHelp I’ve had one saying it will be late but no reason why,19192,@120262 Sorry to hear that. We'll be happy to look into that for you. Please reach out to us here: https://t.co/JzP7hlA23B ^RS,Wed Nov 01 07:23:34 +0000 2017,True,INFORMATIVE_RESOLUTION,ORDER_TRACKING_DELAY
th_19191,19191,120262,@AmazonHelp is my parcel lost in transit I’ve never experienced a delay with delivery from you!! https://t.co/DJ4tGuR94P,19189,"@120262 Hi, sorry to hear that, delays happen for unforeseen reasons, were you emailed with a reason for the delay?^AS",Wed Nov 01 06:01:43 +0000 2017,True,INFORMATIVE_RESOLUTION,ORDER_TRACKING_DELAY
th_19201,19201,120264,@AmazonHelp no email received...wic email you sent it on,19202,@120264 Kindly check the mailbox of you registered email id. You'll find an email correspondence from us. ^ZH,Wed Nov 01 06:40:56 +0000 2017,True,INFORMATIVE_RESOLUTION,OTHER_GENERAL
th_19205,19205,120264,@AmazonHelp pl do...i am already fed up with the service...considering returning the order.,19204,@120264 I can understand it would be worrisome. Please be assured we'll contact you at the earliest. ^SC,Fri Oct 27 06:46:19 +0000 2017,True,INFORMATIVE_RESOLUTION,REFUND_RETURN_INQUIRY
th_19427,19427,120315,@AmazonHelp No use from your link or Amazon app support call or chat. Please see the order details.just telling us to wait.Not updating the status also. https://t.co/Uwp0eOu6Ia,19429,"@120315 Please don't provide your order details, we consider it personal information. Our Twitter page is visible to public. (2/2) ^ZH",Wed Nov 01 06:46:44 +0000 2017,True,INFORMATIVE_RESOLUTION,ORDER_TRACKING_DELAY
th_19431,19431,120315,@AmazonHelp Anyway you are redirecting the above link to your customer support..What is the use of it?? Same reply from them...,19432,"@120315 Filling in your details wouldn't lead you to our support team, Uday. Please do the same, we'll reach out to you personally. ^JC",Wed Nov 01 09:25:14 +0000 2017,True,INFORMATIVE_RESOLUTION,OTHER_GENERAL
th_19434,19434,120316,@AmazonHelp Daily same msg coming but do not delivered,19436,@120316 we have missed on the estimated delivery date? 2/2 ^SB,Wed Nov 01 06:44:04 +0000 2017,True,INFORMATIVE_RESOLUTION,ORDER_TRACKING_DELAY
th_19435,19435,120316,"@AmazonHelp Arriving Today: Your package with Dell KM117 Wireless Keyboard Mouse is out for delivery.Amt: Rs.1,399. https://t.co/JuXkvDFU1Q",19433,"@120316 When the product is out for delivery, it will be delivered before 8 pm. Kindly wait until then. Do keep us posted. ^AK",Wed Nov 01 06:31:11 +0000 2017,True,INFORMATIVE_RESOLUTION,ORDER_TRACKING_DELAY
th_19461,19461,120322,@AmazonHelp I did it already~,19463,"@120322 W/o posting personal info, what is the issue with the orders? What was advised when you contacted? ^PK",Wed Nov 01 07:00:27 +0000 2017,True,INFORMATIVE_RESOLUTION,OTHER_GENERAL
th_19464,19464,120322,"@AmazonHelp Scam, just scam, sellers don't send out my products~ 6 orders. so bad~",19465,@120322 I'm sorry to hear that. What were you advised when you contacted us by phone/chat? ^DC,Wed Nov 01 07:36:24 +0000 2017,True,INFORMATIVE_RESOLUTION,OTHER_GENERAL
th_19471,19471,120322,@AmazonHelp I can't find File/View Claim.,19472,@120322 Hi please contact us here: https://t.co/R55eEQwSEs and a specialist will look into it for you. ^AS,Wed Nov 01 06:59:49 +0000 2017,True,INFORMATIVE_RESOLUTION,OTHER_GENERAL
th_19469,19469,120322,"@AmazonHelp I was scammed. 6 orders, all sellers are gone and nothing send to me, how could I do now? how to stop my prime membership?",19467,"@120322 sorry to hear that, from what Amazon marketplace were you shopping from? .com, .co.uk, .es etc? ^AS",Wed Nov 01 06:28:33 +0000 2017,True,INFORMATIVE_RESOLUTION,PRIME_MEMBERSHIP_BILLING
th_19475,19475,120323,@AmazonHelp HorrbleService👿Booked #Redmi4 on 16.10.17.  Neither phn recd nor refnd. complnt alrdy made.  No response at all. Fed up wd amzon,19474,@120323 I'm sorry for the trouble with your order. Have you reached out to our support team from here: https://t.co/2t6DQoUmNZ? ^RW,Wed Nov 01 06:24:08 +0000 2017,True,INFORMATIVE_RESOLUTION,OTHER_GENERAL
th_19479,19479,120324,@AmazonHelp I wuld lyk 2 knw jus 1 simpl&amp; straight answer. Hw mny times u ppl wl ask d same qstn again&amp;again.Coz m juss sick of answring over&amp;over again,19480,@120324 We don't have access to your account over Twitter. Please share your details in the link and we'll be sure to help you. ^ZH,Wed Nov 01 06:44:08 +0000 2017,True,INFORMATIVE_RESOLUTION,OTHER_GENERAL
th_19481,19481,120324,@AmazonHelp sent twice. Ask me if something else you need.,19482,@120324 I appreciate your understanding in this regard. We've received your details and we'll get back to you at the earliest. ^SC,Wed Nov 01 07:08:15 +0000 2017,True,INFORMATIVE_RESOLUTION,OTHER_GENERAL
th_19484,19484,120325,@AmazonHelp I have reported the same..Hoping for a genuine product in perfect condition to be delivered now.,19486,"@120325 In that case, please fill out this form: https://t.co/GIJyeYqKE0 and we'll look into this for you. ^AM",Wed Nov 01 10:01:08 +0000 2017,True,INFORMATIVE_RESOLUTION,ORDER_TRACKING_DELAY
th_20029,20029,120403,@AmazonHelp Update was sent at 930 pm. Ggs,20030,@120403 Please reach out to us directly here: https://t.co/hApLpMlfHN and we can look into this further. ^PK,Wed Nov 01 07:00:38 +0000 2017,True,INFORMATIVE_RESOLUTION,OTHER_GENERAL
th_20034,20034,120404,@AmazonHelp how do i delete my old credit cards from the list,20035,"@120404 You can update your payment methods by visiting the Payment section in Your Account page. For more information, (1/2) ^KA",Wed Nov 01 06:36:29 +0000 2017,True,INFORMATIVE_RESOLUTION,OTHER_GENERAL
th_20041,20041,120322,"@AmazonHelp how to stop my prime membership, since i was scammed and you do nothing to me, i need to cancel my membership.",20040,@120322 Which Amazon website did this happen on? ^KM,Wed Nov 01 06:44:35 +0000 2017,True,INFORMATIVE_RESOLUTION,PRIME_MEMBERSHIP_BILLING
th_20051,20051,120407,@AmazonHelp Amazon has encountered an error. Please try again shortly. This message appears every time I attempt to change my default list for days now.,20053,@120407 My apologies Christopher. Have you tried from a non mobile device? ^DC,Wed Nov 01 06:58:33 +0000 2017,True,INFORMATIVE_RESOLUTION,OTHER_GENERAL
th_20052,20052,120407,@AmazonHelp cannot change default wishlist in any app or browser regardless of mobile device. log out/in does not fix. Error message. Advise,20050,@120407 Sorry to hear that. What error message are you getting? ^RS,Wed Nov 01 06:36:44 +0000 2017,True,INFORMATIVE_RESOLUTION,PRODUCT_TECH_SUPPORT
th_20423,20423,120463,@AmazonHelp are brighton tickets available today for the morrissey presale? they aren’t on the website and i got worried,20422,@120463 Pls reach out here so we can check this for you https://t.co/lnp3A1Qpxe ^KM,Wed Nov 01 06:50:18 +0000 2017,True,INFORMATIVE_RESOLUTION,OTHER_GENERAL
th_20431,20431,120466,@AmazonHelp When will Madam Secretary S4 will be available on Amazon Prime Video India?,20430,"@120466 Currently, we do not have an update on this. Please stay tuned. ^HK",Wed Nov 01 06:36:42 +0000 2017,True,INFORMATIVE_RESOLUTION,PRIME_MEMBERSHIP_BILLING
th_20433,20433,120467,@AmazonHelp That I do daily. Can't the request be prioritized?,20435,"@120467 As informed earlier, we will forward your request. However, I request you to wait for it. (2/2)^HR",Wed Nov 01 07:20:30 +0000 2017,True,INFORMATIVE_RESOLUTION,OTHER_GENERAL
th_20438,20438,120468,@AmazonHelp The item doesn't do what I need it to do.,20440,@120468 Please reach out to us directly here: https://t.co/hApLpMlfHN and we can help arrange a return for you. ^PK,Wed Nov 01 07:16:44 +0000 2017,True,INFORMATIVE_RESOLUTION,OTHER_GENERAL
th_20446,20446,120469,@AmazonHelp No option of call with customer care,20448,"@120469 If you're unable to arrange a call back, kindly contact our support team using the chat/email option and we'll help you. ^ZH",Thu Nov 02 04:45:37 +0000 2017,True,INFORMATIVE_RESOLUTION,OTHER_GENERAL
th_20449,20449,120469,@AmazonHelp I am already still awaiting since 12.10.2017 for your solution. But no any satisfied resolution provide from Amazon side.,20450,@120469 Apologies for the ordeal Kaushal. Please share your details here: https://t.co/GIJyeYqKE0 and I'll get back to you. ^HN,Thu Nov 02 12:09:04 +0000 2017,True,INFORMATIVE_RESOLUTION,OTHER_GENERAL
th_20452,20452,120469,@AmazonHelp How many time I send detail.??,20454,@120469 Sorry for the confusion. Please reply to the email sent by our team earlier &amp; we'll update you on this. ^RS,Thu Nov 02 12:29:35 +0000 2017,True,INFORMATIVE_RESOLUTION,OTHER_GENERAL
th_20443,20443,120469,@AmazonHelp How many more long time I will wait for solution...?? I am not able to call contact with Amazon care,20441,@120469 You may request an immediate call back from us here: https://t.co/vlvfJr4nN9. Do you see any error? ^HK,Wed Nov 01 06:32:31 +0000 2017,True,INFORMATIVE_RESOLUTION,OTHER_GENERAL
th_20461,20461,120469,@AmazonHelp No any solution provide from your side and I am unable to contact with Amazon care because our call is blocked by Amazon..,20459,@120469 Could you please confirm if you have replied to the email sent by us. ^VH,Sat Oct 28 05:41:19 +0000 2017,True,INFORMATIVE_RESOLUTION,OTHER_GENERAL
th_20463,20463,120469,@AmazonHelp Since how much time I waitFor your action...??,20462,"@120469 Sorry about the stretch, Kaushal. Please reply to the email sent to you. Once we receive your reply, we'll check &amp; assist.^SV",Fri Oct 27 17:19:01 +0000 2017,True,INFORMATIVE_RESOLUTION,OTHER_GENERAL
th_20471,20471,119355,@AmazonHelp You talked about the Gati courier about our order,20472,@119355 May I please know if you have filled your details through the link provided earlier? ^SH,Thu Nov 02 10:02:48 +0000 2017,True,INFORMATIVE_RESOLUTION,ORDER_TRACKING_DELAY
th_20481,20481,120463,@AmazonHelp i have :),20483,"@120463 ok, and were you given some information? ^AS",Wed Nov 01 07:11:51 +0000 2017,True,INFORMATIVE_RESOLUTION,OTHER_GENERAL
th_20485,20485,120475,@AmazonHelp I already talked to your customer care. They are saying kindle prime reading is only available for US residents. I am asking why?,20487,@120475 I have forwarded your comment as a feedback internally for a review. Appreciate your understanding. (3/3) ^SI,Wed Nov 01 07:05:45 +0000 2017,True,INFORMATIVE_RESOLUTION,PRIME_MEMBERSHIP_BILLING
th_20486,20486,120475,@AmazonHelp Why Amazon.in prime members are not allowed to access kindle prime reading section? @117634 @115850 @115821,20484,@120475 Please connect with us here: https://t.co/vlvfJr4nN9 and we'll help you with this. ^HK,Wed Nov 01 06:32:20 +0000 2017,True,INFORMATIVE_RESOLUTION,PRIME_MEMBERSHIP_BILLING
th_20753,20753,120541,@AmazonHelp Well my country is selected as India and my language is English (UK) and when I go to skills I get this: https://t.co/ydfxKirxDn,20755,@120541 Please get in touch with us via https://t.co/TxK11znixD and we'll check this out. ^AM,Wed Nov 01 13:11:53 +0000 2017,True,INFORMATIVE_RESOLUTION,OTHER_GENERAL
th_20760,20760,120542,@AmazonHelp Did not arrive. Please could you confirm which day it is. https://t.co/3NEPf3QAyG,20759,"@120542 You should receive it today or tomorrow according to the tracking information, unfortunately I can't look into it further here ^AS",Wed Nov 01 07:11:27 +0000 2017,True,INFORMATIVE_RESOLUTION,OTHER_GENERAL
th_20762,20762,120542,@AmazonHelp Arriving today. That's all it's said since this morning. My mum is waiting in as is still waiting. Just a rough time frame would be kind,20761,@120542 I understand. Parcels can be delivered up to 21:00. Please let us know if the order does not arrive by that time. ^AL,Tue Oct 31 16:11:10 +0000 2017,True,INFORMATIVE_RESOLUTION,OTHER_GENERAL
th_21014,21014,118505,@AmazonHelp Ur customer care is disconnecting my call by saying that we would not be able to give you any further I sight over this issue.Please explain,21016,@118505 be able to provide any further insight on this. 2/2 ^SH,Wed Nov 01 08:04:15 +0000 2017,True,INFORMATIVE_RESOLUTION,OTHER_GENERAL
th_21015,21015,118505,@AmazonHelp Hey I have filled the form multiple times do I look like a fool to fill again and again. Give a resolution that's it,21013,"@118505 As you have filled the form, you will receive an email here: https://t.co/qrNGs448NG ^RW",Wed Nov 01 07:08:01 +0000 2017,True,INFORMATIVE_RESOLUTION,OTHER_GENERAL
th_21028,21028,120609,"@AmazonHelp Hi? I sent in the email but still no reply 20 hours later. Please help out with this, it's really urgent. THanks",21026,@120609 Hi. I'm sorry to hear that. Have you tried by phone/chat for a swifter response? ^DC,Wed Nov 01 07:31:41 +0000 2017,True,INFORMATIVE_RESOLUTION,OTHER_GENERAL
th_19134,19134,120612,@AmazonHelp @120261 Amazon seller support team is not providing pickup service on time to new seller. We are chasing them from 23rd Oct and lost our 4 orders,21042,@120612 I get your disappointment.Please fill your details in the link provided to you earlier so that we can assist you accordingly.^SC,Wed Nov 01 07:08:47 +0000 2017,True,INFORMATIVE_RESOLUTION,OTHER_GENERAL
th_21051,21051,120613,"@AmazonHelp I did provide details and was promised a call back in 7 hours. Well, 24 has passed. This is ugly customer service.",21052,@120613 Sorry about that. Could you please check if you've received an email in response to the details you shared earlier? ^NR,Thu Nov 02 20:26:49 +0000 2017,True,INFORMATIVE_RESOLUTION,OTHER_GENERAL
th_21053,21053,120613,@AmazonHelp I did recieve an email indicating the package is being returned to the fulfillment centre. What type of nonsense is this?,21054,"@120613 If you've provided the details earlier in the link, you should've received an email from the social media team. ^NR",Thu Nov 02 20:44:17 +0000 2017,True,INFORMATIVE_RESOLUTION,REFUND_RETURN_INQUIRY
th_21055,21055,120613,"@AmazonHelp Ok, so you are now foubting whether i provided details or not. Thank you for your wonderful service. Such wonderful new lows.",21057,"@120613 We'll not be able to access your account over social media, Ananya. Please reply to the email and we'll get back to you. ^HD",Thu Nov 02 20:50:06 +0000 2017,True,INFORMATIVE_RESOLUTION,OTHER_GENERAL
th_21056,21056,120613,@AmazonHelp Maybe when you guys do the marketing gimmicks you should put these stuff up. So I buy something and it doesn't even reach me. Wow!,21058,"@120613 Apologies for the experience, Ananya. We've sent a correspondence to your registered email. Please reply &amp; we'll assist. ^SV",Thu Nov 02 20:51:13 +0000 2017,True,INFORMATIVE_RESOLUTION,OTHER_GENERAL
th_21063,21063,120613,"@AmazonHelp I have not recieved a mail. I cannot reply to a mythical mail, right?",21064,@120613 to locate the email then please resubmit the details in the link provided by ^SH and we'll reach out to you. (2/2) ^KA,Fri Nov 03 02:36:19 +0000 2017,True,INFORMATIVE_RESOLUTION,OTHER_GENERAL
th_21067,21067,120613,@AmazonHelp The problem is with the router that i ordered. Which is dispatched back to your fulfillment centre! Without my permission! Pathetic service!,21068,@120613 Please provide your details here: https://t.co/beaaDm0muc &amp; we'll reach out to you again &amp; assist you with your concern.^SF,Fri Nov 03 03:09:33 +0000 2017,True,INFORMATIVE_RESOLUTION,OTHER_GENERAL
th_21069,21069,120613,"@AmazonHelp This is da third time am providng the details. Sorry, but i donot have the time.If i dont get the product,i wll make sure you guys regret it",21070,@120613 can look into the issue and get back to you. 2/2 ^SH,Fri Nov 03 05:09:22 +0000 2017,True,INFORMATIVE_RESOLUTION,OTHER_GENERAL
th_21072,21072,120613,@AmazonHelp I have sent it again.,21073,@120613 Thank you for sharing the details. We're working on it &amp; we'll get back to you soon with an update. ^SY,Fri Nov 03 05:26:24 +0000 2017,True,INFORMATIVE_RESOLUTION,OTHER_GENERAL
th_21078,21078,120614,"@AmazonHelp And he left it on the doorstep anyway, after creating merry hell",21080,@120614 Please reach out to us directly here: https://t.co/JzP7hlA23B and we can look into this. ^PK,Thu Nov 02 08:11:11 +0000 2017,True,INFORMATIVE_RESOLUTION,OTHER_GENERAL
th_21079,21079,120614,"@AmazonHelp , as @115830 haven’t replied, could you? https://t.co/HZhcbSKhWv",21076,"@120614 Hi, apologies. Carriers should not follow handwritten delivery notes. You can set them on your acc: https://t.co/aLmiGBTlSk. ^JJ",Wed Nov 01 07:28:36 +0000 2017,True,INFORMATIVE_RESOLUTION,OTHER_GENERAL
th_21090,21090,120618,@AmazonHelp  emailing to enquiremorrissey tickets as they go on sale today from 10.00 but No brighton date has come up as it is advertised.,21089,"@120618 Hi, please request a call here: https://t.co/dcJUFiqj5v to look into this. ^JJ",Wed Nov 01 07:23:33 +0000 2017,True,INFORMATIVE_RESOLUTION,OTHER_GENERAL
th_21092,21092,120619,@AmazonHelp Order placed 30/10 with stated prime delivery of 31/10. At 7.30pm informed delayed allow further 2 days! Not 1st time prime has failed!!,21094,"@120619 sorry to hear that, delays can happen sometimes for unforeseen reasons, its not what we want you to experience. ^AS",Wed Nov 01 08:01:08 +0000 2017,True,INFORMATIVE_RESOLUTION,PRIME_MEMBERSHIP_BILLING
th_21093,21093,120619,"Bad service &amp; no reply! Why do Amazon make it so hard to get in touch! Delivery due yesterday as paid for, not in 2 more days! @AmazonHelp https://t.co/dx43TTZIQK",21091,@120619 My apologies Frances. What was the expected delivery date given at the time the order was placed? ^DC,Wed Nov 01 07:19:23 +0000 2017,True,INFORMATIVE_RESOLUTION,ORDER_TRACKING_DELAY
th_21099,21099,120620,@AmazonHelp I have the parcel now but my point is that I’m paying a monthly fee for a service that I’m not getting the benefit of,21101,"@120620 Sorry, did you report the delay to us: https://t.co/JzP7hlA23B? Here's a list of all Prime benefits: https://t.co/1F8zzRxUMC!^JJ",Wed Nov 01 07:45:14 +0000 2017,True,INFORMATIVE_RESOLUTION,PRIME_MEMBERSHIP_BILLING
th_21100,21100,120620,@AmazonHelp I assumed your previous question meant you were going to do something...? https://t.co/Ry03t6eDaK,21098,@120620 I'm afraid we can't access order/account info here. What does the new update indicate? ^DC,Wed Nov 01 07:18:33 +0000 2017,True,INFORMATIVE_RESOLUTION,OTHER_GENERAL
th_21407,21407,120684,@AmazonHelp I received product with torn package with clear damage however small though. Proper care was not taken while delivering. And now if I replace product it will take 5-7 days atleast which I can not afford. I have no option but to keep it and suffer due to bad practise in delivery.,21409,"@120684 Sorry to know you received a damaged product, we certainly did not expect this to happen. 1/2 ^PS",Sat Nov 04 02:50:39 +0000 2017,True,INFORMATIVE_RESOLUTION,ORDER_TRACKING_DELAY
th_21411,21411,120684,@AmazonHelp I have clearly mentioned that I need the book for studies in next few days atleast. So I can not afford to return. And rather what solution I got from you is return of that order which I could have done anyway. I want different solution so I contacted you.,21412,@120684 Kindly make a request for it here: https://t.co/dgreAZQ5qf within the return window and we'll oblige. 2/2 ^AB,Sat Nov 04 06:40:46 +0000 2017,True,INFORMATIVE_RESOLUTION,REFUND_RETURN_INQUIRY
th_21414,21414,120684,"@AmazonHelp If such is the case I regret my order with Amazon. I was thinking more of a better solution such as delivering product again and then collecting the first one. Since I need the book for study, I can not waste time returning it. I can only regret about my choice about Amazon.",21415,@120684 Kindly refer: https://t.co/wM1yebus27 for more information on the return policies. (2/2)^AU,Sat Nov 04 07:52:37 +0000 2017,True,INFORMATIVE_RESOLUTION,REFUND_RETURN_INQUIRY
th_21418,21418,120685,"@AmazonHelp Somebody else’s, I don’t have any of their emails or anything, it’s really urgent because it’s a present and I need to know if I’ll have it",21417,@120685 Our customer service will help you on the following link https://t.co/hgIrz98cdI,Wed Nov 01 07:51:29 +0000 2017,True,INFORMATIVE_RESOLUTION,OTHER_GENERAL
th_21421,21421,120685,"@AmazonHelp I ordered from .fr, but I do not have my order number, only my name and address, scenes as it was ordered for me",21419,@120685 I understand. Was it ordered through your own account or on somebody elses? ^DC,Wed Nov 01 07:47:04 +0000 2017,True,INFORMATIVE_RESOLUTION,ORDER_TRACKING_DELAY
th_21423,21423,120685,"@AmazonHelp hello, could I have some information about an order please",21422,"@120685 Hi, what Amazon website did you use to place your order? https://t.co/Ao8rYb8Jzw? Please don't share the order number here. ^JJ",Wed Nov 01 07:39:42 +0000 2017,True,INFORMATIVE_RESOLUTION,ORDER_TRACKING_DELAY
th_21425,21425,120686,@AmazonHelp What's the response from amazon team. I'm anxious to see my idea @115850,21424,@120686 Big ideas take time to be implemented. 😉 We have forwarded your suggestion. We don't get any update on it.^HR,Wed Nov 01 07:26:31 +0000 2017,True,INFORMATIVE_RESOLUTION,OTHER_GENERAL
th_21449,21449,120687,"@120688 @AmazonHelp @1386 As discussed over call, I have sent email @AmazonHelp - As explained the vouchers of 1000 has not been issued by them. Request you to help.",21448,@120687 Thanks for the update. We'll check and get back to you at the earliest. ^SC,Wed Nov 01 07:45:07 +0000 2017,True,INFORMATIVE_RESOLUTION,OTHER_GENERAL
th_21464,21464,120261,@AmazonHelp No reply from your hand yet,21466,@120261 we receive your details. Kindly share the details here: https://t.co/beaaDm0muc and I'll contact you soon. (2/2) ^GK,Wed Nov 01 07:54:22 +0000 2017,True,INFORMATIVE_RESOLUTION,OTHER_GENERAL
th_21469,21469,120261,@AmazonHelp First thing i have not possible for self return. So pls arrange from your hand,21470,@120261 Please confirm if you have provided your details in the link shared by 'GK' &amp; we'll help you accordingly with your concern.^SF,Wed Nov 01 08:19:57 +0000 2017,True,INFORMATIVE_RESOLUTION,REFUND_RETURN_INQUIRY
th_21471,21471,120261,@AmazonHelp I have no any mail  reply from u please,21472,@120261 We will look into it. 2/2 ^SB,Wed Nov 01 09:49:52 +0000 2017,True,INFORMATIVE_RESOLUTION,OTHER_GENERAL
th_21475,21475,120261,@AmazonHelp My return date is near so please fast proccess.,21476,"@120261 We'd like to help you. If the details are shared with us from the link provided, we'll get back soon with an update. ^BS",Wed Nov 01 10:31:20 +0000 2017,True,INFORMATIVE_RESOLUTION,REFUND_RETURN_INQUIRY
th_21477,21477,120261,@AmazonHelp You give me only one answer but please help for pick up,21478,"@120261 Dharmesh, please know that we won't be abel to access your account details from Twitter. Hence, kindly share the details. ^MS",Wed Nov 01 11:08:11 +0000 2017,True,INFORMATIVE_RESOLUTION,OTHER_GENERAL
th_21479,21479,120261,@AmazonHelp #403-8592504-0317160. you can check my order no.,21480,"@120261 Please don't provide your order details, we consider it to be personal information. Our page is visible to the public.(2/2)^GD",Wed Nov 01 11:39:40 +0000 2017,True,INFORMATIVE_RESOLUTION,ORDER_TRACKING_DELAY
th_21465,21465,120261,@120612 @AmazonHelp Right some time they people make fool. Before perchasing they people not mention anywhere for self return so why we do it otherwise we...,21463,"@120261 As mentioned earlier, reply to our email correspondence with your concerns. We'll check and respond accordingly. ^SC",Wed Nov 01 07:37:42 +0000 2017,True,INFORMATIVE_RESOLUTION,REFUND_RETURN_INQUIRY
th_21493,21493,120694,@115821 Why does not Amazon support the Arabic language knowing that many customers have 85% of the Arabs?@AmazonHelp,21492,"@120694 Hi, I'll be sure to pass your feedback on, thanks. ^AS",Wed Nov 01 07:46:26 +0000 2017,True,INFORMATIVE_RESOLUTION,OTHER_GENERAL
th_21495,21495,120695,@AmazonHelp Called them a 1000 times..also wrote a mail to mr.Amit..still no reply.. I'm fed up now and want the refund as soon as possible..pls revert,21497,@120695 I'm sorry to know about this. Click here: https://t.co/GIJyeYqKE0 and do the needful so we can find a fix. ^MP,Wed Nov 01 10:43:56 +0000 2017,True,INFORMATIVE_RESOLUTION,REFUND_RETURN_INQUIRY
th_21514,21514,120700,@AmazonHelp Yes I've filled details but still haven't received any call. And I Yesterday I called to customer care and they kept me waiting for 30 mints,21516,"@120700 it here: https://t.co/8DAc10S7ww. Reply to the email from us &amp; request for call, so we could connect with you via phone. 2/2 ^RS",Fri Nov 03 06:39:32 +0000 2017,True,INFORMATIVE_RESOLUTION,OTHER_GENERAL
th_21518,21518,120700,@AmazonHelp I've contacted my bank as you asked to do so in email but my bank said Amazon need to raise complain,21521,@120700 Sorry that the issue is still pending. May I know if you've contacted your bank &amp; filed a charge dispute? ^EM,Tue Nov 07 06:53:29 +0000 2017,True,INFORMATIVE_RESOLUTION,OTHER_GENERAL
th_21524,21524,120700,@AmazonHelp Yes I've already contacted my bank and they are saying.. no such transaction we can see from Amazon,21525,"@120700 In that case, I request you to file a charge dispute, the bank will help you further. Appreciate your cooperation. ^BS",Tue Nov 07 10:30:47 +0000 2017,True,INFORMATIVE_RESOLUTION,OTHER_GENERAL
th_21529,21529,120700,@AmazonHelp Today when I was checking my ordereds I've come to know that refund not initiated for this product. When I called to customer care they said there is problem with product. I dont understand what's happening.,21531,@120700 We've responded to you via DM. Please check. ^SG,Wed Nov 15 15:51:57 +0000 2017,False,PURE_DM_REQUEST_NO_GUIDANCE,REFUND_RETURN_INQUIRY
th_21530,21530,120700,@AmazonHelp Kindly see this picture.. what kind of crap is this . I haven't received refund for this product.its been two months . https://t.co/7b9FuW1gyI,21532,@120700 We would like to help you. Please share your details with us here: https://t.co/GIJyeYqKE0. We'll get in touch shortly. Please don't provide your order details as we consider it personal information. Our twitter page is visible to public. ^CB,Wed Nov 15 15:49:49 +0000 2017,True,INFORMATIVE_RESOLUTION,REFUND_RETURN_INQUIRY
th_21515,21515,120700,@AmazonHelp I still haven't received any call from your end. Kindly resolve my query,21511,@120700 Have you submitted your details through the link shared previously? ^HK,Wed Nov 01 07:19:05 +0000 2017,True,INFORMATIVE_RESOLUTION,OTHER_GENERAL
th_21538,21538,120701,@AmazonHelp 9762642673 call on this number n tell him to deliver,21541,"@120701 Request you to wait till 8:00 pm for an update on delivery. Also, as you have filled the form, you will receive an email 1/2 ^RW",Wed Nov 01 08:11:37 +0000 2017,True,INFORMATIVE_RESOLUTION,OTHER_GENERAL
th_21542,21542,120701,@AmazonHelp Good morning Amazon idiots... third day in a row... today's delivery guys number 70385 67720....can u idiots call him and ask him to deliver... Bunch of incompetetive morons...get this sorted out today...n don't use empathy n sympathy,21543,"@120701 I get your concern, please check for an email from our team here: https://t.co/NTkrxpsbHJ. ^PS",Thu Nov 02 03:37:43 +0000 2017,True,INFORMATIVE_RESOLUTION,ORDER_TRACKING_DELAY
th_21544,21544,120701,@AmazonHelp Are you guys nuts? How can u ask me to wait... bloddy idiots from past three days I am waiting...what r u guys? Stupid assholes? U don't have integrity,21545,@120701 correspondence &amp; reply?  I haven't seen any details with your name or Twitter handle till now. 3/3 ^MJ,Thu Nov 02 04:55:05 +0000 2017,True,INFORMATIVE_RESOLUTION,OTHER_GENERAL
th_21548,21548,120701,@AmazonHelp I have already given the order details you moron...what are u not able to find out...go figure out yourself...stupid ass,21549,"@120701 Quite a wide range of vocabulary you got there. If you have filled in the details earlier, I believe we must have already 1/2 ^AB",Thu Nov 02 05:32:18 +0000 2017,True,INFORMATIVE_RESOLUTION,ORDER_TRACKING_DELAY
th_21551,21551,120701,@AmazonHelp Really AB? Why don't you shove it up somewhere appropriately and get your smartest ass people to resolve the query instead of appreciating my vocab...I would love to meet u in person and would like to thank u..let me know when u r interested,21552,"@120701 earlier by ^PJ, ^SI or ^MJ. Kindly drop in your details using the link provided so that we can help you with a resolution 3/3 ^AB",Thu Nov 02 06:00:59 +0000 2017,True,INFORMATIVE_RESOLUTION,OTHER_GENERAL
th_21555,21555,120701,"@AmazonHelp Allrite..I understand that you are a special child, we will do it once again for you..here are the order details: 171-0365118-2187508. For one last time I m telling u, I'll not again fill up any of ur forms...because u guys are retards and can't understand a simple language",21557,"@120701 any further insight in this case. Also, please don't provide your order details as our Twitter page is visible to public. 3/3 ^AB",Thu Nov 02 06:26:23 +0000 2017,True,INFORMATIVE_RESOLUTION,ORDER_TRACKING_DELAY
th_21539,21539,120701,@AmazonHelp Hellos idiots... 9762642673 I got this number today for the delivery guy...from past 2hours he's saying he's coming in 2min...what the fuck is wrong with u shameless people...don't write words of empathy,21536,"@120701 Apologies, please fill this form: https://t.co/beaaDm0muc and we'll get back to you right away. ^SI",Wed Nov 01 07:05:51 +0000 2017,True,INFORMATIVE_RESOLUTION,ORDER_TRACKING_DELAY
th_21568,21568,120701,"@AmazonHelp Ohhh so this how u treat a prime customer...unless u provide me resolution don't reply on this and also I am tagging big people from Amazon to look into it...stop send me tweets with empathy...I don't need it...m the customer, I'll go somewhere else",21567,"@120701 As the details are shared from the link mentioned earlier, we'd get back to you soon with an update. ^BS",Tue Oct 31 14:26:11 +0000 2017,True,INFORMATIVE_RESOLUTION,PRIME_MEMBERSHIP_BILLING
th_21570,21570,120701,@AmazonHelp Ohhh come on...don't be a freak...who has kept u on the job? You are not committing a time when u would take an action? Also confirm whether you will be calling me up by today end of the day? Only if u have questions to these answers you reply...,21569,"@120701 I understand waiting could be tiresome but rest assured, the concerned team is working on a resolution for you. ^BV",Tue Oct 31 14:09:38 +0000 2017,True,INFORMATIVE_RESOLUTION,OTHER_GENERAL
th_21574,21574,120701,"@AmazonHelp Just did it...I want a commitment of my product or money rite now..be a man and do the rite thing by today, either deliver or refund rite now..else I am going to consumer court with ur replies",21573,@120701 Thank you for the confirmation. We understand the importance of this issue to you. 1/2 ^SK,Tue Oct 31 13:11:29 +0000 2017,True,INFORMATIVE_RESOLUTION,ESCALATION_HIGH_RISK
th_21579,21579,120701,@AmazonHelp Sure..so if compensation is not available...can I name and shame you guys...because u guys are pathetic..can u quickly tell me ur name and employee ID and also ur escalation point of contact..because I am not sitting quiet,21578,@120701 on this as feedback with the team internally for a review. 2/2 ^OS,Tue Oct 31 12:05:52 +0000 2017,True,INFORMATIVE_RESOLUTION,OTHER_GENERAL
th_21583,21583,120701,@AmazonHelp Trust me it useless to narrate my experience in the app feedback...I want a resolution... And commitment that this won't be repeated and a compensation,21582,@120701 I'm sorry for the trouble. We will definitely make sure such an instance does not get repeated. Compensation policies (1/2)^GU,Tue Oct 31 11:43:24 +0000 2017,True,INFORMATIVE_RESOLUTION,PRODUCT_TECH_SUPPORT
th_21852,21852,120691,@AmazonHelp I attached the snapshot of that,21853,@120691 I just checked and we've received your details. Please allow us some time and we'll reach out to you. ^KA,Fri Nov 03 02:55:26 +0000 2017,True,INFORMATIVE_RESOLUTION,OTHER_GENERAL
th_21867,21867,120768,@AmazonHelp But everything I used was 100% legit and spent 4 hours yesterday with the bank and amazon making sure there was no problems,21866,"@120768 Did you receive an email? What did it advise? If not, please contact us here: https://t.co/zYVX1Qi29G ^PK",Wed Nov 01 08:01:49 +0000 2017,True,INFORMATIVE_RESOLUTION,OTHER_GENERAL
th_21860,21860,120765,"@AmazonHelp Error message telling me ""wrong password"", but I am 100% sure my password was right. This happens to everyone around me ...",21872,@120765 Can you try to change your password? ^AS,Wed Nov 01 08:02:35 +0000 2017,True,INFORMATIVE_RESOLUTION,ACCOUNT_LOGIN_SECURITY
th_21874,21874,120769,"@AmazonHelp Thank you for doing the right thing and solving the problem, though i believe we could have done it on Day1 of issue, but thank you eith way",21876,@120769 Thanks for keeping us posted. I'll be sure to forward your comments to our team internally. ^GK,Thu Nov 02 09:52:51 +0000 2017,True,INFORMATIVE_RESOLUTION,OTHER_GENERAL
th_21875,21875,120769,"@AmazonHelp I was supposed to receive a call back,  is this how you want to be a world class company, pls sort my issue out 9051282828",21873,"@120769 Please don't provide your order details, as we consider it to be personal information. Our Twitter page is public.​  ^RW",Wed Nov 01 07:52:29 +0000 2017,True,INFORMATIVE_RESOLUTION,OTHER_GENERAL
th_21879,21879,120770,@AmazonHelp the above link only signs me into my account. Have already spoken with over 15 of ur cust care staff. No use. Give me ph no of senior staff.,21881,@120770 I'm sorry for the hassle. Please fill your details here: https://t.co/GIJyeYqKE0 We'll look into it. ^SB,Wed Nov 01 08:17:32 +0000 2017,True,INFORMATIVE_RESOLUTION,OTHER_GENERAL
th_21889,21889,120772,@AmazonHelp It was a request about getting some resources for schools given the discontinuation of love film by post - and what will happen to old dvds,21891,"@120772 Hi Tim, what information did we provide when you contacted us? - Tara S",Wed Nov 01 08:41:21 +0000 2017,True,INFORMATIVE_RESOLUTION,OTHER_GENERAL
th_21892,21892,120772,"@AmazonHelp Replied asking me if I wanted to join love film, that I could keep dvds I have, that film clubs runs for schools(run it)&amp;that it’s stopping",21893,"@120772 Hi Tim, please fill out this secure form from a non-mobile device with as much info as possible: https://t.co/tkLCr7DNil ^TS",Wed Nov 01 08:53:22 +0000 2017,True,INFORMATIVE_RESOLUTION,OTHER_GENERAL
th_21890,21890,120772,@AmazonHelp Still getting a string of irrelevant replies from people who can’t read an email. Your service is dreadful,21888,@120772 Can you tell me (without personal info) what your request was? ^AS,Wed Nov 01 08:01:12 +0000 2017,True,INFORMATIVE_RESOLUTION,OTHER_GENERAL
th_21896,21896,120772,@AmazonHelp To see if they can support our school,21894,@120772 What was advised when you spoke with us directly? ^NV,Sat Oct 28 09:50:18 +0000 2017,True,INFORMATIVE_RESOLUTION,OTHER_GENERAL
th_21899,21899,120772,"@AmazonHelp Tried that the first time, customer service operators can’t seem to read an email",21898,@120772 My apologies Tim. What happened when you tried contacting by phone/chat? ^DC,Sat Oct 28 09:25:13 +0000 2017,True,INFORMATIVE_RESOLUTION,OTHER_GENERAL
th_21901,21901,120772,"@AmazonHelp can I pls have a direct email address for someone with a brain for your love film by post service,online help proving impossible",21900,@120772 Hi Tim- For all queries you can reach us directly via the below link:  https://t.co/JzP7hlA23B Thanks. ^NV,Sat Oct 28 07:47:17 +0000 2017,True,INFORMATIVE_RESOLUTION,OTHER_GENERAL
th_21904,21904,120773,"@AmazonHelp 1. Does it work without being plugged in to power? 2. If yes, what is battery life? 3. Can it be used for receiving and making calls?",21906,@120773 It can connect to all the smart electronics at your place. 3/3 ^RW,Wed Nov 01 08:09:47 +0000 2017,True,INFORMATIVE_RESOLUTION,OTHER_GENERAL
th_21905,21905,120773,Anyone here who has used Amazon Echo or Echo plus? How is the experience? Have a couple of questions that their @AmazonHelp rep doesn't know,21902,@120773 Sorry about that. Kindly elaborate the issue and we'll be happy to help. ^AK,Wed Nov 01 07:46:03 +0000 2017,True,INFORMATIVE_RESOLUTION,PRODUCT_TECH_SUPPORT
th_21914,21914,120775,#AmazonPayAppQuiz who's the winner @115850 @AmazonHelp,21913,@120775 I believe the winners will be announced by 7th November. Kindly wait until then. ^AB,Wed Nov 01 07:42:45 +0000 2017,True,INFORMATIVE_RESOLUTION,OTHER_GENERAL
th_21921,21921,120777,@AmazonHelp No resolution provided.. Thats again a regret msg nothing more.. I need my products,21919,@120777 I'm sorry but we'll not be able to offer further insight on this. ^HK,Wed Nov 01 07:35:57 +0000 2017,True,INFORMATIVE_RESOLUTION,OTHER_GENERAL
th_21924,21924,120777,@AmazonHelp I hope u r done with all sorries apologies understanding n other such words to keep customer waiting?Now pls deliver my order.,21922,@120777 We've sent you an email on this. Please refer the same. The resolution provided is the best we could offer in this case. ^HK,Wed Nov 01 07:03:07 +0000 2017,True,INFORMATIVE_RESOLUTION,ORDER_TRACKING_DELAY
th_21927,21927,120777,@AmazonHelp U need to ur mails first.. Are they of any use???,21926,@120777 our team and we'll get back. (2/2) ^KA,Fri Oct 27 03:11:34 +0000 2017,True,INFORMATIVE_RESOLUTION,OTHER_GENERAL
th_21931,21931,120777,@AmazonHelp Have you gone deeper into the issue or it's just an automated instant reply over Twitter?? @115851,21929,@120777 Kindly reply to the email received from us and we shall get back to you on this. ^SH,Fri Oct 27 02:31:38 +0000 2017,True,INFORMATIVE_RESOLUTION,OTHER_GENERAL
th_21933,21933,120777,@AmazonHelp what should i do now ?just forget it ???,21932,"@120777 I understand the unpleasantness here, Himanshu. We'll respond to you via mail soon. ^JC",Thu Oct 26 09:55:10 +0000 2017,True,INFORMATIVE_RESOLUTION,OTHER_GENERAL
th_21939,21939,120777,"@AmazonHelp details updated on link provided. fed up with your delivery system. india resides in Bharat, and your service at bharat is too bad",21934,@120777 We regret the inconvenience. We have received your details. We'll work on it and get back to you.  ^SB,Wed Oct 25 07:16:03 +0000 2017,True,INFORMATIVE_RESOLUTION,ORDER_TRACKING_DELAY
th_21941,21941,120777,@115850 @115821 @AmazonHelpfed up pls look Order#4__credit_card__.I want my products dont need apologies. more than 5 apologise withme,21940,"@120777 Sorry for the trouble, Himanshu. Please fill in your details here: https://t.co/GIJyeYqKE0 and we'll get on it right away. ^JC",Wed Oct 25 05:47:14 +0000 2017,True,INFORMATIVE_RESOLUTION,ORDER_TRACKING_DELAY
th_21944,21944,120778,@115851 @AmazonHelp @115850 @115821 fire the india sales team. For last 6 days they schedule and cancel the pickup. 404-7148114-1043526,21943,"@120778 assistance. Please don't provide your order details, we consider it to be personal information. 2/2 ^SY",Wed Nov 01 07:43:02 +0000 2017,True,INFORMATIVE_RESOLUTION,REFUND_RETURN_INQUIRY
th_21948,21948,120779,@AmazonHelp yes did that but no outcome till now. waste of time,21950,@120779 I'm sorry about the trouble. Kindly share your details here: https://t.co/cQVomR1pWz and we'll check with it. ^KH,Wed Nov 01 12:15:59 +0000 2017,True,INFORMATIVE_RESOLUTION,OTHER_GENERAL
th_21954,21954,120779,@AmazonHelp i tried almost every single pin code available in the country and none of them worked. please share 1 pin code which is working?,21953,@120779 That's odd! Please flag your concern here: https://t.co/vlvfJr4nN9 &amp; we'll help you further on this. ^BS,Tue Oct 31 09:59:09 +0000 2017,True,INFORMATIVE_RESOLUTION,OTHER_GENERAL
th_21956,21956,120779,@1404 @AmazonHelp  product is not deliverable to any single pincode in India. making customers fool by listing product at low price https://t.co/3hxhLgCaWd,21955,@120779 Certain products can't be shipped to some selected pincodes because of the unavailability of courier facility there. (1/2)^AU,Tue Oct 31 07:22:14 +0000 2017,True,INFORMATIVE_RESOLUTION,OTHER_GENERAL
th_21959,21959,120780,@AmazonHelp @AmazonHelp @115850 @1402 @120781 what is the update Amazon team??,21958,@120780 We've sent you an email correspondence to your registered account. Please refer and revert on the same. ^HK,Wed Nov 01 07:33:44 +0000 2017,True,INFORMATIVE_RESOLUTION,OTHER_GENERAL
th_21962,21962,120780,@AmazonHelp kindly expedite your process it's already been 2 days since I filed this forgery and it's still not resolved.,21961,@120780 We value your time. We shall get things right for you at the earliest. ^CB,Tue Oct 31 10:14:51 +0000 2017,True,INFORMATIVE_RESOLUTION,OTHER_GENERAL
th_21965,21965,120780,@1402 @AmazonHelp can you guys stop the harassment and send me the product I ordered?,21964,@120780 We're following up with your query here: https://t.co/b6M8qTWFD8. Please refer. ^GS,Tue Oct 31 09:15:21 +0000 2017,True,INFORMATIVE_RESOLUTION,OTHER_GENERAL
th_22146,22146,120778,@AmazonHelp I did not see any email. I only had to call again. Now I see it is rescheduled for pickup tomorrow 2nd Nov.,22148,@120778 please respond to the email so that we can assist you accordingly. (2/2)^SU,Wed Nov 01 11:33:02 +0000 2017,True,INFORMATIVE_RESOLUTION,OTHER_GENERAL
th_22147,22147,120778,"@115851 @AmazonHelp @115850 @115821  Jeff,India help team is useless. Just provides link https://t.co/ZiE6eGp1Im but fails to act.",22145,@120778 We are following up with you over email. Please reply to it for further insight on it. ^RW,Wed Nov 01 08:08:45 +0000 2017,True,INFORMATIVE_RESOLUTION,OTHER_GENERAL
th_22151,22151,120834,@AmazonHelp Oh no!!! Thanks anyway. Wish me luck trying to get tickets on Friday...,22153,"@120834 Hi Helen, hope you saw the update that Brighton is included! Good news 😁 ^TS",Wed Nov 01 08:49:44 +0000 2017,True,INFORMATIVE_RESOLUTION,OTHER_GENERAL
th_22154,22154,120834,@AmazonHelp Hoooorrrayyy! Not showing up on website yet as an option though?,22155,"@120834 Hi Helen, please check back as it should go live soon. ^TS",Wed Nov 01 09:08:12 +0000 2017,True,INFORMATIVE_RESOLUTION,OTHER_GENERAL
th_22156,22156,120834,@AmazonHelp It says that if I only select one ticket! What's going on?,22158,"@120834 Hi, please get in touch with us here: https://t.co/oGDklGgbCZ &amp; we'll check this for you. ^TS",Wed Nov 01 10:06:38 +0000 2017,True,INFORMATIVE_RESOLUTION,OTHER_GENERAL
th_22157,22157,120834,@AmazonHelp Well trying to buy 2 tickets but says I've exceeded amount of tickets?? Not what the t and cs say,22160,@120834 Please reach out here so we can check this for you https://t.co/g7uvTs0guI  ^KM,Wed Nov 01 10:04:30 +0000 2017,True,INFORMATIVE_RESOLUTION,OTHER_GENERAL
th_22169,22169,120838,@AmazonHelp ... Are you guys able to reply to this please?,22168,"@120838 Hi, we can look into this, click here: https://t.co/JzP7hlA23B ^AS",Wed Nov 01 08:21:40 +0000 2017,True,INFORMATIVE_RESOLUTION,OTHER_GENERAL
th_22172,22172,120839,@AmazonHelp I submitted all the details. Thank you for reply. Expecting a quick response over my refund. Hope @115850 deliver Customer satisfaction.,22171,@120839 You're welcome. We're working on the issue and shall get back to you soon. ^SH,Wed Nov 01 08:01:13 +0000 2017,True,INFORMATIVE_RESOLUTION,REFUND_RETURN_INQUIRY
th_22196,22196,120848,@AmazonHelp Not that I can see https://t.co/c3atGuyoON,22198,@120848 Thank you for the information. We'd like to look into this. Please contact us via phone/chat: https://t.co/JzP7hlA23B. ^AL,Wed Nov 01 10:34:07 +0000 2017,True,INFORMATIVE_RESOLUTION,OTHER_GENERAL
th_22219,22219,120852,@115850 @AmazonHelp @115851 #my Prime membership expired &amp; I got a notification AFTER that. Now I've had to renew at higher cost. (1),22218,@120852 That's definitely something we must look into. Apologies for this. I'd share this feedback internally with the right team. ^JC,Wed Nov 01 07:46:32 +0000 2017,True,INFORMATIVE_RESOLUTION,PRIME_MEMBERSHIP_BILLING
th_22221,22221,120853,"@AmazonHelp worst service experience in last 3 months, delivery boy is so unprofessional &amp; absurd in talking as if he is doing favour for me",22220,"@120853 We're sorry about your delivery experience, Someshwar. Please report this here: https://t.co/vlvfJr4nN9. We'll investigate. ^HK",Wed Nov 01 07:45:15 +0000 2017,True,INFORMATIVE_RESOLUTION,ORDER_TRACKING_DELAY
th_22478,22478,120913,@115821 @115850 @AmazonHelp delivery boy was too arrogant when I asked him to deliver my order next day he cancelled my order#annoyed,22477,"@120913 Apologies for the unpleasant experience, have you reported this to our support here: https://t.co/vlvfJr4nN9? ^AH",Wed Nov 01 08:34:10 +0000 2017,True,INFORMATIVE_RESOLUTION,ORDER_TRACKING_DELAY
th_22507,22507,120918,@AmazonHelp How would they know why you are directing people to The Works?,22509,@120918 The latest information we have regarding an item's availability will be reflected on our website. ^BM,Wed Nov 01 09:07:29 +0000 2017,True,INFORMATIVE_RESOLUTION,OTHER_GENERAL
th_22510,22510,120918,"@AmazonHelp Except that isn't the case.1 Why not?2 Why are you sending people to The Works?3 Why is that book in Home &amp; KItchen?4 What do you suggest I say to Bonnier when I call their switchboard as you suggest, to find out what Amazon is up to?5 What is the point of having Prime?",22511,"@120918 Hi, you will need to speak with the publishers about this,as ^BM said the latest info we have is reflected on the website^AS.",Wed Nov 01 09:20:53 +0000 2017,True,INFORMATIVE_RESOLUTION,PRIME_MEMBERSHIP_BILLING
th_22516,22516,120918,@AmazonHelp I have 'reached out' to you here - you have the information you need.  (You're compounding things by saying 'reach out' by the way . . .),22517,@120918 Please request a call back here Linda so we can speak wit you https://t.co/zH8UlhTGcc ^KM,Wed Nov 01 10:53:15 +0000 2017,True,INFORMATIVE_RESOLUTION,OTHER_GENERAL
th_22518,22518,120918,"@AmazonHelp You have all the information you need - just reply here thanks.  People get in touch this way because that is what they prefer - no forms, no phone calls, so please respond.",22519,"@120918 I have escalated your feedback about ""Please Let Me Go"" for correction. If we can help w/ anything else, let us know! ^KN 2/2",Wed Nov 01 11:26:51 +0000 2017,True,INFORMATIVE_RESOLUTION,OTHER_GENERAL
th_22505,22505,120918,"@AmazonHelp Is there a problem with books in the last couple of days?  Been trying to buy one that is a bestseller but you say only third parties offer it which is odd.  Similarly, the link for a book I ghosted - also a bestseller at the moment - says 3rd party only.",22500,"@120918 Hi, no issues have been reported. Can you send us a link for the two title please? We can take a look. ^TS",Wed Nov 01 08:32:17 +0000 2017,True,INFORMATIVE_RESOLUTION,OTHER_GENERAL
th_22537,22537,120923,@AmazonHelp Undeliverable. Which makes no sense because my first package was easily delivered at 2pm but this one wasn't at 6pm?,22539,@120923 My apologies Erin. Has any re-delivery attempt information been provided? ^DC,Wed Nov 01 08:54:11 +0000 2017,True,INFORMATIVE_RESOLUTION,ORDER_TRACKING_DELAY
th_22538,22538,120923,Dear @AmazonHelp I've been paying for prime for awhile and having 2 packages due today &amp; one being undeliverable is VERY annoying. Explain,22536,"@120923 Hi sorry to hear that, were you given a reason for the delay? ^AS",Wed Nov 01 08:26:35 +0000 2017,True,INFORMATIVE_RESOLUTION,PRIME_MEMBERSHIP_BILLING
th_22541,22541,120924,@AmazonHelp They are saying that amazon took the courier scanned it and returned.. they have no idea on how the box is empty,22543,@120924 and they should be able to help you out. ^SG(2/2),Wed Nov 01 10:25:11 +0000 2017,True,INFORMATIVE_RESOLUTION,REFUND_RETURN_INQUIRY
th_22542,22542,120924,Hi I returned my order and I followed the proper procedure but got back an empty dabba from post office. @115850 @AmazonHelp PFA photos https://t.co/DmP0UrEttf,22540,@120924 the issue. Please don’t provide your details as we consider them to be personal information. Our Twitter page is public. 2/2 ^SH,Wed Nov 01 08:10:13 +0000 2017,True,INFORMATIVE_RESOLUTION,REFUND_RETURN_INQUIRY
th_22548,22548,120925,@115850 @AmazonHelp what's update of this? https://t.co/rZxXAjgtps,22547,@120925 Please confirm if the order is picked up for the return. You may check the return status here: https://t.co/6z4yoQYZ7T (2/2)^SF,Wed Nov 01 08:22:03 +0000 2017,True,INFORMATIVE_RESOLUTION,OTHER_GENERAL
th_22565,22565,120930,"@AmazonHelp s/o to Amer at customer service for being helpful and understanding, as well as helping me actually get my money back!",22566,@120930 Thank you for the update. Glad we were able to help!  ^CO,Wed Nov 01 15:09:58 +0000 2017,True,INFORMATIVE_RESOLUTION,OTHER_GENERAL
th_22574,22574,120932,That's @AmazonHelp return experience summed up in 2 images. The pick up person has been rescheduling and cancelling on his own. @115850 https://t.co/fM0w6AUv1t,22573,"@120932 Sorry about that. I’d like to help you, please fill this form: https://t.co/beaaDm0muc and I’ll contact you soon. 1/2 ^SY",Wed Nov 01 08:08:11 +0000 2017,True,INFORMATIVE_RESOLUTION,REFUND_RETURN_INQUIRY
th_22578,22578,120933,@AmazonHelp U only email me that we vl solve ur problem but still it's not.. u r only wasting time,22580,@120933 We request you to reply to the correspondence sent by us to your registered email id. We'll get this sorted for you. ^SB,Wed Nov 01 09:06:11 +0000 2017,True,INFORMATIVE_RESOLUTION,OTHER_GENERAL
th_22581,22581,120933,@AmazonHelp Every time new person send me mail &amp; only give me assurance to resolve problem nothing apart from this,22582,@120933 I get your disappointment. Request you to reply to the email sent by our social media team and we will respond on the same. ^GK,Wed Nov 01 10:02:29 +0000 2017,True,INFORMATIVE_RESOLUTION,OTHER_GENERAL
th_22584,22584,120933,@AmazonHelp I think I am talking with ROBOT..only copy paste line I received.. my biggest mistake to purchase from #Amazon  ..,22585,"@120933 I do get your concern Aman, please respond to the email you've received from us and we'll check this for you. ^HN",Wed Nov 01 10:16:49 +0000 2017,True,INFORMATIVE_RESOLUTION,OTHER_GENERAL
th_22586,22586,120933,"@AmazonHelp R u getting my words I had mailed today they mailed me same thing ""we will solve ur issue soon"" this should be your tag line #Amazon",22587,@120933 soon as we receive an update from them. 2/2 ^SH,Wed Nov 01 10:48:32 +0000 2017,True,INFORMATIVE_RESOLUTION,OTHER_GENERAL
th_22579,22579,120933,"@AmazonHelp it's 3rd week still I haven't received my replacement order, I had received unworkable mobile &amp; still it's not replace #Amazon",22577,@120933 We have emailed you here: https://t.co/DTSNmGldJf Kindly check &amp; reply to it for further assistance. ^SY,Wed Nov 01 07:59:50 +0000 2017,True,INFORMATIVE_RESOLUTION,ORDER_TRACKING_DELAY
th_22592,22592,120934,@AmazonHelp Unfortunately I'll have to cancel it then..disappointed https://t.co/YrXSmd0Duh,22594,"@120934 I understand your concern, Rushikesh. I'll forward your feedback to the team concerned for review. ^HD",Wed Nov 01 22:51:18 +0000 2017,True,INFORMATIVE_RESOLUTION,REFUND_RETURN_INQUIRY
th_23036,23036,121014,@AmazonHelp What happened? No one gives a solution. Now I’m not confident to buy anymore,23039,@121014 Sorry to hear about your order issue. Please reach our to us by phone or chat here: https://t.co/hApLpMlfHN so we can look into this for you.^ES,Sat Nov 25 11:49:07 +0000 2017,True,INFORMATIVE_RESOLUTION,OTHER_GENERAL
th_23040,23040,121014,@AmazonHelp Nothing in spam inbox. Got no answer. It’s a waste of time. Very disappointing,23041,@121014 Can you please reach out by phone/chat on the link in the previous message. ^RS,Mon Nov 27 10:59:10 +0000 2017,True,INFORMATIVE_RESOLUTION,OTHER_GENERAL
th_23037,23037,121014,@AmazonHelp I sent an email to customer service and I got no answer,23042,"@121014 Hi, have you also checked your spam and junk folders? It can sometimes happen that an email from us can go there.^BZ",Sat Nov 25 11:48:26 +0000 2017,True,INFORMATIVE_RESOLUTION,OTHER_GENERAL
th_23191,23191,121050,@AmazonHelp it says it's out for delivery now but has been attempted 2 or 3 times so far.,23192,"@121050 Hi, is there a neighbour who can hold the parcel if the business address is closed? ^TS",Wed Nov 01 10:27:57 +0000 2017,True,INFORMATIVE_RESOLUTION,ORDER_TRACKING_DELAY
th_23193,23193,121050,@AmazonHelp It’s a large hospital so not really.,23194,@121050 Hmm. Can you tell us who the courier is for this parcel? ^AL,Wed Nov 01 11:45:05 +0000 2017,True,INFORMATIVE_RESOLUTION,OTHER_GENERAL
th_23195,23195,121050,@AmazonHelp I think it’s amazon. The email doesn’t give any specifics.,23196,"@121050 Thanks for confirming, Liz! Please contact us by phone or chat so that we can help investigate further: https://t.co/JzP7hlA23B ^SD",Wed Nov 01 12:59:01 +0000 2017,True,INFORMATIVE_RESOLUTION,OTHER_GENERAL
th_23209,23209,121053,"@AmazonHelp It notes its being sent back to the sender - which, if true, is totally unacceptable - not exactly #prime level service",23210,"@121053 Hi, please reach out to us here: https://t.co/JzP7hlA23B we can look into the order for you. ^AS",Wed Nov 01 08:51:13 +0000 2017,True,INFORMATIVE_RESOLUTION,PRIME_MEMBERSHIP_BILLING
th_23208,23208,121053,@AmazonHelp can you explain why a package I was due to receive yesterday was marked as refused at my address - when no one refused it? Poor.,23206,"@121053 Hi Mick, did you receive a calling card? Is your parcel listed as out for delivery again today: https://t.co/BQmcNXViiI ^TS",Wed Nov 01 08:39:58 +0000 2017,True,INFORMATIVE_RESOLUTION,ORDER_TRACKING_DELAY
th_23215,23215,121056,@AmazonHelp Hi can you tell me how I make a complaint about your delivery drivers?,23214,@121056 Hi Lee. You can get in touch via this link: https://t.co/JzP7hlA23B. We'll be happy to help. ^DC,Wed Nov 01 08:43:26 +0000 2017,True,INFORMATIVE_RESOLUTION,ORDER_TRACKING_DELAY
th_23218,23218,121057,"@AmazonHelp I was told my account is on hold, if I can’t use my gift cards please return my money back to me Okay",23216,@121057 Hi. Were you give advice on how to remove the lock from your account? ^DC,Wed Nov 01 08:35:45 +0000 2017,True,INFORMATIVE_RESOLUTION,REFUND_RETURN_INQUIRY
th_23960,23960,121152,"@AmazonHelp Simply delivery attempt. Could not deliver today. I imagine it was because it was a business add and after 5, but no attempt was ever made.",23962,@121152 Is there any information regarding when another attempt will be made? ^BM,Wed Nov 01 09:15:17 +0000 2017,True,INFORMATIVE_RESOLUTION,ORDER_TRACKING_DELAY
th_23963,23963,121152,@AmazonHelp No. I’ve signed in and it still says due 31st,23964,@121152 Sorry to hear that. We'll be happy to look into that for you. Please reach out to us here: https://t.co/JzP7hlA23B ^RS,Wed Nov 01 09:29:55 +0000 2017,True,INFORMATIVE_RESOLUTION,OTHER_GENERAL
th_23966,23966,121152,@AmazonHelp I have sent an email as the same thing happened to me today. The delivery attempt was never made.,23967,"@121152 For the fastest resolution, please reach us directly by choosing ""phone"" or ""chat"" when using RS's link, above. ^JR",Fri Nov 03 20:34:42 +0000 2017,True,INFORMATIVE_RESOLUTION,ORDER_TRACKING_DELAY
th_22550,22550,120925,@115850 @AmazonHelp Order has not been picked up niether any update from Amazon or courier partner...,23973,@120925 Sorry that the pickup is still pending. Please contact us here: https://t.co/rS49hgaADF &amp; we'll get it checked for you. ^SY,Wed Nov 01 08:40:44 +0000 2017,True,INFORMATIVE_RESOLUTION,ORDER_TRACKING_DELAY
th_23975,23975,121155,@AmazonHelp trying to buy tickets for brighton but as soon as it went up even 1 ticket was exceeding the limit?,23977,@121155 Please reach out here so we can check this for you https://t.co/eU0ern4EE5  ^KM,Wed Nov 01 10:08:10 +0000 2017,True,INFORMATIVE_RESOLUTION,OTHER_GENERAL
th_23985,23985,121156,@AmazonHelp Have done - any idea on how long it will take?,23986,@121156 You can expect a contact from us with in 12 hours! ^MW,Wed Nov 01 10:42:47 +0000 2017,True,INFORMATIVE_RESOLUTION,OTHER_GENERAL
th_23997,23997,121160,"@115821 @115850 @AmazonHelp I placed ds ordr n status is still ‘on d way’, is not dis ur failure to track ur deliveries on time? Disgustng https://t.co/u7Yco0g6DP",23996,"@121160 your order details, we consider it to be personal info. Our page is visible to the public. (3/3)^SF",Wed Nov 01 08:50:11 +0000 2017,True,INFORMATIVE_RESOLUTION,ORDER_TRACKING_DELAY
th_24478,24478,121279,"@AmazonHelp Still not despatched, can you check what the delay is? This is the second problem I’ve had using prime next day delivery",24480,"@121279 Hi, for security we can't see your order here. What info is visible: https://t.co/BQmcNXViiI ^TS",Wed Nov 01 13:16:09 +0000 2017,True,INFORMATIVE_RESOLUTION,PRIME_MEMBERSHIP_BILLING
th_24481,24481,121279,@AmazonHelp All 3 say they are arriving today but none are dispatched yet so I don’t see how they can be https://t.co/gC5LWihN4U,24482,"@121279 As we're unable to view your account via Twitter,pls contact here:https://t.co/JzP7hlA23B so we can look into this.^KM",Wed Nov 01 13:27:58 +0000 2017,True,INFORMATIVE_RESOLUTION,OTHER_GENERAL
th_24479,24479,121279,@AmazonHelp once again can you tell me why my one day delivery items haven’t even been dispatched yet and are supposed to be here today?,24477,"@121279 Hi Sian, orders are often dispatched &amp; delivered on the same day, as our carriers deliver until 9pm. ^TS",Wed Nov 01 09:19:55 +0000 2017,True,INFORMATIVE_RESOLUTION,ORDER_TRACKING_DELAY
th_24490,24490,121282,@AmazonHelp By email through the website.,24492,@121282 You can also use the link to get in touch via phone or live chat. ^BM,Wed Nov 01 09:26:09 +0000 2017,True,INFORMATIVE_RESOLUTION,OTHER_GENERAL
th_24493,24493,121282,@AmazonHelp Please send a link to the phone number. Almost impossible to find on your website. I need to get sorted ASAP as this is a birthday present,24494,@121282 You can request a call back here https://t.co/zH8UlhTGcc ^KM,Wed Nov 01 09:45:21 +0000 2017,True,INFORMATIVE_RESOLUTION,OTHER_GENERAL
th_24495,24495,121282,"@AmazonHelp After four days of trying,, one of your phone staff finally checked and discovered the item was LOST on Saturday. Now I have to order again.",24496,"@121282 Oh no, sorry to hear that! Has a refund been arranged? ^TS",Wed Nov 01 12:44:40 +0000 2017,True,INFORMATIVE_RESOLUTION,ORDER_TRACKING_DELAY
th_24498,24498,121282,"@AmazonHelp It is being arranged ,but a week after arranging Prime delivery, I have to order it again. It is not good enough.",24499,@121282 Apologies for any inconvenience. You should experience no further issues with your new order. ^TS,Wed Nov 01 12:54:18 +0000 2017,True,INFORMATIVE_RESOLUTION,PRIME_MEMBERSHIP_BILLING
th_24491,24491,121282,"@AmazonHelp Thanks but I have tried that every day since Sunday. ""Still investigating"" - you should send a replacement and investigate afterwards",24489,@121282 Did you contact us via phone or chat for instant support? ^AS,Wed Nov 01 09:17:55 +0000 2017,True,INFORMATIVE_RESOLUTION,OTHER_GENERAL
th_24503,24503,121282,"@AmazonHelp Hi, predictably no sign of the parcel and no word from the carrier. This is the FIFTH day the parcel has been 'out for delivery'. Pathetic.",24502,"@121282 Sorry to hear that, please get in touch with us here: https://t.co/JzP7hlA23B so we can help ^AS",Wed Nov 01 09:09:51 +0000 2017,True,INFORMATIVE_RESOLUTION,ORDER_TRACKING_DELAY
th_24512,24512,121285,@AmazonHelp Hi ☺️ I did indeed. A two-hour slot which is what I normally choose and used to be free. Has this recently changed?,24514,@121285 Pls contact Customer Service through the main menu in the Prime Now app so we can look into this. ^KM,Wed Nov 01 09:26:08 +0000 2017,True,INFORMATIVE_RESOLUTION,OTHER_GENERAL
th_24533,24533,121290,@AmazonHelp I am unable to Use Prime Video even though I am Prime Member it tells me to sign up for prime Membership,24531,@121290 Apologies for the trouble. Could you please let us know if you have logged in on prime enabled account? ^SB,Wed Nov 01 08:52:40 +0000 2017,True,INFORMATIVE_RESOLUTION,PRIME_MEMBERSHIP_BILLING
th_24558,24558,121292,"@AmazonHelp Eh, they don’t know where it is either. The only thing we can all agree on is that it isn’t with me where it should be. Hopefully turn up?!",24560,@121292 Has it been dispatched? Is there any tracking available? ^PK,Wed Nov 01 09:20:04 +0000 2017,True,INFORMATIVE_RESOLUTION,OTHER_GENERAL
th_24559,24559,121292,How about a ‘where IS my package?’ button @AmazonHelp? £40 lost. 😡 https://t.co/SS9iH4oZFI,24557,"@121292 Hi, sorry to hear that, contact us here: https://t.co/JzP7hlA23B we'll help ^AS",Wed Nov 01 09:09:22 +0000 2017,True,INFORMATIVE_RESOLUTION,ORDER_TRACKING_DELAY
th_24570,24570,120918,@AmazonHelp I did - when you asked alreadyhttps://t.co/QCt7kMtESE,24568,"@120918 Apologies Linda, multiple tweets were picked up! The best option is to contact the publisher, they should have more info. ^TS",Wed Nov 01 09:06:17 +0000 2017,True,INFORMATIVE_RESOLUTION,OTHER_GENERAL
th_24942,24942,121399,@AmazonHelp I have done this earlier I didn't get any help now again you people did the same thing__email__ contact me on mail,24944,"@121399 We'll get this fixed for you, please fill this form: https://t.co/beaaDm0muc and we'll get back to you right away. ^SI",Wed Nov 01 09:43:57 +0000 2017,True,INFORMATIVE_RESOLUTION,OTHER_GENERAL
th_24945,24945,121399,@AmazonHelp Filled the form I expect your response and supportApart from this I have ordered three more products but now I am afraid that,24946,"@121399 Thank you for the heads up. We have received your details, our team shall reach out to you soon. Appreciate your understanding.^MP",Wed Nov 01 10:06:23 +0000 2017,True,INFORMATIVE_RESOLUTION,OTHER_GENERAL
th_24947,24947,121399,"@AmazonHelp Still waiting for your response, let me know how gonna help me in this issue?",24948,"@121399 I'm sorry for the delay and the subsequent inconvenience. We're working on it, will communicate with you very soon. ^MP",Wed Nov 01 14:59:32 +0000 2017,True,INFORMATIVE_RESOLUTION,OTHER_GENERAL
th_24949,24949,121399,"@AmazonHelp Just now I got text message also stating that ""your 34 ltrs black and grey backpack was successfully delivered"" and I received pink backpack",24950,"@121399 Sorry about that. As you've shared the details, we'll look into it and get back to you soon. ^MO",Wed Nov 01 15:17:59 +0000 2017,True,INFORMATIVE_RESOLUTION,ORDER_TRACKING_DELAY
th_24951,24951,121399,@AmazonHelp I have added my email address with the account kindly get back with the resolution,24952,"@121399 In that case, please fill in form once again here: https://t.co/GIJyeYqKE0 and let us know. We'll check and reach out to you. ^VN",Wed Nov 01 15:57:17 +0000 2017,True,INFORMATIVE_RESOLUTION,OTHER_GENERAL
th_24955,24955,121399,"@AmazonHelp As per your mail someone was supposed to collect the order today for replacement but nobody came, are you people serious about service or nt",24956,"@121399 Sorry to learn that, please respond to the email you've received from our team for further assistance. ^SU",Fri Nov 03 15:01:39 +0000 2017,True,INFORMATIVE_RESOLUTION,ORDER_TRACKING_DELAY
th_24957,24957,121399,"@AmazonHelp Its more than 3 days &amp; m still waiting for replacement of my order, now please refund my money now I don't want to do shopping with u ever",24958,@121399 I'm sorry about the stretch. Kindly reply to the correspondence sent by our team for further assistance. ^GD,Sun Nov 05 16:41:14 +0000 2017,True,INFORMATIVE_RESOLUTION,REFUND_RETURN_INQUIRY
th_24959,24959,121399,"@AmazonHelp I will not do that, m fed up of doing thst and you people keep repeating same, now just refund my money",24960,"@121399 As this is social media, we do not have access to your details here. Kindly respond to the email and we'll get back to you. ^PB",Sun Nov 05 17:15:28 +0000 2017,True,INFORMATIVE_RESOLUTION,REFUND_RETURN_INQUIRY
th_24976,24976,121404,@AmazonHelp I am receiving the same mails... Amazon is not at all cooperating..,24975,"@121404 For details, you may refer here: https://t.co/AEcmUNz7HR. 2/2 ^SB",Wed Nov 01 09:12:02 +0000 2017,True,INFORMATIVE_RESOLUTION,OTHER_GENERAL
th_24979,24979,121404,"@AmazonHelp receiving same mails 4m u no resolution yet. I CANNOT trust a company that gives me unboxed product, I will NOT opt for replacement...",24978,"@121404 I understand the gravity of the situation. As per the policy, we can offer only replacement (1/3)^HR",Fri Oct 27 06:15:24 +0000 2017,True,INFORMATIVE_RESOLUTION,OTHER_GENERAL
th_24983,24983,121404,@AmazonHelp No effort from @115850 yet.,24982,@121404 We've sent a correspondence to your registered email id. Please check the same for more information. ^ZH,Wed Oct 25 06:09:05 +0000 2017,True,INFORMATIVE_RESOLUTION,OTHER_GENERAL
th_24986,24986,121404,@AmazonHelp order 406-5346056-8286767 I want a refund for the product. https://t.co/CKTsoBPMgb,24984,@121404 Sincere apologies for the mess. Please fill this form: https://t.co/beaaDm0muc so we could get this sorted soon. 1/2 ^RS,Mon Oct 23 11:03:26 +0000 2017,True,INFORMATIVE_RESOLUTION,REFUND_RETURN_INQUIRY
th_24990,24990,121405,"@AmazonHelp Yes, I just did. Not helping. Provide an email ID I can write to.",24989,@121405 Choose Reason &gt; Choose Issue &gt; Choose the mode of contact E-mail (2/2) ^GK,Wed Nov 01 09:17:09 +0000 2017,True,INFORMATIVE_RESOLUTION,OTHER_GENERAL
th_24993,24993,121405,"@AmazonHelp Phone, your IVR options are not flexible.",24992,"@121405 Just to confirm, have you tried contacting us via chat or email through the link provided earlier? ^HS",Tue Oct 31 17:33:13 +0000 2017,True,INFORMATIVE_RESOLUTION,OTHER_GENERAL
th_24996,24996,121405,@AmazonHelp There was no way I could communicate that I never subscribed for a prime membership on your dot com website.,24994,@121405 Did you contact us directly via phone or chat: https://t.co/hApLpMlfHN? ^AB,Mon Oct 30 16:22:13 +0000 2017,True,INFORMATIVE_RESOLUTION,PRIME_MEMBERSHIP_BILLING
th_25001,25001,121406,@AmazonHelp i have had a payment taken THREE times and no product!,25000,"@121406 Hi Katie. If you get in touch: https://t.co/JzP7hlA23B, we'll be happy to look into this with you. ^DC",Wed Nov 01 09:23:45 +0000 2017,True,INFORMATIVE_RESOLUTION,OTHER_GENERAL
th_25003,25003,121406,@AmazonHelp No i’ve already done that and you have taken more money out of my bank! Someone needs to contact me not an auto form,25005,@121406 We're unable to access your acc here. Get in touch here: https://t.co/JzP7hlA23B and we'll be happy to help. ^RS,Wed Nov 01 09:34:46 +0000 2017,True,INFORMATIVE_RESOLUTION,OTHER_GENERAL
th_25004,25004,121406,@AmazonHelp had an email saying payment has been reversed but has been taken AGAIN this morning.,25002,"@121406 Hi, sorry to hear that, please get in touch with us here: https://t.co/JzP7hlA23B we'll help ^AS",Wed Nov 01 09:24:18 +0000 2017,True,INFORMATIVE_RESOLUTION,OTHER_GENERAL
th_25007,25007,121407,@AmazonHelp Amazon Id __email__ I have added ₹460 and make a Jio recharge 399. As per your offer 101 cashback+ 20% on first top-up.I didn't,25009,"@121407 Please don't provide your order details,we consider it to be personal information. Our page is visible to the public.2/2^SC",Wed Nov 01 11:02:48 +0000 2017,True,INFORMATIVE_RESOLUTION,OTHER_GENERAL
th_25015,25015,121408,@AmazonHelp  Amazon is just making me fool from last 10 days ...is there any system,25017,@121408 Sorry for any inconvenience. Could you confirm sharing your details in the link provided above by ^HK ? ^KA,Fri Nov 03 07:42:49 +0000 2017,True,INFORMATIVE_RESOLUTION,OTHER_GENERAL
th_25016,25016,121408,@AmazonHelp  can anybody is there for help me I had called amazon 20 times but I don't know where is my product.. Will I get this or not,25018,"@121408 If you're unable to find our correspondence, you may fill the form again https://t.co/SK1AZRszNa and we'll assist you. 2/2^PJ",Sun Nov 05 13:37:05 +0000 2017,True,INFORMATIVE_RESOLUTION,OTHER_GENERAL
th_25253,25253,121460,@AmazonHelp The delivery deadline was yesterday,25255,@121460 Have you contacted the seller? ^MC,Sat Nov 04 10:04:09 +0000 2017,True,INFORMATIVE_RESOLUTION,ORDER_TRACKING_DELAY
th_25254,25254,121460,@AmazonHelp It’s from a seller,25252,@121460 I'm sorry for the trouble! When was the delivery date? Have you already reached out to the seller? ^LL,Fri Nov 03 23:08:56 +0000 2017,True,INFORMATIVE_RESOLUTION,OTHER_GENERAL
th_25259,25259,121460,@AmazonHelp I purchased a book on the 8th October and still hasn’t come and is now past its delivery deadline?,25258,"@121460 Oh no! I'm sorry your book is late, Meghan. Is it coming from us or a seller? Info here: https://t.co/aaDyEz1VgE ^BL",Fri Nov 03 23:03:45 +0000 2017,True,INFORMATIVE_RESOLUTION,ORDER_TRACKING_DELAY
th_25263,25263,121462,"@AmazonHelp It's blank. My delivery status still says ""can't deliver"" even though I've called customer service.This is the second time in one year.",25262,"@121462 Thanks for the update, Chris! When you spoke with us previously, what options or insight were we able to provide? ^ML",Sat Nov 04 00:17:06 +0000 2017,True,INFORMATIVE_RESOLUTION,ORDER_TRACKING_DELAY
th_25272,25272,121465,@AmazonHelp YES paid an extra $10 for delivery today. Assuming that will be refunded.,25274,"@121465 We would be happy to discuss that in real time by phone or chat, use the following link:  https://t.co/hApLpMlfHN ^CH",Sat Nov 04 00:29:17 +0000 2017,True,INFORMATIVE_RESOLUTION,ORDER_TRACKING_DELAY
th_25279,25279,121467,@AmazonHelp Yes I have contacted Amazon and this problem is going to cost me a lot of money and as of right now there is solution.,25277,"@121467 When you contacted us previously, what options or insights were provided to you? ^CH",Sat Nov 04 00:21:39 +0000 2017,True,INFORMATIVE_RESOLUTION,OTHER_GENERAL
th_25287,25287,121470,@AmazonHelp Will I get a refund? I paid extra for next day delivery.,25286,"@121470 When you can, please reach us via phone or chat here: https://t.co/oGDklGgbCZ so we can look into available options. ^SJ",Sat Nov 04 00:03:42 +0000 2017,True,INFORMATIVE_RESOLUTION,REFUND_RETURN_INQUIRY
th_25293,25293,121470,@AmazonHelp where is my order? I paid for 1 day delivery yesterday and no notification to say to pick it up at the pick up point.,25292,@121470 I am sorry for the wait! What's the latest tracking/delivery date shown in Your Orders here: https://t.co/aaDyEz1VgE. ^LM,Fri Nov 03 20:23:07 +0000 2017,True,INFORMATIVE_RESOLUTION,ORDER_TRACKING_DELAY
th_25295,25295,121471,@AmazonHelp Yup and this is the third time,25297,@121471 I'm sorry to hear this! Does this tend to happen with a certain carrier? Keep us updated! ^AB,Sat Nov 04 16:10:55 +0000 2017,True,INFORMATIVE_RESOLUTION,OTHER_GENERAL
th_25298,25298,121471,@AmazonHelp Yeah it happens with you! Stuff that is marked amazon prime and says I'll get it in two days and then at 8pm on the second day changes ETA.,25299,"@121471 We'd like to have a specialist look into this. When you get the chance, leave us some details here: https://t.co/YsS78D9Zkk ^TH",Sat Nov 04 17:26:35 +0000 2017,True,INFORMATIVE_RESOLUTION,PRIME_MEMBERSHIP_BILLING
th_25306,25306,121473,@AmazonHelp Wasn’t even brought up. I called and used the chat. Very disappointed.,25304,@121473 My team would like to look into helping with this. Please provide your info &amp; we will reach out: https://t.co/2kHRWcnKYj ^RM,Sat Nov 04 00:09:35 +0000 2017,True,INFORMATIVE_RESOLUTION,OTHER_GENERAL
th_25834,25834,121644,"@AmazonHelp yeah, other screen shot is confirmation email. Also logged in with same account.",25831,@121644 Pls reach out here so we can check this for you Kris https://t.co/q8uNognC5E ^KM,Wed Nov 01 09:48:23 +0000 2017,True,INFORMATIVE_RESOLUTION,OTHER_GENERAL
th_25838,25838,121645,@AmazonHelp @121644 I am also having the same predicament! I got a confirmation message and email but am unable to access the presale!,25840,"@121645 Hi, have you been able to check you're logged in using the same email/password combination? ^TS",Wed Nov 01 09:48:39 +0000 2017,True,INFORMATIVE_RESOLUTION,OTHER_GENERAL
th_25847,25847,121648,@AmazonHelp Amazon Cust Cre is not able to resolve my problem related to refund. Checkout details of my a/c.(Reg Mob No: 9867111188),25849,"@121648 Please don't provide your order details, as we consider it to be personal information. Our Twitter page is public.​ (2/2) ^SI",Wed Nov 01 10:00:44 +0000 2017,True,INFORMATIVE_RESOLUTION,REFUND_RETURN_INQUIRY
th_25855,25855,121649,@AmazonHelp What is this ? Two days in a row it has gone to wrong courier facility ? No follow ups from amazon !! https://t.co/ixGAtTiBR0,25857,"@121649 Sorry about that. I’d like to help you, please fill this form: https://t.co/beaaDm0muc and I’ll contact you soon. ^SY",Thu Nov 02 07:37:47 +0000 2017,True,INFORMATIVE_RESOLUTION,ORDER_TRACKING_DELAY
th_25860,25860,121649,"@AmazonHelp I did fill up the form twice, still waiting for a phone call back!",25862,@121649 You should have received a correspondence if you have shared the details. (1/2) ^JS,Fri Nov 03 12:46:58 +0000 2017,True,INFORMATIVE_RESOLUTION,OTHER_GENERAL
th_25871,25871,121651,"@AmazonHelp The book has been previously published, but I own all rights to it as they reverted back to me this month. 2/2",25872,@121651 Did our publisher team set a time-frame for the approval process? ^KN,Wed Nov 01 09:56:39 +0000 2017,True,INFORMATIVE_RESOLUTION,OTHER_GENERAL
th_25873,25873,121651,"@AmazonHelp No, but I emailed to offer a copy of my rights reversion letter and ""in review"" just changed to ""publishing"" on my KDP page. Appears ok.",25874,@121651 Just let us know if you need anything else. ^BM,Wed Nov 01 10:19:39 +0000 2017,True,INFORMATIVE_RESOLUTION,OTHER_GENERAL
th_25881,25881,121654,@119356 @AmazonHelp @1560 I have purchased a keybrd &amp;mouse mrp shows 787 bt bill amt 799 from amazon .. https://t.co/LA3QOEQZo0,25880,"@121654 Please don't provide your order details, we consider it to be personal info. Our page is visible to the public. 3/3 ^KA",Wed Nov 01 09:18:07 +0000 2017,True,INFORMATIVE_RESOLUTION,OTHER_GENERAL
th_25889,25889,121656,@AmazonHelp Still the issue is open....how come its taking so long?,25891,@121656 Please share your details from the link here: https://t.co/beaaDm0muc and we will assist you accordingly. (2/2)^HR,Mon Nov 06 06:43:30 +0000 2017,True,INFORMATIVE_RESOLUTION,OTHER_GENERAL
th_25894,25894,121656,@AmazonHelp Rcvd incomplete reply. Complaint not being read properly. It is a response about Gift cards. Query on Amazon Pay Bal. not being answered.,25895,@121656 Sorry for the disappointment. Please reply to the email you've received from our team and we'll get back. ^KA,Tue Nov 07 03:46:21 +0000 2017,True,INFORMATIVE_RESOLUTION,OTHER_GENERAL
th_25896,25896,121656,"@AmazonHelp I clicked ""NO"" on whether the issue was resolved. And once again narrated my prob in online feedback portal. Customer service is abysmal",25897,"@121656 I understand your upset, may I know if you've replied to the email sent by the Social Media team? ^EM",Tue Nov 07 04:15:18 +0000 2017,True,INFORMATIVE_RESOLUTION,OTHER_GENERAL
th_25898,25898,121656,@AmazonHelp At the bottom it was mentioned-  Did I solve your problem? I clicked NO and detailed the issue on the feedback portal.,25899,@121656 Sorry for the trouble with the resolution. We'll get in touch with an update soon. Appreciate your understanding. ^AK,Tue Nov 07 05:30:18 +0000 2017,True,INFORMATIVE_RESOLUTION,OTHER_GENERAL
th_25901,25901,121656,@AmazonHelp Still no reply...my complaint is still pending,25905,@121656 Apologies for the ordeal. Kindly reply to our correspondence here: https://t.co/8DAc10S7ww and we'll check this further for you. ^VN,Thu Nov 09 15:03:41 +0000 2017,True,INFORMATIVE_RESOLUTION,OTHER_GENERAL
th_25906,25906,121656,@AmazonHelp There is no provision to make a reply...Why aren't you replying my question on amazon pay balance??? @115851 - #amazonsucks,25907,@121656 Please check the link above and reply to our email. You will have an option to reply to the email. ^PS,Fri Nov 10 03:43:23 +0000 2017,True,INFORMATIVE_RESOLUTION,OTHER_GENERAL
th_25908,25908,121656,@AmazonHelp Where?? I am fed up....you guys are useless....you deducted my Amazon Pay Balance without alerting me. #amazonsucks @115851 https://t.co/FxG86Khf6f,25909,@121656 Sorry about that. Kindly write back to the email you've received from our team and we will respond on the same. ^GK,Fri Nov 10 06:29:27 +0000 2017,True,INFORMATIVE_RESOLUTION,OTHER_GENERAL
th_25910,25910,121656,@AmazonHelp No Not Again. I have written it at least thrice by now...and narrated the same over my phone call...not again. You go and read. Why did you not alert me before deducting the pay balance??? @115851 #amazonsucks,25911,"@121656 Twitter being a public platform we do not have access to your account details, please reply to the email for better insight of the issue. ^SI",Fri Nov 10 07:53:54 +0000 2017,True,INFORMATIVE_RESOLUTION,OTHER_GENERAL
th_25912,25912,121656,@AmazonHelp I have replied and emailed and web posted....enough...you go trace it out. #amazonsucks @115851,25913,"@121656 Thanks for the update, we'll get back to you with a resolution soon. ^MJ",Fri Nov 10 08:37:44 +0000 2017,True,INFORMATIVE_RESOLUTION,OTHER_GENERAL
th_25915,25915,121656,@AmazonHelp @115851 I recvd another response. Each time response content is same. Not once has my question on amazon pay balance been answered. @115851 #amazonsucks,25916,"@121656 If your query hasn't been answered, please share your details here: https://t.co/M5hlPnM6fv and I'll get back to you. ^SH",Sat Nov 11 07:41:39 +0000 2017,True,INFORMATIVE_RESOLUTION,OTHER_GENERAL
th_25921,25921,121656,@AmazonHelp I recvd for Gift Card Expiry and redeemed to add Rs.1000 to my Pay Balance. Did not recv alert for Pay Balance expiry. Check my email to cs.,25920,@121656 I'm sorry to know that you did not receive any email. Request you to connect with us here:https://t.co/vlvfJr4nN9. ^OS,Tue Oct 31 13:21:15 +0000 2017,True,INFORMATIVE_RESOLUTION,OTHER_GENERAL
th_25923,25923,121656,@AmazonHelp I never received an alert that my Amazon pay balance was about to expire.,25922,"@121656 We send an alert 15 and 30 days prior to the expiration to your registered email ID, please check. ^HA",Tue Oct 31 13:03:15 +0000 2017,True,INFORMATIVE_RESOLUTION,OTHER_GENERAL
th_25925,25925,121656,@AmazonHelp Please check my email sent your cs ... and revert. #this #sucks,25924,"@121656 Please tell us what went wrong Rajdeep, so that we can check this for you. ^HN",Tue Oct 31 10:54:27 +0000 2017,True,INFORMATIVE_RESOLUTION,OTHER_GENERAL
th_25944,25944,121649,@AmazonHelp But why I was not shown the option of next day delivery whereas it is currently shown right now.,25945,@121649 Please get in touch with us via https://t.co/TxK11znixD and check it out for you. ^AM,Wed Nov 01 10:20:40 +0000 2017,True,INFORMATIVE_RESOLUTION,ORDER_TRACKING_DELAY
th_25952,25952,121402,@AmazonHelp Fresh completely ignored my messages and you guys just ask how u can help then disappear when i ask. https://t.co/XPjmFqRyA4,25951,@121402 You need to contact Amazon Fresh via here: https://t.co/JzP7hlA23B and we can help further. ^AS,Wed Nov 01 09:42:43 +0000 2017,True,INFORMATIVE_RESOLUTION,OTHER_GENERAL
th_25959,25959,120612,@AmazonHelp How many times we have to fill the forms. 23rd we raised the case 4063530272.Today it's 1st Nov.Still in waiting.And we loose 4 orders,25958,"@120612 your order details, we consider it to be personal info. Our page is visible to the public. (3/3)^SF",Wed Nov 01 09:11:44 +0000 2017,True,INFORMATIVE_RESOLUTION,OTHER_GENERAL
th_25974,25974,121666,@AmazonHelp why am I getting ‘delivered’ updates when they haven’t been?!,25973,"@121666 I'm sorry to hear this! Just to confirm,what is the current status of this package showing ? https://t.co/hApLpMlfHN ^MW",Tue Oct 31 12:58:23 +0000 2017,True,INFORMATIVE_RESOLUTION,ORDER_TRACKING_DELAY
th_26854,26854,121883,@AmazonHelp The date was changed at the end of the day it was supposed to be delivered. Now it suggests it's going to take 1-2 days more.,26856,@121883 My apologies for that. Please let us know if it's not received within the revised delivery estimate. ^DC,Wed Nov 01 10:13:09 +0000 2017,True,INFORMATIVE_RESOLUTION,ORDER_TRACKING_DELAY
th_26880,26880,121886,"@AmazonHelp hi, I have a credit card charge for prime every month when I am not a subscriber. Can you help?",26879,@121886 I'm sorry about the charge. Please report this to our support team here: https://t.co/vlvfJr4nN9 we'll be happy to help. ^AR,Wed Nov 01 09:44:10 +0000 2017,True,INFORMATIVE_RESOLUTION,PRIME_MEMBERSHIP_BILLING
th_26886,26886,121888,@AmazonHelp It’s not working!!,26889,@121888 Oh no! What's the issue? What does it show? ^PK,Wed Nov 01 10:08:35 +0000 2017,True,INFORMATIVE_RESOLUTION,OTHER_GENERAL
th_26906,26906,121892,@AmazonHelp It’s not letting me copy the link,26908,"@121892 You should be able to tap/click on that link. If not, can you please use another device to see if it works? ^RL",Wed Nov 01 10:06:47 +0000 2017,True,INFORMATIVE_RESOLUTION,OTHER_GENERAL
th_26907,26907,121892,@AmazonHelp Hi I am not happy at all NO response from @115830 this is not acceptable it’s Racism which I wouldn’t expect from Amazon...... https://t.co/jjAJS8njHt,26905,"@121892 Hi, can you get in touch using https://t.co/J7gpEjazfN and I'll have a specialist look into this? ^BM",Wed Nov 01 09:45:14 +0000 2017,True,INFORMATIVE_RESOLUTION,OTHER_GENERAL
th_26914,26914,121893,@AmazonHelp Just now! I gave you the benefit of the doubt but I have now cancelled the order.,26912,"@121893 Hi, what info did we give about the dispatch issue? Were any options provided? ^TS",Wed Nov 01 09:54:00 +0000 2017,True,INFORMATIVE_RESOLUTION,ORDER_TRACKING_DELAY
th_26916,26916,121893,@AmazonHelp Between 24th and 26th I believe,26915,@121893 Have you contacted us about the delay: https://t.co/JzP7hlA23B? ^KB,Tue Oct 31 22:07:16 +0000 2017,True,INFORMATIVE_RESOLUTION,OTHER_GENERAL
th_26918,26918,121893,"@AmazonHelp Pre ordered a book and treated myself to another book, neither have even dispatched! The order is still at will dispatch on 22nd Oct.",26917,@121893 When you placed the order what was the stated delivery date? You can quickly check from here:  https://t.co/aaDyEz1VgE ^CH,Tue Oct 31 21:54:20 +0000 2017,True,INFORMATIVE_RESOLUTION,ORDER_TRACKING_DELAY
th_26928,26928,121896,@AmazonHelp It was supposed to arrive yesterday and now it's changed to by the 6th. Bit confused with the fact there is partial tracking information.,26930,"@121896 Let's take a look into this together. When you get the chance, please reach out to us here: https://t.co/JzP7hlA23B ^TH",Wed Nov 01 10:05:17 +0000 2017,True,INFORMATIVE_RESOLUTION,ORDER_TRACKING_DELAY
th_26929,26929,121896,"@AmazonHelp Hi, just curious as to why tracking details for my item haven't been updated. Can you help? https://t.co/Ko30E2efuK",26927,"@121896 Hi, tracking isn't available for all parcels, do you see a carrier name? What expected delivery date is provided? ^TS",Wed Nov 01 09:50:57 +0000 2017,True,INFORMATIVE_RESOLUTION,ORDER_TRACKING_DELAY
th_26936,26936,121897,@AmazonHelp I don’t seem to be able to play my Spotify playlists on Echo either - it doesn’t recognise the titles. Which command should I use?,26937,@121897 Here's a link to our page about music commands. Do you have Spotify Premium? Looks like it's required. https://t.co/ZAWkX10RMf ^EM,Wed Nov 01 11:15:32 +0000 2017,True,INFORMATIVE_RESOLUTION,PRODUCT_TECH_SUPPORT
th_26945,26945,121898,@AmazonHelp Before 2 month I have purchased 32 inches TCL led tvAnd now there is a problem in that tvAnd TCL is not helping me,26947,@121898 please get back to us with a service denial letter and we'll look into this for you. 4/4 ^AR,Wed Nov 01 10:06:26 +0000 2017,True,INFORMATIVE_RESOLUTION,OTHER_GENERAL
th_26951,26951,121898,@AmazonHelp So if there service is not good then why you are allowing them to sell their products on your portal...You will help me or not,26953,@121898 I'm sorry but we'll not be able to look into this until we receive a service denial letter. ^HK,Wed Nov 01 10:19:18 +0000 2017,True,INFORMATIVE_RESOLUTION,OTHER_GENERAL
th_26961,26961,121901,"@AmazonHelp Not yet, have tried to contact the seller several times and no response. Not got access to a laptop to further the complaint at the moment",26963,"@121901 We want to help out! So when you have the ability to contact us, here's a link to reach out: https://t.co/JzP7hlA23B ^MJ",Wed Nov 01 10:02:20 +0000 2017,True,INFORMATIVE_RESOLUTION,OTHER_GENERAL
th_26971,26971,121902,@AmazonHelp tried but it's not happening. This is what is service level. When someone asking for call back you guys showing different way,26968,@121902 Could you please let us know what went wrong while trying to reach us? (2/2)^HR,Mon Oct 30 05:58:25 +0000 2017,True,INFORMATIVE_RESOLUTION,OTHER_GENERAL
th_26975,26975,121902,@AmazonHelp can someone from your team call me.,26973,@121902 You may reach out to our support team via phone/chat/email here: https://t.co/2t6DQoUmNZ. ^MM,Mon Oct 30 05:51:56 +0000 2017,True,INFORMATIVE_RESOLUTION,OTHER_GENERAL
th_26977,26977,121902,"@AmazonHelp true, if not then why should I tweet. You guys are just making us fool",26976,"@121902 I understand you're upset. Please do let us know what went wrong, we'd like to assist you. ^EM",Mon Oct 30 03:57:01 +0000 2017,True,INFORMATIVE_RESOLUTION,OTHER_GENERAL
th_27352,27352,121990,@AmazonHelp I was told for the past 3 days to check my local office because I shoud have the items by now,27354,@121990 Could you please confirm if these items were shipped by Amazon or by a seller? You can find that here: https://t.co/Y5jpI9gRhE ^SD,Wed Nov 01 10:44:05 +0000 2017,True,INFORMATIVE_RESOLUTION,OTHER_GENERAL
th_27355,27355,121990,@AmazonHelp I believe one item was shipped by Amazon and I know one was by the seller,27356,@121990 Have we missed the delivery dates given in checkout/confirmation e-mail for both orders: https://t.co/o6Xzbu6RMj ^KN,Wed Nov 01 10:53:18 +0000 2017,True,INFORMATIVE_RESOLUTION,ORDER_TRACKING_DELAY
th_27406,27406,121889,@AmazonHelp trying to book morrissey tickets. Saying I've exceeded amount. No I haven't. Help me.,27405,@121889 Sorry to hear this. Please reach out to us here: https://t.co/CJO45iBHVu and we can look into this. ^PK,Wed Nov 01 10:05:11 +0000 2017,True,INFORMATIVE_RESOLUTION,OTHER_GENERAL
th_27408,27408,122008,@AmazonHelp Your Morrissey pre sale is not working for several people. Please fix. Even 1 ticket allegedly exceeds the maximum amount,27411,@122008 Sorry to hear that. Please reach out here: https://t.co/LVpSYqWoj4 and we'll look into it for you. ^RS,Wed Nov 01 10:19:38 +0000 2017,True,INFORMATIVE_RESOLUTION,OTHER_GENERAL
th_27814,27814,122086,@AmazonHelp I am unable to find a will to live on your site it just keeps showing me books. Very dissappointing,27812,@122086 What exactly are you looking for Hannah? ^KM,Wed Nov 01 10:27:06 +0000 2017,True,INFORMATIVE_RESOLUTION,OTHER_GENERAL
th_27816,27816,122087,@AmazonHelp I placed a pantry order with Amazon India,27818,@122087 Apologies. We'd like to check this for you. Please contact us here: https://t.co/vlvfJr4nN9. ^OS,Wed Nov 01 12:15:33 +0000 2017,True,INFORMATIVE_RESOLUTION,ORDER_TRACKING_DELAY
th_27817,27817,122087,@Amazonhelp Shame on fraud by Amazon Pantry,27815,"@122087 Hi, are you having trouble with a Pantry order? Did you place your order on Amazon.de? ^TS",Wed Nov 01 10:29:01 +0000 2017,True,INFORMATIVE_RESOLUTION,ESCALATION_HIGH_RISK
th_27825,27825,122091,@AmazonHelp I don’t have an amazon account. The parcel has been delivered to the wrong address.,27827,"@122091 Oh, ok. You can get in touch using https://t.co/rkZgLcLkcO. ^BM",Wed Nov 01 11:00:51 +0000 2017,True,INFORMATIVE_RESOLUTION,ORDER_TRACKING_DELAY
th_27826,27826,122091,@AmazonHelp I’ve found a parcel at my door that’s not mine.Googled address and it’s not recognised. How do I return it ?,27824,@122091 Sorry for any troubles! We can help set up the return. Reach out here for further assistance: https://t.co/JzP7hlA23B ^TH,Wed Nov 01 10:25:36 +0000 2017,True,INFORMATIVE_RESOLUTION,REFUND_RETURN_INQUIRY
th_27840,27840,122095,"@AmazonHelp Thankfully it is! The Amazon box was squashed, but the phone box is robust &amp; withstood it! The 'you were out' slip he left was a Hermes one?",27842,"@122095 We'd like to address your feedback about this. When you have a moment, pls reach us via phone: https://t.co/JzP7hlA23B ^KN 2/2",Wed Nov 01 10:43:30 +0000 2017,True,INFORMATIVE_RESOLUTION,OTHER_GENERAL
th_27841,27841,122095,@AmazonHelp @115830 My package was just 'delivered' - Your driver left it (my new phone) in an open/unsecured cupboard in my carport...,27839,@122095 Oh no! Was the item ok? ^BM,Wed Nov 01 10:37:07 +0000 2017,True,INFORMATIVE_RESOLUTION,ORDER_TRACKING_DELAY
th_27846,27846,122096,@AmazonHelp Ok..Fine but you should have to solve my problem,27848,@122096 Could you confirm if you have shared the details through the link provided above? ^PR,Wed Nov 01 14:14:55 +0000 2017,True,INFORMATIVE_RESOLUTION,OTHER_GENERAL
th_27849,27849,122096,@AmazonHelp Ya of course ...so what i have to do....to confirm it?,27850,"@122096 If you've shared your details, we'll work on it and get back to you at the earliest. ^HN",Wed Nov 01 14:38:06 +0000 2017,True,INFORMATIVE_RESOLUTION,OTHER_GENERAL
th_27851,27851,122096,@AmazonHelp Ooh..Thanks for your positive reply.Hope you will return the money as soon as possible.,27852,"@122096 We will get back to you with the best possible resolution, Amar. ^KS",Wed Nov 01 14:52:30 +0000 2017,True,INFORMATIVE_RESOLUTION,REFUND_RETURN_INQUIRY
th_27862,27862,122098,@120834 @AmazonHelp As a trial I had Glasgow WORKING - but Brighton is a non-starter as others have reported - and indeed yourself.  #terribleservice,27861,@122098 Sorry to hear that. Please reach out here: https://t.co/adGZMh2kgt and we'll look into it for you. ^RS,Wed Nov 01 10:22:05 +0000 2017,True,INFORMATIVE_RESOLUTION,OTHER_GENERAL
th_27875,27875,122101,@AmazonHelp I am requesting to return this product since last 15 days but no response at all. WORST return policy I have ever seen.....,27873,@122101 I'm sorry about the delay. Kindly share your details here: https://t.co/GIJyeYqKE0 and I'll look into this. ^SG,Wed Nov 01 10:12:44 +0000 2017,True,INFORMATIVE_RESOLUTION,REFUND_RETURN_INQUIRY
th_27877,27877,122101,@AmazonHelp I purchased redmi4 few function of phone not working and camera quality not good. Hence don't want to replace this with same product.,27876,"@122101 here: https://t.co/2t6DQoUmNZ, we'll help look into it. 2/2 ^AP",Fri Oct 20 09:21:12 +0000 2017,True,INFORMATIVE_RESOLUTION,OTHER_GENERAL
th_27883,27883,122102,@AmazonHelp But I haven’t even consented to prime before I want my money back,27885,"@122102 I know this can be frustrating. After you have canceled the membership, it will automatically process a refund. ^AL",Wed Nov 01 11:41:36 +0000 2017,True,INFORMATIVE_RESOLUTION,PRIME_MEMBERSHIP_BILLING
th_27890,27890,122103,"@AmazonHelp Yo... I've had this, is this you or is it something dodge? https://t.co/HhSD6KpG7i",27888,@122103 You can find tips here on identifying a legitimate e-mail: https://t.co/bjVXyZmUsD Let us know if you have any questions! ^KN,Wed Nov 01 10:17:11 +0000 2017,True,INFORMATIVE_RESOLUTION,OTHER_GENERAL
th_27894,27894,122104,@AmazonHelp Most orders I place now say that shipping date will be notified rather than an exact date. Expedited shipping taking 14 days? https://t.co/B8jCCoJ9Xo,27897,"@122104 I'm sorry for the delay! For more information on shipping to PR, visit us here: https://t.co/ShggNRpgAX ^TK",Wed Nov 01 11:09:36 +0000 2017,True,INFORMATIVE_RESOLUTION,OTHER_GENERAL
th_27895,27895,122104,@AmazonHelp To be honest after three weeks where things haven't shipped I'm now canceling orders,27893,"@122104 Hi Siobhan, we aim to provide the expected delivery date in your order confirmation email. Has the date changed since then? ^TS",Wed Nov 01 10:17:18 +0000 2017,True,INFORMATIVE_RESOLUTION,ORDER_TRACKING_DELAY
th_27913,27913,122107,.@120474 @AmazonHelp  Very good. Pre-order album to get access to pre-sale then it doesn't work. https://t.co/wy0wzkEFdQ,27909,@122107 Sorry to see that. Please get in touch using https://t.co/xX9atdLZvE. ^BM,Wed Nov 01 10:18:27 +0000 2017,True,INFORMATIVE_RESOLUTION,ORDER_TRACKING_DELAY
th_28399,28399,122219,@AmazonHelp .@115821 another week of no information,28400,"@122219 Hi, please reply to the most recent email sent from us to request an update.^TS",Tue Nov 07 11:43:22 +0000 2017,True,INFORMATIVE_RESOLUTION,OTHER_GENERAL
th_28401,28401,122219,@AmazonHelp .@115821 I have done this many times and received nothing. Coming up on three months. First package three weeks late today,28402,@122219 I can confirm we have received your info and are looking into this situation. We will contact you soon w/ more info. ^MW,Tue Nov 07 12:11:48 +0000 2017,True,INFORMATIVE_RESOLUTION,ORDER_TRACKING_DELAY
th_28397,28397,122219,@AmazonHelp I have never been provided with info of any kind. Every three days I proactively ask and someone tells me to keep waiting with no details.,28394,@122219 We are still working on this! Please be sure to watch your e-mail for further updates on this issue. ^MW,Wed Nov 01 10:50:23 +0000 2017,True,INFORMATIVE_RESOLUTION,OTHER_GENERAL
th_28411,28411,122219,@AmazonHelp Still nothing. Package now two weeks late. How patient do I have to be with an issue I brought to you two months ago? @115821,28410,"@122219 Hi, apologies for the wait. What was the most recent info we provided? ^TS",Wed Nov 01 10:36:53 +0000 2017,True,INFORMATIVE_RESOLUTION,ORDER_TRACKING_DELAY
th_28413,28413,122219,@AmazonHelp @115821 Two more days and still nothing. Delivery over a week late now. This has been going on for two months.,28412,@122219 We are still working on this! Please be sure to check your e-mail for further updates. ^ZW,Thu Oct 26 12:25:01 +0000 2017,True,INFORMATIVE_RESOLUTION,ORDER_TRACKING_DELAY
th_28423,28423,122219,@AmazonHelp @115821 it's the South Park game on PS4 coming out next week. I actually am not sure I want it but I can't see its price or cancel it,28417,@122219 I'd like a member of our team to look into this for you. Please provide your details here: https://t.co/iLpO4PfSwl ^RA,Tue Oct 10 19:12:00 +0000 2017,True,INFORMATIVE_RESOLUTION,REFUND_RETURN_INQUIRY
th_28425,28425,122219,@AmazonHelp Yes I am. Your rep said he would call me back last Friday and still hasn't. Order still unresolved. Spent three hours on this @115821,28424,@122219 Can we get you to link us to the item you are trying to get delivered? ^MH,Tue Oct 10 18:45:30 +0000 2017,True,INFORMATIVE_RESOLUTION,ORDER_TRACKING_DELAY
th_28427,28427,122219,@AmazonHelp I ordered the items on preorder a year and a half ago. I can't view the order so I have no idea what's going on and amazon doesn't either,28426,@122219 Are you currently able to log into Amazon and view your other orders? ^LB,Fri Oct 06 12:06:50 +0000 2017,True,INFORMATIVE_RESOLUTION,ORDER_TRACKING_DELAY
th_28429,28429,122219,@AmazonHelp .to wait 1-2 days. Then nothing happens. I am stuck spending an hour re explaining it each time,28428,@122219 Was the item in stock when you placed the order? Is it currently still showing as pending shipment? ^NV,Fri Oct 06 11:56:49 +0000 2017,True,INFORMATIVE_RESOLUTION,OTHER_GENERAL
th_28431,28431,122219,@AmazonHelp I have had an order frozen for a month. Spoken to reps 5x and it still isn't fixed. Why can't you fix the order?,28430,@122219 That's strange! Sorry to hear this. What did the reps advise? ^PK,Fri Oct 06 11:46:08 +0000 2017,True,INFORMATIVE_RESOLUTION,ORDER_TRACKING_DELAY
th_28437,28437,122220,@AmazonHelp versendet ihr heute Call of Duty WW2 oder erst morgen ! Weil das Spiel Freitag raus kommt 🙈😂 hoffe es kommt pünktlich an bei mir,28436,"@122220 Wir versenden so, dass es am Freitag bei dir zugestellt werden kann. Liebe Grüße ^AN",Wed Nov 01 10:45:41 +0000 2017,True,INFORMATIVE_RESOLUTION,OTHER_GENERAL
th_28439,28439,122221,"@AmazonHelp @AmazonHelp Tx but I mean sending a personalized message w/gift saying ""Happy Bday"" or ""Congratulations"", etc.",28441,@122221 Check out this link for details on adding gift messages to orders https://t.co/KOIol39FLF ^KM,Wed Nov 01 11:34:57 +0000 2017,True,INFORMATIVE_RESOLUTION,OTHER_GENERAL
th_28440,28440,122221,@AmazonHelp 4 gifts do u hv an option 4 cards so an accompanying message cn b sent with the gift?,28438,"@122221 Hello, Ein! You can find out what customization options are available for a gift card here: https://t.co/qT5dfap6hx ^MW",Wed Nov 01 10:44:10 +0000 2017,True,INFORMATIVE_RESOLUTION,OTHER_GENERAL
th_28444,28444,122222,@AmazonHelp Hi please could i have a DM regarding a recent order. Thanks,28443,@122222 You can send us a Direct Message by using the link below. ^TH https://t.co/1XyLaGkcaN,Wed Nov 01 10:41:47 +0000 2017,False,PURE_DM_REQUEST_NO_GUIDANCE,ORDER_TRACKING_DELAY
th_28474,28474,122230,@115850 @AmazonHelp Not able to make payment for order #408-8438988-8961968.Amount deducted 4 times &amp; still order not placed #worstservice,28473,@122230 Please don't provide your order details as we consider it personal information. Our twitter page is visible to public.(2/2)^CB,Wed Nov 01 10:25:40 +0000 2017,True,INFORMATIVE_RESOLUTION,ORDER_TRACKING_DELAY
th_28478,28478,122231,"@AmazonHelp Hello again Amazon, according to @122232 the problem is because you passed on my landline number and not my mobile for last two orders",28476,"@122231 Hi, please get in touch here https://t.co/JzP7hlA23B and we'll look into this for you. ^BM",Wed Nov 01 10:33:46 +0000 2017,True,INFORMATIVE_RESOLUTION,OTHER_GENERAL
th_28456,28456,122225,@121284 @AmazonHelp thanks for the reply,28880,@122225 No worries at all. Do let us know if you have any other concerns. ^MS,Wed Nov 01 10:57:17 +0000 2017,True,INFORMATIVE_RESOLUTION,OTHER_GENERAL
th_28882,28882,122362,@AmazonHelp I have booked a package to my office address. Actually every week Saturday is holiday but this week it's on Monday.(1/2),28881,"@122362 Sreedhar, please get in touch with our support team here: https://t.co/vlvfJr4nN9 and we'll check this for you. ^HN",Wed Nov 01 10:57:43 +0000 2017,True,INFORMATIVE_RESOLUTION,ORDER_TRACKING_DELAY
th_28885,28885,122363,"@AmazonHelp I am getting same response past 2 months. I am asking for status, not a messages that u sent !",28887,@122363 Please respond to the same email you've received from the Social Media team and we'll check this for you. ^HN,Wed Nov 01 11:14:54 +0000 2017,True,INFORMATIVE_RESOLUTION,OTHER_GENERAL
th_28888,28888,122363,"@AmazonHelp I have replied all ur emails. But, after last week no response on the status and didn’t get message from you today as u mentioned.",28889,"@122363 Apologies. Could you confirm If you are receiving emails from our team after you respond to them? If not, let us know. ^NK",Wed Nov 01 12:00:29 +0000 2017,True,INFORMATIVE_RESOLUTION,OTHER_GENERAL
th_28890,28890,122363,@AmazonHelp Yes. Without any change of content. Amazon is sending all emails with “apologize” and we will take action within 3-5 days for past 60 days,28891,"@122363 Sorry for the inconvenience. Request you to respond to the email you've received from social media team, (1/2)^SU",Wed Nov 01 12:19:55 +0000 2017,True,INFORMATIVE_RESOLUTION,OTHER_GENERAL
th_28886,28886,122363,@AmazonHelp Is there any action taken on my issue. Now it’s 3rd month and still struggling with amazon ! 🙄🙄🙄,28884,@122363 You can check for our response here: https://t.co/DTSNmGldJf. Hope this helps. ^CB,Wed Nov 01 10:56:58 +0000 2017,True,INFORMATIVE_RESOLUTION,OTHER_GENERAL
th_28897,28897,122363,@AmazonHelp Thanks. Updated the information on the given link. Is this again going to be 3-5 days?,28896,@122363 Thank you for sharing the details. We'll check your concern and reach out to you at earliest. Rest assured. ^SV,Thu Oct 26 15:16:06 +0000 2017,True,INFORMATIVE_RESOLUTION,OTHER_GENERAL
th_28902,28902,122364,@115850 @AmazonHelp @115821 I am Prime Member &amp; Paid an Order Using Pay Balance but got this as Refund for a Cancelled Order What's This https://t.co/vuy3mKbAX3,28900,@122364 Sorry for the trouble with the refund. We'd like to help. Kindly get in touch with us here: https://t.co/rS49hgaADF ^AK,Wed Nov 01 10:40:09 +0000 2017,True,INFORMATIVE_RESOLUTION,PRIME_MEMBERSHIP_BILLING
th_28910,28910,122366,@AmazonHelp I cant get to this link bcoz it is saying to login amaozn aocunt.but my acount is on hold.plz unhold my account,28911,"@122366 Apologies for the hassle. As the account is on hold, you should have received an email from our specialist team. ^HN",Wed Nov 01 11:19:35 +0000 2017,True,INFORMATIVE_RESOLUTION,ACCOUNT_LOGIN_SECURITY
th_28912,28912,122366,@AmazonHelp Nd they want fax id proff.but i have different adress on my id proof,28914,@122366 respond with required details for further assistance. 2/2 ^KH,Wed Nov 01 12:00:01 +0000 2017,True,INFORMATIVE_RESOLUTION,OTHER_GENERAL
th_28918,28918,122366,@AmazonHelp Inconimg option not availble on the mail id,28920,@122366 Kindly reply to the email you've received from our account specialist team for further assistance on this issue. (2/2) ^RI,Wed Nov 01 12:42:41 +0000 2017,True,INFORMATIVE_RESOLUTION,OTHER_GENERAL
th_28923,28923,122366,@AmazonHelp Sir u r making me fool.when i cant reply on that mail.everytimwe i will receive the same rpely https://t.co/i2uM1l3cSj,28924,@122366 Please don’t provide account details as we consider them personal info. Our Twitter page is visible to public. (3/3)^BS,Wed Nov 01 13:55:36 +0000 2017,True,INFORMATIVE_RESOLUTION,OTHER_GENERAL
th_28928,28928,122366,@AmazonHelp __email__ is my register email id..it is bloked not repsse by ur https://t.co/9WDCBaW4P6 stuck,28929,"@122366 Please don't provide your order details, as we consider it to be personal information. 2/2 ^AP",Mon Nov 06 11:13:17 +0000 2017,True,INFORMATIVE_RESOLUTION,OTHER_GENERAL
th_28931,28931,122366,@AmazonHelp Now plz reach me soon and call me refund my money,28932,"@122366 Thank you for providing the details, Pardeep. We're working on it &amp; we'll get back to you with an update soon. ^SY",Mon Nov 06 11:31:36 +0000 2017,True,INFORMATIVE_RESOLUTION,REFUND_RETURN_INQUIRY
th_28933,28933,122366,@AmazonHelp Do fast it is taking so much time already,28934,"@122366 I totally understand your frustration. As informed, we'll look into it and update you accordingly. ^AM",Mon Nov 06 14:01:33 +0000 2017,True,INFORMATIVE_RESOLUTION,OTHER_GENERAL
th_28913,28913,122366,@AmazonHelp I got d mail.but the r asking for mobile bill electricirty bill..but i have none of these.tranefr my money in bank,28936,"@122366 I understand your concern. However, as you've received an email from our specialist team. I'd request you to 1/2 ^KH",Wed Nov 01 11:59:34 +0000 2017,True,INFORMATIVE_RESOLUTION,OTHER_GENERAL
th_28947,28947,122370,"@AmazonHelp Dear amazone, one of my order is not delivered Philips head phone with mic please take as priorityI am not happy to your delivery boy",28946,"@122370 As mentioned earlier, please share your details in the link provided to you previously. ^SC",Wed Nov 01 10:51:55 +0000 2017,True,INFORMATIVE_RESOLUTION,ORDER_TRACKING_DELAY
th_28952,28952,122370,@AmazonHelp Please take action again delivery boy this is my first time with amazone feeling such like of experience and please also tell what action,28951,"@122370 We'd like to look into this and help, kindly share your details here: https://t.co/GIJyeYqKE0, and we'll reach out to you. ^MA",Tue Oct 31 12:15:18 +0000 2017,True,INFORMATIVE_RESOLUTION,ORDER_TRACKING_DELAY
th_28957,28957,122371,@AmazonHelp Sir pls update ur page abt prizes !! Or it seems to be a gimmick for us..,28959,"@122371 Are you looking for the results of the iPhone Quiz? If yes, kindly tell us more on this. ^SG",Wed Nov 01 11:28:50 +0000 2017,True,INFORMATIVE_RESOLUTION,OTHER_GENERAL
th_28962,28962,122371,@AmazonHelp Sir tats should be updated in page pls make sure to update all winners regularly tat way it seems u can get trust more,28963,"@122371 Thank you for your feedback, Kaushik. I will have it forwarded to the concerned team internally. ^KS",Wed Nov 01 14:35:37 +0000 2017,True,INFORMATIVE_RESOLUTION,OTHER_GENERAL
th_29471,29471,122478,"@AmazonHelp Thank you, I have just received a message for a re-delivery, so I presume that will be a different driver, I have also left extra instructions, thank you for your quick response and concern.",29473,@122478 Thank you very much for the update. Glad everything was sorted out. Hope you receive your order soon. Keep us posted. ^CO,Wed Nov 22 17:46:57 +0000 2017,True,INFORMATIVE_RESOLUTION,ORDER_TRACKING_DELAY
th_29474,29474,122478,"@AmazonHelp watching the driver drive away from the delivery point for the third time, this is unbelievable! other Amazon drivers have been there hundreds of times.,",29475,@122478 We want our team to investigate this further with you. Please reach out to us using this secure link: https://t.co/dgeFlnJ2hP ^GR,Thu Nov 23 18:13:06 +0000 2017,True,INFORMATIVE_RESOLUTION,ORDER_TRACKING_DELAY
th_29486,29486,122483,@AmazonHelp I’d have to PM you,29485,"@122483 Hi, you can DM us here with more info. ^TS https://t.co/1XyLaGkcaN",Wed Nov 01 11:24:24 +0000 2017,False,PURE_DM_REQUEST_NO_GUIDANCE,OTHER_GENERAL
th_29488,29488,122483,@AmazonHelp Yes may I suggest you look at this issue,29487,"@122483 Without giving account specifics, can you tell us a little more about the issue you're experiencing? ^AN",Mon Oct 30 15:43:14 +0000 2017,True,INFORMATIVE_RESOLUTION,OTHER_GENERAL
th_29498,29498,122485,@AmazonHelp I was told I would get a call back from Angelica who was dealing with my complaint on 28th October,29501,@122485 Feedback for your complaint can be directed to our leadership via the email survey form you received after the contact. ^EM,Wed Nov 01 11:26:09 +0000 2017,True,INFORMATIVE_RESOLUTION,OTHER_GENERAL
th_29502,29502,122485,@AmazonHelp I already completed that servey and provided poor feedback.,29503,@122485 There would have been an option to receive another call back. Did you select that? ^PK,Wed Nov 01 11:46:41 +0000 2017,True,INFORMATIVE_RESOLUTION,OTHER_GENERAL
th_29504,29504,122485,@AmazonHelp Yes. I also emailed it and wrote it on the two feedback forms I received,29505,"@122485 Please give us another call, Amber. We would like to talk further with you about your complaint. ^EM",Wed Nov 01 11:53:32 +0000 2017,True,INFORMATIVE_RESOLUTION,OTHER_GENERAL
th_29500,29500,122485,@AmazonHelp Of course I have!,29497,"@122485 Hi, did we provide a time line for when you should expect an update? ^TS",Wed Nov 01 11:23:13 +0000 2017,True,INFORMATIVE_RESOLUTION,OTHER_GENERAL
th_29512,29512,122482,This is very sad to say that being a happy cust. this time had worst experience on returns. Yet not able to return.@115850 @AmazonHelp,29511,@122482 Could you please tell us more about the issue for better understanding? ^HN,Wed Nov 01 11:17:21 +0000 2017,True,INFORMATIVE_RESOLUTION,REFUND_RETURN_INQUIRY
th_29514,29514,122486,"@AmazonHelp Yes, try dialing 180030009009, select any option, IVR would say use the app the call will disconnect.",29517,@122486 You can connect with our team using this link: https://t.co/vlvfJr4nN9 select the issue codes given and you 1/2 ^KH,Wed Nov 01 14:30:41 +0000 2017,True,INFORMATIVE_RESOLUTION,PRODUCT_TECH_SUPPORT
th_29515,29515,122486,"@AmazonHelp Then try using the app, select language as English, IVR would state the unnecessary status info about the last the order, no further options",29519,"@122486 Sorry to learn that, please contact us here: https://t.co/rS49hgaADF so that we can assist you accordingly. ^SU",Wed Nov 01 14:32:35 +0000 2017,True,INFORMATIVE_RESOLUTION,ORDER_TRACKING_DELAY
th_29522,29522,122486,"@AmazonHelp Using my own brain, I selected a different language and after multiple attempts I was able to reach a human voice.",29523,@122486 Apologies for the trouble. We'll consider this instance as feedback and will work on it for improvements. ^SU,Wed Nov 01 16:07:49 +0000 2017,True,INFORMATIVE_RESOLUTION,OTHER_GENERAL
th_29532,29532,122488,@AmazonHelp Subscribe &amp;save delivery stating delivered but not received.  Want a redelivery but not getting very far.,29534,@122488 Have you tried getting in touch here: https://t.co/JzP7hlA23B? ^BM,Wed Nov 01 11:31:54 +0000 2017,True,INFORMATIVE_RESOLUTION,ORDER_TRACKING_DELAY
th_29535,29535,122488,@AmazonHelp Yes how else could I have called you 5 times regarding this?,29536,"@122488 When you spoke with our support team, what options were we able to explore with you? ^WM",Wed Nov 01 17:26:48 +0000 2017,True,INFORMATIVE_RESOLUTION,OTHER_GENERAL
th_29537,29537,122488,@AmazonHelp Had notification of 3rd item being refunded.  Nothing for remaining 2 items,29538,"@122488 I understand, Alisa. Are you able to see the remaining replacements in your order history here: https://t.co/aaDyEz1VgE. ^SK",Wed Nov 01 17:37:35 +0000 2017,True,INFORMATIVE_RESOLUTION,OTHER_GENERAL
th_29540,29540,122488,@AmazonHelp The remaining items are still showing as delivered.  They have not been refunded or replaced,29541,"@122488 Apologies, please contact us once more here: https://t.co/JzP7hlA23B so an agent can look into this for you. ^JJ",Thu Nov 02 07:58:38 +0000 2017,True,INFORMATIVE_RESOLUTION,ORDER_TRACKING_DELAY
th_29542,29542,122488,@AmazonHelp Seriously a 6th time? 😢😢😢😢 Losing the will to live will make contact after some sleep.,29543,@122488 Thanks Ailsa- Please let us know how it goes and if there is any issue. ^NV,Thu Nov 02 08:13:35 +0000 2017,True,INFORMATIVE_RESOLUTION,OTHER_GENERAL
th_29564,29564,122492,@AmazonHelp Hey guys! Just downloaded the #Alexa app but unable to finish the set up after this stage. I connected my phone to the Amazon wifi. 1/2 https://t.co/pvVYFKAVSx,29563,@122492 Sorry for the hassle. Please connect with our support team here: https://t.co/HQhpS2qeEd for a better assistance. ^MS,Wed Nov 01 11:00:34 +0000 2017,True,INFORMATIVE_RESOLUTION,PRODUCT_TECH_SUPPORT
th_29572,29572,122494,@AmazonHelp Horrible response form your team still unable to solve the Issue....can someone call me on +91 9096377143...,29574,"@122494 Please don't provide your order details, we consider it to be personal information. Our page is visible to public. (2/2) ^RI",Wed Nov 01 13:22:35 +0000 2017,True,INFORMATIVE_RESOLUTION,OTHER_GENERAL
th_29661,29661,122516,@AmazonHelp Ya I've done that already and it's still telling me I need to link my account...,29663,"@122516 OK try this:  ask ""Alexa Spotify connect""she will reply with  something like ""choose echo from Spotify connect list""  then you can go into your Spotify app and choose echo under device list. Let us know if this helps. I know it is not a link but it may help you! ^DJ",Thu Nov 30 19:49:16 +0000 2017,True,INFORMATIVE_RESOLUTION,OTHER_GENERAL
th_29973,29973,122594,@AmazonHelp Tried everything &amp; it won't take duplicate out basket please help me,29976,@122594 My apologies Susan. Please get in touch: https://t.co/JzP7hlA23B and we'll be happy to look into this with you. ^DC,Wed Nov 01 11:42:32 +0000 2017,True,INFORMATIVE_RESOLUTION,OTHER_GENERAL
th_29977,29977,122594,"@AmazonHelp How? Have tried via rubbish website, emailed given up on order &amp; now playing Twitter",29979,"@122594 As we're unable to view your account via Twitter,pls contact here:https://t.co/zH8UlhTGcc so we can help you out. ^KM",Wed Nov 01 11:54:08 +0000 2017,True,INFORMATIVE_RESOLUTION,ORDER_TRACKING_DELAY
th_29974,29974,122594,@AmazonHelp Not using 'app' using desk top &amp; your webpage - leaves lot 2 be desired,29981,"@122594 Hi, you can change the quantity on the 'Review Your Order' page. https://t.co/Lh5OYypnOB",Wed Nov 01 11:45:32 +0000 2017,True,INFORMATIVE_RESOLUTION,PRODUCT_TECH_SUPPORT
th_29975,29975,122594,@AmazonHelp Given up will 2 live trying 2 place order as basket won't let me remove 1 item! FFS sort it out AmazonBad enough u not pay tax https://t.co/NzQn4TrQcE,29972,"@122594 Hi, are you using the app? You can click on the drop down arrow beside the quantity of items. ^TS",Wed Nov 01 11:33:04 +0000 2017,True,INFORMATIVE_RESOLUTION,ORDER_TRACKING_DELAY
th_29992,29992,122598,@AmazonHelp Bought printer to print didn't get on time had to spend  rs 1200 for printing 120 pages even after ordering printer !! Who will pay the loss,29993,@122598 Truly sorry for the inconvenience. Kindly submit your details here:https://t.co/beaaDm0muc and we’ll contact you soon. ^GD,Wed Nov 01 11:38:37 +0000 2017,True,INFORMATIVE_RESOLUTION,OTHER_GENERAL
th_29994,29994,122598,"@AmazonHelp of no use dear Amazon, please change ur delivery partner as delhivery everyone in my city is pissed of with this service https://t.co/HgJfaOBvzB",29995,"@122598 Sorry to learn that you had issues with our courier partner, I'll forward this feedback internally and we'll look into it.^SU",Wed Nov 01 12:27:06 +0000 2017,True,INFORMATIVE_RESOLUTION,ORDER_TRACKING_DELAY
th_29997,29997,122600,@AmazonHelp Is it necessary to send fax ?? Can't we send email with supporting documents ??,29996,"@122600 Hi, the account specialists would require the information to be provided via fax. - Tara s",Wed Nov 01 11:31:33 +0000 2017,True,INFORMATIVE_RESOLUTION,OTHER_GENERAL
th_29999,29999,122600,Have been following from 2 weeks to unhold my account@115851 @AmazonHelp,29998,@122600 Did you receive anything from an a/c specialist? Please also check your spam/junk folder. ^PK,Wed Nov 01 11:20:11 +0000 2017,True,INFORMATIVE_RESOLUTION,OTHER_GENERAL
th_30002,30002,122601,@AmazonHelp Called them last night and was fobbed off with an email and no assistance whatsoever in actually getting my parcel. And that was the second time around as I got hung up on the first time. Terrible customer service!,30004,@122601 Oh no! I'm so sorry to hear about this. Were you provided with an updated delivery date? Please keep us posted! ^SD,Wed Nov 01 11:46:57 +0000 2017,True,INFORMATIVE_RESOLUTION,ORDER_TRACKING_DELAY
th_30009,30009,122602,@AmazonHelp 2 days later and @AmazonHelp still hasn't told me whether they do or do not have higher authority than the regular desk.,30010,"@122602 Hello, we would not have access to your via Twitter. Please reach out to us directly and we will be glad to help. ^CR",Fri Nov 03 10:30:47 +0000 2017,True,INFORMATIVE_RESOLUTION,OTHER_GENERAL
th_30011,30011,122602,@AmazonHelp I've been reaching out directly to your Vendor Central support staff for nearly 2 years. Problem remains unsolved.,30013,@122602 Please submit this secure form to allow us to look into it further: https://t.co/tkLCr7DNil ^AT,Fri Nov 03 10:44:30 +0000 2017,True,INFORMATIVE_RESOLUTION,OTHER_GENERAL
th_30014,30014,122602,@AmazonHelp That's a consumer-side form. I told you our issue is Vendor Central related.,30015,"@122602 Once we receive the completed Form, we will be able to escalate to the relevant team ^TD",Fri Nov 03 11:05:05 +0000 2017,True,INFORMATIVE_RESOLUTION,OTHER_GENERAL
th_30018,30018,122602,"@AmazonHelp Hello,Yes. I have now submitted via that method.",30019,@122602 Great! Thank you for letting us know. Someone will be in touch as soon as possible. ^AL,Fri Nov 03 12:08:14 +0000 2017,True,INFORMATIVE_RESOLUTION,OTHER_GENERAL
th_30020,30020,122602,"@AmazonHelp I still haven't been contacted, nor have any of my cases been responded to in VC. Every time I chase I get an email about it being ""forwarded to the concerned team"" and then nothing of any value happens.",30021,"@122602 Hi, sorry to hear this, are you able to ask for an update to the email you received from Social Media or the Vendor Team? ^TI",Fri Nov 17 09:50:51 +0000 2017,True,INFORMATIVE_RESOLUTION,OTHER_GENERAL
th_30012,30012,122602,@AmazonHelp Perhaps you can get me the callback I've been asking for for the last 2 months from a Vendor Management Team Member? Happy to DM phone# 1/2,30022,@122602 We wouldn't have access to any account info from here. What was advised when you reached out for support? ^NV,Fri Nov 03 10:47:37 +0000 2017,True,INFORMATIVE_RESOLUTION,OTHER_GENERAL
th_30032,30032,122605,@AmazonHelp And thank you for the help.,30035,"@122605 Thank you for your feedback, Abhinav. I will have this forwarded to the concerned team internally. ^KS",Wed Nov 01 11:42:01 +0000 2017,True,INFORMATIVE_RESOLUTION,OTHER_GENERAL
th_30038,30038,122606,@115850 @AmazonHelp Alexa's accent for Indian English is horrible. Just horrible. And skills are blocked for other languages.,30037,@122606 I've noted your comments and will be sure to forward this as a feedback internally. ^MP 3/3,Wed Nov 01 11:05:13 +0000 2017,True,INFORMATIVE_RESOLUTION,PRODUCT_TECH_SUPPORT
th_30042,30042,122607,@AmazonHelp The link you have provided is also not working like your service to me.. you should train your Delivery boys first... Then do business,30043,@122607 while trying to contact us using the link shared earlier. ^MP 2/2,Wed Nov 01 15:45:58 +0000 2017,True,INFORMATIVE_RESOLUTION,ORDER_TRACKING_DELAY
th_30492,30492,122714,@AmazonHelp Ahhh. That would make sense. Thank you.,30494,@122714 Our pleasure! Let us know if we can help with anything else. We're here for you! ^KN,Wed Nov 01 12:01:55 +0000 2017,True,INFORMATIVE_RESOLUTION,OTHER_GENERAL
th_30504,30504,122717,"@AmazonHelp Your help pages don't reflect changes to the site, e.g. 'Change Account Settings' no longer exists:https://t.co/WZngOaWQbr",30503,@122717 Thanks for highlighting this. ^KM,Wed Nov 01 11:47:38 +0000 2017,True,INFORMATIVE_RESOLUTION,OTHER_GENERAL
th_30506,30506,122718,@AmazonHelp don't believe this. After having to cancel last order &amp; reorder for Amazon locker you've done exact same and sent from (cont),30505,@122718 Sorry to hear of the delay. Please get in touch and I'll have a specialist look into this for you: https://t.co/tkLCr7DNil. ^BM,Wed Nov 01 11:43:40 +0000 2017,True,INFORMATIVE_RESOLUTION,REFUND_RETURN_INQUIRY
th_30509,30509,122719,@AmazonHelp No one contacted to me,30511,"@122719 We're working on it, we'll get back to you soon. ^SU",Wed Nov 01 14:14:56 +0000 2017,True,INFORMATIVE_RESOLUTION,OTHER_GENERAL
th_30513,30513,122720,@AmazonHelp I have replied as well,30515,@122720 Kindly share the asked details via the link shared. We'll check this for you. ^SG,Wed Nov 01 16:01:27 +0000 2017,True,INFORMATIVE_RESOLUTION,OTHER_GENERAL
th_30517,30517,122720,@AmazonHelp Sorry sir. I am not going to fill any details for something that has been brought upon by your system. I didn't ask for the rescheduling.,30518,"@122720 Kindly share your details using the link mentioned earlier, as we wouldn't be able to access your account over Twitter.^GD",Wed Nov 01 16:30:46 +0000 2017,True,INFORMATIVE_RESOLUTION,OTHER_GENERAL
th_30519,30519,122720,@AmazonHelp One can get so hassled filing up your forms that would want to give up on the issue at hand. Feels like a mistake to bring it up.,30522,@122720 I understand your concern. Please share your details in the link provided earlier and we'll get back to you. ^HD,Thu Nov 02 01:46:39 +0000 2017,True,INFORMATIVE_RESOLUTION,OTHER_GENERAL
th_30520,30520,122720,@AmazonHelp Your return pickup for 407-4463037-6609940 has been scheduled for 02-Nov between 1-4PM. Why am I called that it will be picked in next 1 hr?,30523,"@122720 Please don't provide your order details, as we consider them to be personal info. Our page is visible to the public. ^GK",Thu Nov 02 03:17:33 +0000 2017,True,INFORMATIVE_RESOLUTION,REFUND_RETURN_INQUIRY
th_30525,30525,122720,"@AmazonHelp But the real data is not visible to you. So you actually can’t do anything. Pointless, don’t u think ?",30528,@122720 the link provided and we'll reach out to you. (2/2) ^GK,Thu Nov 02 03:36:12 +0000 2017,True,INFORMATIVE_RESOLUTION,OTHER_GENERAL
th_30527,30527,122720,@AmazonHelp How can the pick up be rescheduled again even before the pick up slot ? It was from 1-4 today and already have a SMS that it’s rescheduled,30530,"@122720 In order to better assist you on this, please share your details here: https://t.co/GIJyeYqKE0. We'll contact you soon. ^PS",Thu Nov 02 06:20:55 +0000 2017,True,INFORMATIVE_RESOLUTION,OTHER_GENERAL
th_30531,30531,122720,@AmazonHelp have provided all the details in the link sent. Lets see what action is taken now.,30532,@122720 Thanks for the heads up. We'll check and reach out to you with an update soon. ^GS,Thu Nov 02 06:41:27 +0000 2017,True,INFORMATIVE_RESOLUTION,OTHER_GENERAL
th_30533,30533,122720,"@AmazonHelp so will the pickup, originally planned for today from 1-4 pm, actually happen or not?? I am more concerned abt that.",30534,"@122720 Kindly wait, we'll be contacting you with an update soon. Appreciate your understanding. ^ZH",Thu Nov 02 07:40:21 +0000 2017,True,INFORMATIVE_RESOLUTION,OTHER_GENERAL
th_30536,30536,122720,@AmazonHelp Who decided to not pick it up today? I had to reinitiate the pick up. Now it’s changed. I won’t plan it again. U better get this sorted.,30541,@122720 My apologies about the delay. Request you to respond to the correspondence that was sent to you by our team for assistance.^NK,Thu Nov 02 13:09:02 +0000 2017,True,INFORMATIVE_RESOLUTION,OTHER_GENERAL
th_30540,30540,122720,@AmazonHelp And the ritual continues. Once again a call now asking for pick up while pick up slot is 1-4.Iam sure the pick up will be rescheduled again,30543,@122720 The details are escalated to the team and we are working on your concern. We'll reach out to you once we have an update. ^GK,Fri Nov 03 02:33:06 +0000 2017,True,INFORMATIVE_RESOLUTION,OTHER_GENERAL
th_30549,30549,122722,@AmazonHelp Many sellers are affected by this!  We can't get our money disbursed from Amazon seller accounts.  It's been going on for a week !,30551,@122722 Seller Support is in the best position to help you: https://t.co/8ywYGA122j What options have they provided so far? ^AF,Wed Nov 01 15:19:31 +0000 2017,True,INFORMATIVE_RESOLUTION,OTHER_GENERAL
th_30555,30555,122723,@AmazonHelp if I cancel an order do I get a refund? It hasn't been dispatched yet does that mean you haven't taken any money yet?,30554,"@122723 Hi, we charge on dispatch. So if you can cancel successfully you won't be charged. ^TS",Wed Nov 01 11:42:51 +0000 2017,True,INFORMATIVE_RESOLUTION,REFUND_RETURN_INQUIRY
th_31303,31303,122904,@AmazonHelp Hi KJ! My order # is 114-4756629-6504233. Returning something and when it’s funded I will be re-ordering something similar. Help?,31305,@122904 Hi. I'm afraid we can't view orders through social media. Is it being returned to us or a third party seller? ^DC,Wed Nov 01 12:46:12 +0000 2017,True,INFORMATIVE_RESOLUTION,REFUND_RETURN_INQUIRY
th_31306,31306,122904,"@AmazonHelp Hi DC. Looks like the return is to an Amazon Fulfillment Services in Saint Anne, IL. You are welcome to DM me if that is easier.",31307,@122904 Please reach out here so we can help you out  https://t.co/hApLpMlfHN ^KM,Wed Nov 01 12:50:21 +0000 2017,True,INFORMATIVE_RESOLUTION,REFUND_RETURN_INQUIRY
th_31316,31316,122905,@AmazonHelp Your team has contacted saying the same 24-48 hr delivery policy for order delivery. So I need to wait another 2 days. For prime your deliver fast but not for me even for your mistake.,31317,@122905 to you with an update shortly. (2/2) ^MO,Wed Nov 01 12:53:57 +0000 2017,True,INFORMATIVE_RESOLUTION,PRIME_MEMBERSHIP_BILLING
th_31323,31323,120032,"@AmazonHelp I don't have that much patience, revert with positive reply or else will be posting on FB also",31324,"@120032 We're working on it, we'll get back to you soon. ^SU",Wed Nov 01 13:09:21 +0000 2017,True,INFORMATIVE_RESOLUTION,OTHER_GENERAL
th_31325,31325,120032,@AmazonHelp Tell me how soon,31326,"@120032 definite timeline, however we'll contact you soon. 2/2 ^KH",Wed Nov 01 13:29:00 +0000 2017,True,INFORMATIVE_RESOLUTION,OTHER_GENERAL
th_31328,31328,120032,@AmazonHelp Will wait till tomorrow noon or else will post it on FB with larger subribers,31329,@120032 Appreciate your patience. We'll keep you posted. ^SG,Wed Nov 01 13:47:42 +0000 2017,True,INFORMATIVE_RESOLUTION,OTHER_GENERAL
th_31350,31350,122910,"@AmazonHelp No he raced passed me as I was walking my lo to nursery, after delivering to one of my neighbours.",31352,@122910 We'd like to get more information if possible. Please click the link to contact us:  https://t.co/JzP7hlA23B Thanks. ^EM,Wed Nov 01 12:24:39 +0000 2017,True,INFORMATIVE_RESOLUTION,OTHER_GENERAL
th_31358,31358,122911,"@AmazonHelp I ordered something 3 months ago and haven’t received it, I’ve emailed the seller/you 4 times and haven’t heard a thing back??",31356,"@122911 I'm sorry about your order! Have you filed an A-to-z claim? For more info, visit us here: https://t.co/yuFkROHpQP ^TK",Wed Nov 01 12:17:22 +0000 2017,True,INFORMATIVE_RESOLUTION,OTHER_GENERAL
th_31361,31361,122912,@115821 @1145 @AmazonHelp You have not responded to your customer yet. @122869,31360,@122912 I'm sorry to hear that. Have you tried reporting this to our support team here: https://t.co/vlvfJr4nN9 ? ^NK,Wed Nov 01 12:09:10 +0000 2017,True,INFORMATIVE_RESOLUTION,OTHER_GENERAL
th_31368,31368,122914,@AmazonHelp I have shared details already but no one contact me..,31367,@122914 from us regarding it here: https://t.co/8DAc10S7ww 2/2 ^KH,Wed Nov 01 12:12:18 +0000 2017,True,INFORMATIVE_RESOLUTION,OTHER_GENERAL
th_31371,31371,122914,@115851 @AmazonHelp @115850 Improve your coustmer service You give me wrong information about my issue and Now I have to pay more money,31370,@122914 if you've shared the required details on the link provided earlier? (2/2)^YP,Wed Nov 01 11:57:29 +0000 2017,True,INFORMATIVE_RESOLUTION,OTHER_GENERAL
th_31375,31375,122915,Hey @AmazonHelp does the Fire HD with Alexa do calling like the Echo devices?,31373,"@122915 It does not have the same device-to-device calling as the Alexa. However, there are apps for text/calling features via Wi-Fi. ^MJ",Wed Nov 01 12:10:28 +0000 2017,True,INFORMATIVE_RESOLUTION,PRODUCT_TECH_SUPPORT
th_31382,31382,122917,@AmazonHelp It shows this and says I've to arrange deliver? https://t.co/SmqAjRmafA,31380,@122917 Thanks for the update. It might be best to get in touch here: https://t.co/JzP7hlA23B. ^BM,Wed Nov 01 12:09:59 +0000 2017,True,INFORMATIVE_RESOLUTION,OTHER_GENERAL
th_31386,31386,122918,"@AmazonHelp It’s becoming a typical scenario. Item says prime, in stock, place order and it takes a week to get it. I canceled an order this am.",31388,@122918 Are the orders missing the estimated delivery date provided at check out? Have you noticed a trend in carriers? ^NM,Wed Nov 01 14:47:11 +0000 2017,True,INFORMATIVE_RESOLUTION,PRIME_MEMBERSHIP_BILLING
th_31391,31391,122919,"@AmazonHelp Hey, checked the package I think they don't Provide it",31390,@122919 I would recommend you to get in touch with the manufacturer for the charger if they don't sell it with the tracker. ^KS,Wed Nov 01 12:10:54 +0000 2017,True,INFORMATIVE_RESOLUTION,ORDER_TRACKING_DELAY
th_31394,31394,122919,"@AmazonHelp Hey still didn't get the charging cable with it. Don't know how to charge it. please help!!!,this time I bought 2 of it",31392,"@122919 My apologies about it, Aditya. Please reach out to our support team here: https://t.co/vlvfJr4nN9 and we'll assist you. ^NK",Wed Nov 01 11:46:04 +0000 2017,True,INFORMATIVE_RESOLUTION,OTHER_GENERAL
th_31827,31827,123026,@AmazonHelp Obviously not or I wouldn’t still be complaining. I continue to be asked for documentation that doesn’t exist.,31829,@123026 We'd like to have a specialist on our team look into this with you. Please click here: https://t.co/l7t7OK3nuu so we can help^NM,Wed Nov 01 12:39:19 +0000 2017,True,INFORMATIVE_RESOLUTION,OTHER_GENERAL
th_31834,31834,123028,"@AmazonHelp one order was suppose to be delivered by 30th october , still no tracking available for the same as on 1/11/17",31840,@123028 team here: https://t.co/vlvfJr4nN9 and we'll sort this for you at the earliest. 2/2 ^KH,Wed Nov 01 12:40:18 +0000 2017,True,INFORMATIVE_RESOLUTION,ORDER_TRACKING_DELAY
th_31842,31842,123028,@AmazonHelp i called customer care this morning and the rep doesnt even know and blurts out information without even knowing what customer asking for,31843,"@123028 My apologies about the hassle, Sidharth. Please fill this form: https://t.co/beaaDm0muc and we’ll contact you soon. ^NK",Wed Nov 01 12:54:47 +0000 2017,True,INFORMATIVE_RESOLUTION,OTHER_GENERAL
th_31856,31856,123034,@AmazonHelp It did! I received my  📦  👯‍♀️,31858,@123034 Yay! So glad we could get you your package! ^AD,Wed Nov 01 15:18:07 +0000 2017,True,INFORMATIVE_RESOLUTION,OTHER_GENERAL
th_32308,32308,123157,@AmazonHelp Which link?when will the pickup happen? I am frustrated talking to support person so finally came here. Would you be able to solve this plz?,32307,@123157 Apologies for the delay. Kindly click on the link provided here: https://t.co/BWahOLdioH and submit your details. ^GD,Wed Nov 01 12:37:21 +0000 2017,True,INFORMATIVE_RESOLUTION,OTHER_GENERAL
th_32310,32310,123157,"@AmazonHelp It's pending since 1.5 months, every support person assuring pickup will be done, nothing happening! https://t.co/w8V6fdhvQu",32309,@123157 Did you happen to share your details using the secure link we had shared? (1/2)^CB,Wed Nov 01 11:50:04 +0000 2017,True,INFORMATIVE_RESOLUTION,OTHER_GENERAL
th_32317,32317,123159,@AmazonHelp ok i will change the address to somewhere your pick is available but by 12 nov. also it is not feasible for me to self-return as,32319,@123159 I am afraid that is not how it works. Request you to please self return the order. The Returns Support Centre will 1/2 ^RS,Fri Nov 03 11:16:32 +0000 2017,True,INFORMATIVE_RESOLUTION,REFUND_RETURN_INQUIRY
th_32327,32327,123161,"@AmazonHelp To me as a customer, I felt that was a unacceptable answer. I can understand if there are shortages and whatnot but nobody's saying anything",32329,@123161 We're unable to provide any additional insight. Once we have a delivery date we'll notify you via e-mail. ^KP,Wed Nov 01 14:24:47 +0000 2017,True,INFORMATIVE_RESOLUTION,OTHER_GENERAL
th_32328,32328,123161,@115890 @115787 @15913 @115821 @AmazonHelp On launch day? Can someone explain this to me? This is wrong and deserves some sort of response,32325,"@123161 Sorry to hear about this. If it was pre ordered from us, I'd advise to reach out here: https://t.co/hApLpMlfHN ^PK",Wed Nov 01 12:44:03 +0000 2017,True,INFORMATIVE_RESOLUTION,OTHER_GENERAL
th_32337,32337,123163,@AmazonHelp @115830 Received an email today saying my payment has been declined and Ive just checked my account and my new card was already added. Please advise,32335,@123163 Have you reached out to your bank about this declined charge? Learn more about declines here: https://t.co/3lnSQ50V5q ^TH,Wed Nov 01 12:33:29 +0000 2017,True,INFORMATIVE_RESOLUTION,OTHER_GENERAL
th_32341,32341,123164,"Mal was Nettes sagen: Dickes Lob an @116316 &amp; @AmazonHelp. Gestern ging ein Paket verloren, Nachts gemailt, heute das Geld auf dem Konto.",32340,"@123164 Schön, dass die Kollegen dir so schnell helfen konnten :) ^AN",Wed Nov 01 12:39:49 +0000 2017,True,INFORMATIVE_RESOLUTION,OTHER_GENERAL
th_32344,32344,123165,"@AmazonHelp Tried sending an email via that link , it doesn't seem to send",32346,@123165 Are you receiving an error message when attempting to send the e-mail? E-mails are usually answered within 12 hours. ^TH,Wed Nov 01 12:51:32 +0000 2017,True,INFORMATIVE_RESOLUTION,OTHER_GENERAL
th_32347,32347,123165,@AmazonHelp It doesn't say message sent it doesn't seem to do anything... I imagine if it was sent I would get an automated reply via email,32348,"@123165 You should get a confirmation on your screen that says ""Thank you! Your e-mail has been sent."" Do you get that message?  ^TH",Wed Nov 01 13:03:50 +0000 2017,True,INFORMATIVE_RESOLUTION,OTHER_GENERAL
th_33169,33169,123340,@AmazonHelp Thanks for your help!What happens if when I hold the home button I don't get a mirroring option? See photo https://t.co/zOhaYaV2yX,33171,@123340 Try using the steps that are shown for the different devices that can used. In this case; settings&gt;display&gt;display mirroring. ^EM,Thu Nov 02 19:24:18 +0000 2017,True,INFORMATIVE_RESOLUTION,OTHER_GENERAL
th_33172,33172,123340,"@AmazonHelp Thanks again for your reply. Fire TV won't show up in mirroring on my Android. Chromecast mirroring will work though, so the phone is ok",33173,"@123340 We'd like to troubleshoot this with you in real-time, please give us a call here: https://t.co/JzP7hlA23B ^CO",Thu Nov 02 19:56:44 +0000 2017,True,INFORMATIVE_RESOLUTION,PRODUCT_TECH_SUPPORT
th_33191,33191,123343,@AmazonHelp Yeelight &amp; ewelink and the option for opting for US English,33190,@123343 and we'll look into this. 2/2 ^KH,Wed Nov 01 12:53:36 +0000 2017,True,INFORMATIVE_RESOLUTION,OTHER_GENERAL
th_33196,33196,123343,"@AmazonHelp Yes, I got in touch still the issue is not resolved, they change my profile to US but it automatically changes to the indian server. grrr",33198,@123343 Kindly share your details here: https://t.co/cQVomR1pWz and we'll check with this. ^KH,Wed Nov 01 13:20:45 +0000 2017,True,INFORMATIVE_RESOLUTION,OTHER_GENERAL
th_33203,33203,122493,"@AmazonHelp And you people fool your customers, very shameful.",33206,@122493 to you with an update soon. Request you to wait. 2/2 ^NK,Wed Nov 01 13:26:52 +0000 2017,True,INFORMATIVE_RESOLUTION,OTHER_GENERAL
th_33210,33210,123345,@AmazonHelp Got in touch with Piyush on Amazon chat. He resolved it quickly. Great team you got there! Keep it up and say thanks to that Piyush 👍,33212,@123345 We're glad to know your concern is resolved. Keep us posted for any further issues. ^YP,Wed Nov 01 13:49:24 +0000 2017,True,INFORMATIVE_RESOLUTION,OTHER_GENERAL
th_33214,33214,123346,.@AmazonHelp Just ordered this item from Amazon and they are explicitly bribing customers for 5-star reviews. https://t.co/Ds7rqr5x5M https://t.co/mvn43uDUNW,33213,"@123346 Hi, please get in touch with us here: https://t.co/hApLpMlfHN and we'll check this out for you. ^TS",Wed Nov 01 13:04:44 +0000 2017,True,INFORMATIVE_RESOLUTION,OTHER_GENERAL
th_33223,33223,123349,@AmazonHelp Thank you. Any way he can do this by speaking to a human on the phone?! He’s 79 and not great with online forms! Thanks for your help...,33225,"@123349 Sure thing, Ian! He can contact us by phone after selecting his concern here: https://t.co/JzP7hlA23B. ^SD",Wed Nov 01 13:09:26 +0000 2017,True,INFORMATIVE_RESOLUTION,OTHER_GENERAL
th_33224,33224,123349,@AmazonHelp my father bought a book via marketplace that never arrived. He requested a refund on 30 September but has heard nothing.,33222,"@123349 I'm sorry he hasn't received his book. In this case, I recommend filing an A-to-z Guarantee Claim: https://t.co/2OCfbfkG6W ^TG",Wed Nov 01 12:45:05 +0000 2017,True,INFORMATIVE_RESOLUTION,REFUND_RETURN_INQUIRY
th_33229,33229,123350,"@AmazonHelp It was regarding a cashback, product bought in July, still haven't recd cashback",33232,@123350 and we’ll contact you soon. (2/2)^SU,Wed Nov 01 13:23:34 +0000 2017,True,INFORMATIVE_RESOLUTION,OTHER_GENERAL
th_33234,33234,123350,"@AmazonHelp What happened? No solution, customer support not helping, email support not replying. Where shud I complain?",33235,@123350 us the details using the link provided by 'SU' &amp; I will look into the issue right away. (2/2)^SF,Wed Nov 08 07:46:26 +0000 2017,True,INFORMATIVE_RESOLUTION,OTHER_GENERAL
th_33239,33239,123350,@AmazonHelp What is the definition of ur earliest?,33240,@123350 I'm sorry for the long stretch. Kindly respond to the email sent by the Social Media team &amp; we'll get back to you with an update right away. ^EM,Sun Nov 12 03:08:08 +0000 2017,True,INFORMATIVE_RESOLUTION,OTHER_GENERAL
th_33242,33242,123350,"@AmazonHelp Wat do u wnt me to reply? Ur exec states they will get back to me in 24-48 hrs with the resolution n I recd that email on 8th Nov, still wondering how do u calculate ur given TAT?",33243,@123350 Twitter being a Social Media Platform we'd not be able to check your account/order details. Please reply back to the email with your concern and we will assist you. ^AH,Sun Nov 12 03:33:50 +0000 2017,True,INFORMATIVE_RESOLUTION,OTHER_GENERAL
th_33244,33244,123350,@AmazonHelp The email which I recd clearly mentions my concern.,33245,"@123350 In this case, request you to wait and we shall get back to you soon. ^SH",Sun Nov 12 03:48:46 +0000 2017,True,INFORMATIVE_RESOLUTION,OTHER_GENERAL
th_33246,33246,123350,@AmazonHelp Shall I wait for life? Worst customer service...pathetic!,33247,"@123350 Apologies, did you check for an email correspondence here: https://t.co/DTSNmGldJf? ^SI",Thu Nov 16 04:54:04 +0000 2017,True,INFORMATIVE_RESOLUTION,OTHER_GENERAL
th_33248,33248,123350,"@AmazonHelp Nice! 1st email was sent to my registered id and then other ones in app, fooling around here n there...slow claps",33249,@123350 The email has also been sent to your registered email address. The link provided is only to help you access them easily and avoid the hassle of sorting the emails on your registered email address. ^AP,Thu Nov 16 06:23:07 +0000 2017,True,INFORMATIVE_RESOLUTION,PRODUCT_TECH_SUPPORT
th_33250,33250,123350,@AmazonHelp Haven't recd any email...anyways searching for solution with u guys n I don't i wud find..Help me with nodal or appellate email id...will email them,33251,@123350 We apologize for the inconvenience. Please reply to the email you received previously from our team and we will get back to you at the earliest. ^BV,Thu Nov 16 14:31:55 +0000 2017,True,INFORMATIVE_RESOLUTION,OTHER_GENERAL
th_33252,33252,123350,"@AmazonHelp Have u gone mad, how many times shud I reply to emails? Jus provide me email ids or else I will complain in consumer forum for mental harassment.",33253,"@123350 Apologies for the ordeal, we're unable to access your account details on Twitter. Kindly reply to the email and we'll connect with you at the earliest. ^PS",Sat Nov 18 06:09:00 +0000 2017,True,INFORMATIVE_RESOLUTION,OTHER_GENERAL
th_33254,33254,123350,"@AmazonHelp How many times shud I reply brother? If u r nt able to access acc details here then close this so called amazon help....totally patheticNeways, give me nodal email id",33255,@123350 I understand that you are upset. Kindly let us know your concern by replying to the email that you received from us and we'll get back to you with an update at the earliest. ^AU,Sat Nov 18 06:42:37 +0000 2017,True,INFORMATIVE_RESOLUTION,OTHER_GENERAL
th_33256,33256,123350,@AmazonHelp Thank u for ur help 👏 I have replied to emails number of times n i have replied today also...thanks for ur valuable time n response,33257,@123350 I'm sorry about the stretch. We've received your revert and we'll reach out to you soon. ^GK,Sat Nov 18 07:05:18 +0000 2017,True,INFORMATIVE_RESOLUTION,OTHER_GENERAL
th_33258,33258,123350,"@AmazonHelp Y is no one replying with email ID of escalation desk or nodal? Coz u guys are good for nothing, useless, arrogant and unresponsive.",33259,@123350 We've sent a correspondence to your registered email ID here: https://t.co/fYrzNInVt2. Kindly check and reply. We'll get back to you at the earliest. ^PS,Sun Nov 19 09:41:30 +0000 2017,True,INFORMATIVE_RESOLUTION,OTHER_GENERAL
th_33261,33261,123351,@AmazonHelp I already dialed your CS team twice and as I am talking I just got the text below: what the hell is wrong with you people! I am waiting https://t.co/TzW6N8vKGH,33263,@123351 Please fill this form: https://t.co/beaaDm0muc and we'll contact you at the earliest. (2/2) ^MO,Wed Nov 01 13:12:16 +0000 2017,True,INFORMATIVE_RESOLUTION,OTHER_GENERAL
th_33265,33265,123351,@AmazonHelp This is not going to help! I understand how you people work. Your delivery team don’t deliver and they say that customer not available! Lier https://t.co/gXQwLEuJJG,33266,@123351 Please share the required details on the link provided earlier and we'll check this for you. ^YP,Wed Nov 01 13:38:30 +0000 2017,True,INFORMATIVE_RESOLUTION,ORDER_TRACKING_DELAY
th_33267,33267,123351,@AmazonHelp You are not asking any rocket science there! Tell me the status Ass!,33268,@123351 your details through the link that was provided earlier so that we can assist your further. 2/2 ^NK,Wed Nov 01 13:58:51 +0000 2017,True,INFORMATIVE_RESOLUTION,OTHER_GENERAL
th_33262,33262,123351,@AmazonHelp @115850 Thanks a lot for not delivering my product even after promising. Fake promises! Two orders and both not dlvd. #prime https://t.co/Y9nT10k5Lj,33260,"@123351 As the estimated delivery date is for today, I request you to allow us time til EOD, as deliveries are done until 8 PM. ^PR",Wed Nov 01 12:48:06 +0000 2017,True,INFORMATIVE_RESOLUTION,PRIME_MEMBERSHIP_BILLING
th_33271,33271,123352,@AmazonHelp It just got delivered and the delivery man had no idea what I was talking about so I guess it was resolved but wtf weird,33270,"@123352 Thanks for keeping us in the loop! If you have further questions or concerns, please be sure to let us know! ^TG",Wed Nov 01 13:01:40 +0000 2017,True,INFORMATIVE_RESOLUTION,ORDER_TRACKING_DELAY
th_33281,33281,123355,"@AmazonHelp order no. 408-9613915-0161138Just one question, what is my fault in all this and you are telling me policies @1840",33280,@123355 Please don’t provide your order details as we consider them to be personal info. Our page is visible to public. ^SG(2/2),Wed Nov 01 12:47:32 +0000 2017,True,INFORMATIVE_RESOLUTION,ORDER_TRACKING_DELAY
th_33292,33292,123357,"@AmazonHelp Doing that right now. So I'll have to send it back if I want a replacement, right?",33294,"@123357 Yes, you'll have 30 days to get the item back to us. We don't need to receive the return 1st before we ship the replacement. ^KN",Wed Nov 01 13:15:10 +0000 2017,True,INFORMATIVE_RESOLUTION,OTHER_GENERAL
th_33295,33295,123357,"@AmazonHelp And I can use the original packaging, even if that's what caused the damage in the first place?",33296,@123357 You can definitely use the original packaging for your return! You could also get a return box from the carrier upon return. ^SD,Wed Nov 01 13:28:50 +0000 2017,True,INFORMATIVE_RESOLUTION,OTHER_GENERAL
th_33293,33293,123357,Hello @AmazonHelp Don't send a special edition game like this in just a cardboard sleeve. It clearly got crushed b/c bad packaging. https://t.co/zoEmj23Hh5,33291,"@123357 Hi, sorry to see this! Have you been able to review your return/replacement options? ^TS",Wed Nov 01 12:59:56 +0000 2017,True,INFORMATIVE_RESOLUTION,OTHER_GENERAL
th_33300,33300,123358,@AmazonHelp I have already contacted them since two days but issue not yet solved.,33302,@123358 We'd like to help you with this. Kindly share your details here: https://t.co/beaaDm0muc and we'll contact you soon. ^MO,Wed Nov 01 13:09:17 +0000 2017,True,INFORMATIVE_RESOLUTION,OTHER_GENERAL
th_33303,33303,123358,@AmazonHelp My order is still not received. There is a huge problem in your delivery. This the 3rd day now. Being a prime member I am facing this. 😡😡😡,33304,@123358 We have emailed you here: https://t.co/8DAc10S7ww Kindly check &amp; reply to it for further assistance. ^SY,Thu Nov 02 09:26:51 +0000 2017,True,INFORMATIVE_RESOLUTION,PRIME_MEMBERSHIP_BILLING
th_34470,34470,123471,"@AmazonHelp No, for this particular example the game releases on 3rd November but the delivery date is the 4th. I pre-ordered the game months ago",34472,@123471 Did you select Release Day Delivery at check-out: https://t.co/WULosJ4pBM?,Wed Nov 01 13:31:51 +0000 2017,True,INFORMATIVE_RESOLUTION,ORDER_TRACKING_DELAY
th_34500,34500,123477,"@AmazonHelp I am getting ""We're sorry but we encountered an error when processing your request. Please try again"" When payi with 2 dif cards",34498,@123477 Oh no! We'd like to help troubleshoot with you. Do you mind telling us which Amazon site you use? (.com/.ca/.co.uk/.de) Thanks! ^NM,Wed Nov 01 13:15:00 +0000 2017,True,INFORMATIVE_RESOLUTION,OTHER_GENERAL
th_34514,34514,123480,"@AmazonHelp Yes, it is",34516,@123480 Happy to hear it. We'd like to document your experience and look into your options here: https://t.co/qy3J24VGxb ^AF,Wed Nov 01 15:58:21 +0000 2017,True,INFORMATIVE_RESOLUTION,OTHER_GENERAL
th_34552,34552,123487,@AmazonHelp Order is dispatched yet Prime not activated.,34551,"@123487 Please do not worry, you would receive a confirmation mail soon on the prime activation. Appreciate your patience ^BS",Mon Oct 30 15:45:58 +0000 2017,True,INFORMATIVE_RESOLUTION,PRIME_MEMBERSHIP_BILLING
th_34556,34556,123487,"@AmazonHelp My prime membership has expired &amp; the one bundled with echo purchase has not become effective. So no prime vid, amazon now &amp; fast shipping",34555,@123487 Please contact us here: https://t.co/vlvfJr4nN9 and we'll help you with this. ^SQ,Tue Oct 24 00:23:13 +0000 2017,True,INFORMATIVE_RESOLUTION,PRIME_MEMBERSHIP_BILLING
th_34560,34560,123488,@AmazonHelp I can not mention it here as it is big.,34562,"@123488 In that case, kindly share your details here: https://t.co/beaaDm0muc and we'll look into it. ^MO",Wed Nov 01 13:28:08 +0000 2017,True,INFORMATIVE_RESOLUTION,OTHER_GENERAL
th_34563,34563,123488,@AmazonHelp It's just waste of time as I have already done it before but no results. And I don't want to waste my time again in it.,34564,@123488 help you in resolving the issue for you. 2/2 ^NK,Wed Nov 01 14:45:21 +0000 2017,True,INFORMATIVE_RESOLUTION,OTHER_GENERAL
th_34566,34566,123488,@AmazonHelp I will send you my Mobile screen no. In message,34567,@123488 Please share your details from the link provided for us to check your concern and assist accordingly. (2/2) ^SV,Thu Nov 02 02:12:25 +0000 2017,True,INFORMATIVE_RESOLUTION,OTHER_GENERAL
th_34569,34569,123488,@AmazonHelp It's been worth for me as I already have it earlier for so many time and if you are not able to resolve here also then it's #shame to you,34570,@123488 We will be responding to your concern via DM.  ^VM,Thu Nov 02 02:24:16 +0000 2017,False,PURE_DM_REQUEST_NO_GUIDANCE,OTHER_GENERAL
th_34561,34561,123488,@AmazonHelp It's Worth to tell more because I am not getting any response from #Amazon,34559,"@123488 As requested, could you please elaborate the issue so that we can assist you accordingly. ^SU",Wed Nov 01 13:05:39 +0000 2017,True,INFORMATIVE_RESOLUTION,OTHER_GENERAL
th_34577,34577,123490,@AmazonHelp How does one get a refund on a never delivered package when you require us to send it back for the refund?,34576,"@123490 Hi, was the order listed as sold by a seller or Amazon directly? ^TS",Wed Nov 01 13:12:11 +0000 2017,True,INFORMATIVE_RESOLUTION,REFUND_RETURN_INQUIRY
th_35146,35146,123653,@AmazonHelp I am still waiting for the product to be picked up and refund,35148,@123653 Could you confirm if you've escalated this to our support team from the link provided earlier? ^SQ,Thu Nov 02 22:58:54 +0000 2017,True,INFORMATIVE_RESOLUTION,REFUND_RETURN_INQUIRY
th_35149,35149,123653,@AmazonHelp Yes many times since yesterday however am getting very little help and the return pick is getting rescheduled every time,35150,@123653 We regret the inconvenience. Please fill in your details here: https://t.co/GIJyeYqKE0. We’ll look into it. ^SB,Fri Nov 03 09:27:21 +0000 2017,True,INFORMATIVE_RESOLUTION,REFUND_RETURN_INQUIRY
th_35155,35155,123655,@AmazonHelp Supposed to arrive Nov 2nd or 3rd now and I need the package no later than tomorrow night,35157,@123655 What was the original delivery date given in your order confirmation e-mail? ^MH,Wed Nov 01 13:43:20 +0000 2017,True,INFORMATIVE_RESOLUTION,ORDER_TRACKING_DELAY
th_35165,35165,123657,"@AmazonHelp It was delivered on 15-Jul-2017,so no way of returning this.... full waste of moneyBt plz deliver Sennheiser CX 180 at asap!!",35167,@123657 We shall be doing our best to meet the estimated delivery date. ^CB,Wed Nov 01 14:44:58 +0000 2017,True,INFORMATIVE_RESOLUTION,REFUND_RETURN_INQUIRY
th_35171,35171,123659,@AmazonHelp Just that the specialist team were investigating and this may take 48hrs (at time of email sent to me early hours of this morning).,35173,@123659 I apologize for the troubling experience. Please let us know if you do not receive an email from us within 48 hours. ^MW,Wed Nov 01 13:40:25 +0000 2017,True,INFORMATIVE_RESOLUTION,OTHER_GENERAL
th_35172,35172,123659,"Ordered via @AmazonHelp, notified its been delivered. Get home, not delivered. Request them to investigate, their response.Salt in the wound https://t.co/AmxnePgcpF",35170,@123659 My apologies Andrew. Was any additional information provided? ^DC,Wed Nov 01 13:33:29 +0000 2017,True,INFORMATIVE_RESOLUTION,ORDER_TRACKING_DELAY
th_35186,35186,123663,@AmazonHelp I don’t think so - my understanding it was a deal for prime members and sold by Amazon and not 3rd party vendors. See email I received 👇🏼 https://t.co/lMQZ5mOqew,35188,@123663 The e-mail states the deal starts at a specific time for the release of the item. Pls let us know if it isn't available then! ^TG,Wed Nov 01 13:41:04 +0000 2017,True,INFORMATIVE_RESOLUTION,PRIME_MEMBERSHIP_BILLING
th_35189,35189,123663,@AmazonHelp It wasn’t! That I could see!,35190,@123663 I apologize for any inconvenience. I hope you will be able to take advantage of our future promotions. ^EB,Thu Nov 02 02:12:01 +0000 2017,True,INFORMATIVE_RESOLUTION,OTHER_GENERAL
th_35187,35187,123663,Signed up for @116090 Prime to buy a SNES today. Can’t find it! @AmazonHelp Is it there or am I now a person who can’t use websites? 🙈,35185,"@123663 Hello, Kate! We're here to help. I'm sorry for the troubles. Is this the one you are looking for? https://t.co/RhgiyQru2k ^AL",Wed Nov 01 13:30:25 +0000 2017,True,INFORMATIVE_RESOLUTION,PRIME_MEMBERSHIP_BILLING
th_35844,35844,123811,@AmazonHelp It did not say on the tracking who was carrying it.  I did get contacted from Amazon and now they promised first thing in the morning.,35846,@123811 Oh no! I'm sorry for the delay. Please keep us in the loop and let us know if you receive the package by the new date. ^TG,Wed Nov 01 18:43:50 +0000 2017,True,INFORMATIVE_RESOLUTION,ORDER_TRACKING_DELAY
th_35847,35847,123811,@AmazonHelp They said on he we site they tried to deliver at 853 last night.  Checked my video.  The delivery guy never showed.,35848,@123811 Sorry to hear this - pls contact us so we can escalate to the carrier :  https://t.co/hApLpMlfHN ^TD,Thu Nov 02 09:43:45 +0000 2017,True,INFORMATIVE_RESOLUTION,ORDER_TRACKING_DELAY
th_35849,35849,123811,@AmazonHelp I have twice.  This will not fix a stupid driver who cannot read the address or instructions correctly.,35850,@123811 What was advised when you spoke with us directly? ^NV,Thu Nov 02 10:17:19 +0000 2017,True,INFORMATIVE_RESOLUTION,OTHER_GENERAL
th_35851,35851,123811,@AmazonHelp they took additional details and verified my phone and still failed to deliver today.  I assume i need to stand out on the street waving.,35852,@123811 Please give us a call: https://t.co/JzP7hlA23B to go over your available options. ^CO,Thu Nov 02 20:26:35 +0000 2017,True,INFORMATIVE_RESOLUTION,OTHER_GENERAL
th_35902,35902,123814,@AmazonHelp Replied... With details.. Lets see if you can help from birthday party being ruined,35904,@123814 Thanks for confirming. We'll check this and get back with an update shortly. ^YP,Wed Nov 01 14:00:43 +0000 2017,True,INFORMATIVE_RESOLUTION,OTHER_GENERAL
th_35905,35905,123814,@AmazonHelp How short is your shortly? A response with an ETA would have been professional,35906,"@123814 Once we receive the details, we'd get back to you the latest by 12 hours. Appreciate your patience. ^BS",Wed Nov 01 16:57:44 +0000 2017,True,INFORMATIVE_RESOLUTION,OTHER_GENERAL
th_35907,35907,123814,@AmazonHelp How long would be this 12 hours wait #AmazonIndia? Is already 14 hours from your last tweet... Or clocks working differently at your end,35908,@123814 I'm sorry for the stretch. We're working on the issue and will reach out to you end of the day today. ^AP,Thu Nov 02 06:26:53 +0000 2017,True,INFORMATIVE_RESOLUTION,OTHER_GENERAL
th_35912,35912,123814,"@AmazonHelp #AmazonIndia few more lies from #aramex . Incorrect address, time restricted, office,.. Is home not an office address. Stop lying https://t.co/dHO3eweRco",35913,@123814 Kindly check the correspondence sent to your registered email and reply to it. We'll help you further. ^ZH,Thu Nov 02 07:08:42 +0000 2017,True,INFORMATIVE_RESOLUTION,OTHER_GENERAL
th_35914,35914,123814,@AmazonHelp Yeah got your 'at the earliest' response.. Can't you give a 100% sure answer by talking to your courier partner. Is it that hard ¡¡ https://t.co/nH1ziAugRH,35915,@123814 We're currently working on your issue. We'll contact you with an update soon. Request you to wait for an update. ^ZH,Thu Nov 02 07:28:03 +0000 2017,True,INFORMATIVE_RESOLUTION,ORDER_TRACKING_DELAY
th_35916,35916,123814,@AmazonHelp When will this soon of your arrive? Nearing end of day 3 without any real update or solution #Amazon #AmazonIndia #Flipkart,35917,@123814 Apologies for the ordeal. We'll get back to you as soon as we have an update. ^PS,Thu Nov 02 10:09:37 +0000 2017,True,INFORMATIVE_RESOLUTION,OTHER_GENERAL
th_35918,35918,123814,@AmazonHelp I'm hearing since 3 days.yet to receive update ..  How can't you track and give an ETA on your own deliverance #AmazonIndia #Amazon,35919,"@123814 I assure you, we're truly sorry for the stretch. Our team will get back to you with an update surely. ^RS",Thu Nov 02 10:33:30 +0000 2017,True,INFORMATIVE_RESOLUTION,ORDER_TRACKING_DELAY
th_35920,35920,123814,@AmazonHelp #AmazonIndia i thought amazon had the best Service. Therefore ordered more than 100 items... But this incident lost my trust,35921,"@123814 Apologies for the unpleasant experience, this wasn't intended. We request your patience while we work on it ^BS",Thu Nov 02 10:56:12 +0000 2017,True,INFORMATIVE_RESOLUTION,OTHER_GENERAL
th_35922,35922,123814,@AmazonHelp No one intends on this.. However one reported than taking more than 3 days to resolve or even update.. Is bad customer service #AmazonIndia,35923,"@123814 I get your disappointment. As requested, please give us sometime to work and we'll get back to you with an update soon. ^NK",Thu Nov 02 11:31:26 +0000 2017,True,INFORMATIVE_RESOLUTION,OTHER_GENERAL
th_35903,35903,123814,@AmazonHelp Already did.. Even to your escalation team.. The courier number they gave was even incorrect.. This was present for today's bday.. Ruined...,35901,"@123814 Certainly unintended, Bunty. Please share your details here: https://t.co/GIJyeYqKE0 and we'll check this out. ^MS",Wed Nov 01 13:49:31 +0000 2017,True,INFORMATIVE_RESOLUTION,ORDER_TRACKING_DELAY
th_35935,35935,123816,"@AmazonHelp I’m not sure, I ordered it at 8am this morning with 1 day shipping. I just got the email saying I will get an email when it’s been shipped",35937,"@123816 2/2 For details on how shipping and delivery dates are calculated, please see here: https://t.co/zGyLuHMPgq ^CO",Wed Nov 01 16:12:46 +0000 2017,True,INFORMATIVE_RESOLUTION,ORDER_TRACKING_DELAY
th_35961,35961,123823,@AmazonHelp Why is Amazon Prime Music stations repeating the first song? Every station I've tried does it.,35960,"@123823 Sorry for the trouble. We'd like to troubleshoot this with you in real-time, pls contact us: https://t.co/hApLpMlfHN ^CO",Wed Nov 01 13:38:35 +0000 2017,True,INFORMATIVE_RESOLUTION,PRIME_MEMBERSHIP_BILLING
th_35967,35967,123824,"@AmazonHelp I just wanted to update you on my experience w/ your customer svc center. Carmina listen to my problem and successfully resolved it, thxs! 🙂",35968,@123824 Wonderful! Thanks so much for sharing your experience with us! 😊 Let us know if you have any other questions/concerns. ^WJ,Wed Nov 01 20:15:22 +0000 2017,True,INFORMATIVE_RESOLUTION,OTHER_GENERAL
th_36348,36348,123925,@AmazonHelp Thanks. I am a Big fan of Amazon overall but courier chucked it over fence and it had no packaging 🙄 and it was a Cmas present for me from the Mrs.  Whoops.,36347,"@123925 Have you reached out to us here: https://t.co/JzP7hlA23B regarding the carrier tossing the package over the fence? If not, we'd like to look into that for you as well! ^AD",Wed Nov 22 19:18:29 +0000 2017,True,INFORMATIVE_RESOLUTION,ORDER_TRACKING_DELAY
th_36356,36356,123926,"@AmazonHelp Me he puesto en contacto con ellos. Estoy esperando que me contesten. En este envío no es importante porque no corre prisa, pero lo que es inadmisible es que pongan de escusa que no había nadie en el domicilio cuando en verdad es qué no le da tiempo a entregarlo por otras razones",36355,"@123926 Te recomendamos esperar a la respuesta por parte de la compañía de transporte, en caso de que @4496 no te responda mantennos al tanto para ayudarte. ¡Saludos! ^FZ",Tue Nov 21 13:37:26 +0000 2017,True,INFORMATIVE_RESOLUTION,OTHER_GENERAL
th_36481,36481,123957,@AmazonHelp not available at my nearby distro center.. Says it comes today. Kinda horrible delivery times.,36484,"@123957 I know how frustrating this is. We ask that you allow until 8pm today to deliver. If the item's not received, let us know! ^AL",Wed Nov 01 14:15:00 +0000 2017,True,INFORMATIVE_RESOLUTION,ORDER_TRACKING_DELAY
th_36483,36483,123957,"Amazon didn't even ship my in stock tools, until 11 days after I ordered. 9 days after it was promised to arrive. Wtf @AmazonHelp?",36480,@123957 I'm sorry we missed our mark. Did you receive an e-mail about a delay? Have you called to report this? ^CO,Wed Nov 01 14:04:14 +0000 2017,True,INFORMATIVE_RESOLUTION,OTHER_GENERAL
th_36488,36488,123959,@AmazonHelp how do I cancel my amazon prime account? I don’t use it anymore as no longer need it.,36487,"@123959 You can find information here on how to get this cancelled: https://t.co/zoEiIIan0o If you have questions, let us know! ^KN",Wed Nov 01 14:06:44 +0000 2017,True,INFORMATIVE_RESOLUTION,PRIME_MEMBERSHIP_BILLING
th_36490,36490,123960,"@AmazonHelp I haven't, but that's because I'm on a galaxy 7. I did, however go through their equivalent steps on my phone.",36489,@123960 Let's see! Please reach out to us by phone or chat for live troubleshooting steps here: https://t.co/hApLpM3Ejd ^KJ,Wed Nov 01 14:05:04 +0000 2017,True,INFORMATIVE_RESOLUTION,OTHER_GENERAL
th_36496,36496,123961,@AmazonHelp Kindergarten Unlimited website will not return any ebooks. Tried returning all 10 but keeps sayjng I have 10 out. Have closed out of browser on pc and reinstalled android app. Nothing helps on either platform. Help! :(,36498,@123961 Oh no! Please contact us here: https://t.co/hApLpMlfHN so we can look into this issue for you. ^AD,Wed Nov 01 14:31:38 +0000 2017,True,INFORMATIVE_RESOLUTION,REFUND_RETURN_INQUIRY
th_36500,36500,123961,"@AmazonHelp I did but while waiting for response can someone Please look into this. Tried calling kindergarten support and barely understood the CSR, which was extremely frustrating.",36501,@123961 We aren't able to see accounts w/ Twitter so thank you for e-mailing us! Please keep us posted on the results of your e-mail. ^DD,Wed Nov 01 15:07:51 +0000 2017,True,INFORMATIVE_RESOLUTION,OTHER_GENERAL
th_36507,36507,123962,"@AmazonHelp I have Prime.... I have a trial of Music Unlimited that came with Alexa, is that what you mean?",36508,"@123962 You can listen to the song you linked us to with your Alexa device. However, I don't see that the album is available (1/3)",Wed Nov 01 14:23:31 +0000 2017,True,INFORMATIVE_RESOLUTION,PRIME_MEMBERSHIP_BILLING
th_36511,36511,123962,@AmazonHelp any way to let me know as soon as I can pre-order? have I mentioned that I really want this album? I also have a ? abt record players.,36512,"@123962 Search ""record player"" in the Amazon search bar. On the left-hand side of the page you can filter by brand. ^TH",Wed Nov 01 15:45:41 +0000 2017,True,INFORMATIVE_RESOLUTION,ORDER_TRACKING_DELAY
th_36515,36515,123962,"@AmazonHelp The page has changed, some songs are available to play in Music, but I still can't order the album. Please, I want to give you money.",36516,@123962 The status of purchase of the full album will change as soon as it's available. Please keep checking. ^EM,Wed Nov 01 17:36:45 +0000 2017,True,INFORMATIVE_RESOLUTION,ORDER_TRACKING_DELAY
th_36505,36505,123962,"@AmazonHelp Why is there a box that says I can pre-order Songs of Experience - and listen to 2 songs - but I click &amp; it says ""not found""?",36502,"@123962 Hi, sorry to hear that, can you send us a link to the item you're referring to? ^JJ",Wed Nov 01 14:04:28 +0000 2017,True,INFORMATIVE_RESOLUTION,ORDER_TRACKING_DELAY
th_36518,36518,123963,"@AmazonHelp When I am getting call,  call is getting disconnected addressing that product not recognized",36522,@123963 I'm sorry to know about that. Please fill this form: https://t.co/GIJyeYqKE0 and we'll contact you soon. ^MP,Wed Nov 01 14:40:12 +0000 2017,True,INFORMATIVE_RESOLUTION,OTHER_GENERAL
th_36527,36527,123963,@AmazonHelp Keep apologies with u.what is the update on my geyser change? Will you give same in summers??,36528,@123963 We cannot access your account from here. Please reply to our email and we'll get back. ^MN,Fri Nov 03 11:48:35 +0000 2017,True,INFORMATIVE_RESOLUTION,OTHER_GENERAL
th_36529,36529,123963,@AmazonHelp Can you call me at 9654057010,36530,"@123963 Please don't provide your contact details, we consider it to be personal information. (2/2) ^JS",Fri Nov 03 12:10:30 +0000 2017,True,INFORMATIVE_RESOLUTION,OTHER_GENERAL
th_36532,36532,123963,@AmazonHelp I have done it many times,36534,@123963 You would have received a correspondence if you have filled in the details. (1/2) ^JS,Fri Nov 03 12:20:54 +0000 2017,True,INFORMATIVE_RESOLUTION,OTHER_GENERAL
th_36535,36535,123963,@AmazonHelp I am not receiving any help from @123964 nor u. My money is LOOTED by u. REFUND MY MONEY,36536,"@123963 I get your disappointment. Suggest you to contact the manufacturer and claim the warranty. If the manufacturer denies warranty, kindly get a service denial letter. Further, I'm afraid the resolution provided is best we can offer. ^SG",Sun Nov 12 12:21:24 +0000 2017,True,INFORMATIVE_RESOLUTION,REFUND_RETURN_INQUIRY
th_36521,36521,123963,"@AmazonHelp Not able to contact you, getting calls from UK https://t.co/zoVPnr8Z9r",36517,@123963 We use international severs to connect through call. Be assured that it is from our team that you'll receive the call back.^PR,Wed Nov 01 13:42:31 +0000 2017,True,INFORMATIVE_RESOLUTION,OTHER_GENERAL
th_36539,36539,123963,@AmazonHelp This is height of unprofessionalism. @123964 ARE U BOTH WINDING UP UR OPERATIONS@120033 @120319,36538,@123963 You'd have received a correspondence from our team. Do check it here:https://t.co/8DAc10S7ww &amp; reply for further concerns. ^EM,Sat Oct 28 10:45:35 +0000 2017,True,INFORMATIVE_RESOLUTION,OTHER_GENERAL
th_36543,36543,123963,@AmazonHelp No help received either from them. They have directed to  speak to KENSTAR,36542,@123963 We'd like to take a closer look on this. Please share your details here: https://t.co/GIJyeYqKE0. We'll reach out to you. ^VN,Wed Oct 25 12:43:54 +0000 2017,True,INFORMATIVE_RESOLUTION,OTHER_GENERAL
th_36545,36545,123963,@AmazonHelp This isn't now about installation. It's now about faulty product,36544,@123963 That's unexpected! Sorry about the received product. Please flag this to our support team &amp; we'll get this sorted. ^BS,Wed Oct 25 11:55:50 +0000 2017,True,INFORMATIVE_RESOLUTION,OTHER_GENERAL
th_36565,36565,123966,"@123967, @AmazonHelp: I tweeted both of your help pages but didn’t get a response. I want answers as to why my Fresh was abruptly canceled in my area. Amazon says they wouldn’t choose to stop so that leaves usps. Email says change in delivery route. ????? Doesn’t make sense.",36564,"@123966 I'm sorry for this! Just to clarify, have you spoken with us via phone, so we may look into this? https://t.co/hApLpMlfHN ^AL",Wed Nov 01 13:53:22 +0000 2017,True,INFORMATIVE_RESOLUTION,ORDER_TRACKING_DELAY
th_36569,36569,123969,got an @115821 notification that my package couldn’t reach my front door/turns out they were just lazy and never came to my house bc my gate guard said no one tried to get through so i really can’t trust anyone and delivery men are lazy @AmazonHelp i’m a freaking prime member,36568,@123969 Sorry to hear this Caleigh!Pleasee get in touch here: https://t.co/hApLpMlfHN and we'll look into this for you. ^RL,Wed Nov 01 13:58:42 +0000 2017,True,INFORMATIVE_RESOLUTION,PRIME_MEMBERSHIP_BILLING
th_36583,36583,123971,@AmazonHelp Isn't applying for pick up in your app not good enough@115850,36584,@123971 I'm sorry about that. Could you please confirm if you have submitted your details using the link mentioned earlier? ^GD,Wed Nov 01 16:04:51 +0000 2017,True,INFORMATIVE_RESOLUTION,PRODUCT_TECH_SUPPORT
th_36590,36590,123971,@AmazonHelp Have started details @115850 Why is it not happening now,36591,"@123971 I get your concern, as informed earlier, kindly reply to the correspondence which you have already received from us. ^SS",Fri Nov 03 20:19:39 +0000 2017,True,INFORMATIVE_RESOLUTION,OTHER_GENERAL
th_36592,36592,123971,@AmazonHelp @115850 R u guys crazy..I have already done that..,36593,"@123971 If you've replied to the email, our team will get back to you soon. ^AG",Sat Nov 04 10:08:11 +0000 2017,True,INFORMATIVE_RESOLUTION,OTHER_GENERAL
th_36594,36594,123971,"@AmazonHelp @115850Sick of your post sales services., Decide to uninstall Amazon. And no more shopping from Amazon India.Pathetic service level..",36595,@123971 Sorry about your recent experience. Kindly contact us here: https://t.co/vlvfJr4nN9 &amp; we'll be glad to help you. ^SY,Tue Nov 07 10:59:57 +0000 2017,True,INFORMATIVE_RESOLUTION,OTHER_GENERAL
th_36601,36601,123971,@AmazonHelp @115850You guys have pathetic after sales service..No doubt about it,36604,@123971 I'm sorry the issue hasn't been resolved yet. I'd like to look into the issue and resolve it on priority. Please share your details here: https://t.co/XwyFJHn8N4 and I'll get back to you. ^SF,Fri Nov 10 04:57:18 +0000 2017,True,INFORMATIVE_RESOLUTION,OTHER_GENERAL
th_37576,37576,124158,"@AmazonHelp I have expressed my concerns on the phone the last time the delivery wasn't even attempted, but this time I haven't yet had the chance.",37578,"@124158 When you have a moment, pls reach out via phone so we can address this feedback: https://t.co/JzP7hlA23B Keep us posted! ^KN",Wed Nov 01 14:29:57 +0000 2017,True,INFORMATIVE_RESOLUTION,ORDER_TRACKING_DELAY
th_37577,37577,124158,@AmazonHelp ... Leaves a rather sour taste in the mouth of a customer who pays for prime delivery. Not even like my house is hard to find... Unimpressed,37575,"@124158 I can understand why this is frustrating, Jonathan! Have you been able to contact us by phone &amp; express your concerns with us?^FR",Wed Nov 01 14:21:56 +0000 2017,True,INFORMATIVE_RESOLUTION,PRIME_MEMBERSHIP_BILLING
th_37581,37581,124158,@AmazonHelp nice to see a parcel turn up after 2 non attempts at delivery with a giant hole in the box. #caredforbox,37579,@124158 I'm sorry your parcel arrived in this condition! Were any of the contents inside damaged? Please let us know! ^KJ,Wed Nov 01 14:16:04 +0000 2017,True,INFORMATIVE_RESOLUTION,ORDER_TRACKING_DELAY
th_37587,37587,124160,@AmazonHelp Think you guys charged me twice for something im not aware of,37589,@124160 I'm sorry for the trouble! Was one of the items an authorisation? You can read more here: https://t.co/lS5ivdj7rw ^TG,Wed Nov 01 14:27:26 +0000 2017,True,INFORMATIVE_RESOLUTION,PRIME_MEMBERSHIP_BILLING
th_37590,37590,124160,@AmazonHelp Yes but there are 2 different charges one is acceptable,37591,"@124160 We'd be more than happy to research this w/ you! When you have a free moment, reach us via phone: https://t.co/hApLpMlfHN ^KN",Wed Nov 01 14:38:36 +0000 2017,True,INFORMATIVE_RESOLUTION,OTHER_GENERAL
th_37594,37594,124160,Yo we gotta talk on my lunch break @AmazonHelp,37593,"@124160 We're here for you! If you need immediate help, please reach out by phone or chat here: https://t.co/hApLpMlfHN ^KJ",Wed Nov 01 14:22:06 +0000 2017,True,INFORMATIVE_RESOLUTION,OTHER_GENERAL
th_37596,37596,124161,"@AmazonHelp I can’t DM you my order ID? Strange, have to login to my account &amp; send u details, then that I have already done n number of times via app",37598,"@124161 Being Social Media platform, we can't access your account. Please fill in the details in the form provided earlier. ^JS",Wed Nov 01 16:19:16 +0000 2017,True,INFORMATIVE_RESOLUTION,ACCOUNT_LOGIN_SECURITY
th_37601,37601,124163,@AmazonHelp Have tried everything. Your customer care also just promises and never delivers. My shipment is not yet picked.,37603,@124163 I understand your concern for the return of the order. Please share the details in link shared by 'MO' &amp; we'll help you.^SF,Fri Nov 03 04:50:26 +0000 2017,True,INFORMATIVE_RESOLUTION,OTHER_GENERAL
th_37605,37605,124163,@AmazonHelp I will escalate this to highest authorities. What a pain this has been! Have already shared all data and called 10 times.,37606,@124163 We haven't received your details yet. Kindly share the details in the link provided earlier and we'll get in touch. ^SY,Fri Nov 03 05:10:10 +0000 2017,True,INFORMATIVE_RESOLUTION,OTHER_GENERAL
th_37607,37607,124163,@AmazonHelp Have concted your cc 10 times. You have my details. Filled this form also. Horrible experience @115850,37608,@124163 I understand you had an unpleasant experience. We've received your details and we'll get back to you soon.^SF,Fri Nov 03 05:58:53 +0000 2017,True,INFORMATIVE_RESOLUTION,OTHER_GENERAL
th_37602,37602,124163,@AmazonHelp It was scheduled for today. No one came for pick up of shipment. This is height of carelessness. @115850,37600,@124163 here: https://t.co/beaaDm0muc and we'll get in touch with you soon. (2/2) ^MO,Wed Nov 01 14:06:52 +0000 2017,True,INFORMATIVE_RESOLUTION,OTHER_GENERAL
th_37612,37612,124163,@AmazonHelp Alright deleting it but please fix it ASAP.,37610,"@124163 I understand your concern, Gaurav. Please connect with us using the link provided earlier. We'll get this checked. ^HD",Tue Oct 31 20:15:03 +0000 2017,True,INFORMATIVE_RESOLUTION,OTHER_GENERAL
th_37616,37616,124164,@AmazonHelp I was signed up to Prime and it wasn’t me who did it. Did someone hack my account?,37615,@124164 We'd like to take a better look into this with you. Please reach us via phone/chat here: https://t.co/JzP7hlA23B ^KP,Wed Nov 01 14:21:28 +0000 2017,True,INFORMATIVE_RESOLUTION,PRIME_MEMBERSHIP_BILLING
th_37620,37620,124165,@AmazonHelp I filled this out yesterday right after you sent this and still no reply and no another package is late. I don't get it.,37617,"@124165 Upon review, It looks like your concern is being addressed. Thanks for reaching out! ^MT",Wed Nov 01 14:11:48 +0000 2017,True,INFORMATIVE_RESOLUTION,ORDER_TRACKING_DELAY
th_37627,37627,124167,"@AmazonHelp Yes, letting me ""it's delayed"", well duh! How the he'll does it go from pre-order to out of stock?",37629,@124167 In some cases unexpected issues can arise. Once we have an updated delivery date we'll notify you via e-mail. ^KP,Wed Nov 01 14:35:32 +0000 2017,True,INFORMATIVE_RESOLUTION,ORDER_TRACKING_DELAY
th_37635,37635,124169,"@AmazonHelp Yes I have; i'd expect the delivery note to match courier actions, otherwise what is the point?",37637,@124169 Please provide your phone number w/ us here: https://t.co/OW4c4eicZd &amp; select the 'Call me now' option to connect w/ an agent. ^KP,Wed Nov 01 14:39:13 +0000 2017,True,INFORMATIVE_RESOLUTION,ORDER_TRACKING_DELAY
th_37636,37636,124169,@AmazonHelp Yr link: 'track package' page: tells me the package was handed to resident: delivery card indicates otherwise. No contact option = unhelpful https://t.co/sfVPWgKmCR,37634,"@124169 Apologies, have you checked in possible safe places and with neighbors for the parcel: https://t.co/L76CBge35P? ^JJ",Wed Nov 01 14:17:07 +0000 2017,True,INFORMATIVE_RESOLUTION,ORDER_TRACKING_DELAY
th_37639,37639,124169,#Amazonlogistics Delivery service falls way short of expectations. Package not there @AmazonHelp @115821 https://t.co/c6WX6Nvi9w,37638,"@124169 I'm sorry your package is missing, we'd be happy to look into your options with you here: https://t.co/qy3J24VGxb ^AF",Mon Oct 30 14:23:29 +0000 2017,True,INFORMATIVE_RESOLUTION,ORDER_TRACKING_DELAY
th_37644,37644,124170,@AmazonHelp but i feel the subtlety of the issue is being lost in translation (2/2),37642,"@124170 We're always here to lend a helping hand! Without giving personal or account info, please tell us what your situation is? ^MW",Wed Nov 01 14:09:45 +0000 2017,True,INFORMATIVE_RESOLUTION,OTHER_GENERAL
th_38102,38102,124276,@AmazonHelp My order moved to non-delivery city-haryana from correct delivery city-delhi. https://t.co/nTjMJCb8Zg,38105,"@124276 If you've reported this to our team, they'll work on this for you. Kindly wait till the estimates provided and keep us posted. ^VN",Wed Nov 01 14:46:23 +0000 2017,True,INFORMATIVE_RESOLUTION,ORDER_TRACKING_DELAY
th_38108,38108,124276,@AmazonHelp My concern is When my package arrived in correct city-delhi in first time then why it's moved to wrong non delivery city-haryana. Explain it https://t.co/AlvIWGv7wH,38109,"@124276 Please do not worry, the packages move according to the fulfillment center. It will be delivered as per estimates. ^HN",Wed Nov 01 15:26:13 +0000 2017,True,INFORMATIVE_RESOLUTION,ORDER_TRACKING_DELAY
th_38110,38110,124276,@AmazonHelp These are only delaying tactics. If I pay prime delivery charges then same package will be delivered within 24 hours without any issues.,38111,"@124276 I get your concern. However, packages are shipped as per estimates. Kindly wait till the same. Appreciate your patience. ^VN",Wed Nov 01 16:02:55 +0000 2017,True,INFORMATIVE_RESOLUTION,PRIME_MEMBERSHIP_BILLING
th_38112,38112,124276,@AmazonHelp -5 out of 5 for delivery service. I didn't pay prime delivery charges that's why it's happening to me.,38113,@124276 That shouldn't be the case. All customers are equally valued at Amazon. I'll be sharing your comments internally to work on. ^CB,Wed Nov 01 16:31:11 +0000 2017,True,INFORMATIVE_RESOLUTION,PRIME_MEMBERSHIP_BILLING
th_38114,38114,124276,@AmazonHelp If my comments improve ur service then must share it..,38115,@124276 Sorry about the disappointment. I'll be sure to forward your feedback internally for a review to provide better services. ^BS,Wed Nov 01 17:04:36 +0000 2017,True,INFORMATIVE_RESOLUTION,OTHER_GENERAL
th_38116,38116,124276,@AmazonHelp Sounds good but my review/feedback for delivery services not change &amp; if delivery service not good it's affect ur business.,38117,@124276 I get your concern. We'll be sure to work on it. ^SG,Wed Nov 01 17:16:59 +0000 2017,True,INFORMATIVE_RESOLUTION,ORDER_TRACKING_DELAY
th_38104,38104,124276,@115850 @AmazonHelp Very disappointed with delivery service. I won't any order from #Amazon in future.,38101,@124276 Did you happen to discuss the delivery issue with our support team?  Do keep us posted. ^CB,Wed Nov 01 14:34:02 +0000 2017,True,INFORMATIVE_RESOLUTION,ORDER_TRACKING_DELAY
th_38120,38120,124277,My product Return was cancelled without any information.  @AmazonHelp @115850 why??,38119,"@124277 That is unusual, Dhrumil. Kindly reach out to us via: https://t.co/B2ordXVRt8 and we will have this checked. ^KS",Wed Nov 01 14:36:54 +0000 2017,True,INFORMATIVE_RESOLUTION,REFUND_RETURN_INQUIRY
th_38126,38126,124279,@AmazonHelp £6 is a lot for me rn,38125,@124279 We'd like to take a closer look at this with you. Please reach us via phone/chat here: https://t.co/JzP7hlA23B ^KP,Wed Nov 01 14:35:26 +0000 2017,True,INFORMATIVE_RESOLUTION,OTHER_GENERAL
th_38131,38131,124281,"@AmazonHelp Yes, I received a message saying my payment was declined, which I immediately went on to my account to fix, as soon as I got the email.",38133,@124281 I see. Payment issues and any order changes can affect an order's delivery date. More info: https://t.co/NLsOf4yhI0 ^WJ,Wed Nov 01 14:40:06 +0000 2017,True,INFORMATIVE_RESOLUTION,OTHER_GENERAL
th_38132,38132,124281,"@AmazonHelp That link is for US, I'm a UK customer. It said when I placed the order that it would be arriving on the release date.",38130,"@124281 Apologies, did you receive any emails in relation to the order since you placed it? ^JJ",Wed Nov 01 14:33:23 +0000 2017,True,INFORMATIVE_RESOLUTION,ORDER_TRACKING_DELAY
th_38136,38136,124281,"@AmazonHelp It was listed as the release date, November 2nd.",38135,"@124281 Was this eligible for release day delivery? For more info on release day delivery, visit us here: https://t.co/i00UDgo1tt ^TK",Wed Nov 01 14:27:41 +0000 2017,True,INFORMATIVE_RESOLUTION,OTHER_GENERAL
th_38161,38161,124289,@AmazonHelp I purchased this book for my commute this morning and it won't show up to listen. Now I can't cancel. Plz help https://t.co/0sAo5aGFbS,38158,"@124289 Hi, sorry to hear that, does it show up in the purchase history on your account: https://t.co/PXy2jin5AJ? ^JJ",Wed Nov 01 14:27:16 +0000 2017,True,INFORMATIVE_RESOLUTION,REFUND_RETURN_INQUIRY
th_38163,38163,124290,@AmazonHelp Haven't paid attention to the carrier. But it's been doing it recently..my last 5 purchases or so over the past few weeks.,38166,@124290 That is odd! Let's find out who that carrier is so we can see about getting this sorted: https://t.co/Y5jpI9gRhE ^JZ,Wed Nov 01 14:42:06 +0000 2017,True,INFORMATIVE_RESOLUTION,ORDER_TRACKING_DELAY
th_38165,38165,124290,"@AmazonHelp just so you know, your text alerts that a package has been delivered arrive now a day after the delivery. Weird.",38162,@124290 I'm sorry for the trouble. Are you noticing any trends when this occurs? Does this occur with a specific carrier? ^CO,Wed Nov 01 14:24:10 +0000 2017,True,INFORMATIVE_RESOLUTION,ORDER_TRACKING_DELAY
th_38176,38176,124294,"@AmazonHelp someone has used my email address for their amazon account, what do I do?",38174,@124294 Sorry for the trouble! Please reach out through the link and provide as much detail as possible: https://t.co/zYVX1Qi29G ^TG,Wed Nov 01 14:21:24 +0000 2017,True,INFORMATIVE_RESOLUTION,OTHER_GENERAL
th_38199,38199,124166,"@AmazonHelp I sent in the link and in 1""2-24 hours"" I expect to hear from @115821. I hope the scum that hacked my account isn't on a shopping spree!",38201,"@124166 I'm glad you were able to get this process started, Jennifer! Our specialists will be in contact with you soon! ^FR",Wed Nov 01 14:41:28 +0000 2017,True,INFORMATIVE_RESOLUTION,ACCOUNT_LOGIN_SECURITY
th_38568,38568,124407,@AmazonHelp It was supposed to be delivered today and now it's saying rescheduled due to customer request. And I have not request anything,38569,@124407 Thanks for the update; has the order already been dispatched? ^GS,Wed Nov 22 19:38:20 +0000 2017,True,INFORMATIVE_RESOLUTION,ORDER_TRACKING_DELAY
th_38574,38574,124407,@AmazonHelp hey I need someone to solve my issue.,38573,@124407 Hi Sameer! We're here to help! Is this a current issue you're experiencing? ^WT,Wed Nov 22 19:06:55 +0000 2017,True,INFORMATIVE_RESOLUTION,OTHER_GENERAL
th_38796,38796,124278,@AmazonHelp If u want to connect with me ..I share my mobile in DM .Whts d need of the form.I already told my concern.In tht form mentioned as 24 hrs,38797,"@124278 I'm sorry but as we're on Twitter, we won't be able to take any action. Please use the link to send us your details. ^AM",Wed Nov 01 15:11:18 +0000 2017,True,INFORMATIVE_RESOLUTION,OTHER_GENERAL
th_38799,38799,124466,@AmazonHelp No reply to my last tweet. Thank you for replying now tho :) https://t.co/fYVeqY9Quq,38801,"@124466 We don't have that information, but we’re working hard on an app for AppleTV, and expect it to launch later this year! ^FR",Wed Nov 01 14:58:46 +0000 2017,True,INFORMATIVE_RESOLUTION,OTHER_GENERAL
th_38810,38810,122363,@AmazonHelp I keep chasing u guys and finally ur reply https://t.co/wgHLRIVchr,38812,@122363 Please don't provide your order details as we consider it personal information. Our twitter page is visible to public. (2/2)^SQ,Wed Nov 01 22:13:21 +0000 2017,True,INFORMATIVE_RESOLUTION,OTHER_GENERAL
th_38821,38821,120932,"@AmazonHelp Hi, still awaiting the refund. It shows we will initiate the refund once we receive the item. In 15 days, the charger could reach anywhere on the globe. Don't know how did the seller didn't receive it yet. Please check.",38822,"@120932 I’m extremely sorry about this experience, Vrushank. I'd like to take a closer look into this. Please share your details here: https://t.co/GIJyeYqKE0 and I'll get in touch with you.  ^MK",Thu Nov 16 18:00:00 +0000 2017,True,INFORMATIVE_RESOLUTION,REFUND_RETURN_INQUIRY
th_22576,22576,120932,@AmazonHelp @115850 Thanks for the prompt response. Props to Bikram from Amazon. Reinstated my faith in @115850,38820,@120932 It's always our pleasure to make you smile. We shall be closing the concern at the earliest. We value your time. ^CB,Wed Nov 01 14:33:47 +0000 2017,True,INFORMATIVE_RESOLUTION,OTHER_GENERAL
th_38831,38831,124471,@AmazonHelp let me know please. My Prime has been  disrupted because of a delay by you.,38832,@124471 We've sent the correspondence to your registered email ID. Kindly check it here: https://t.co/8DAc10S7ww ^GK,Thu Nov 02 02:36:41 +0000 2017,True,INFORMATIVE_RESOLUTION,PRIME_MEMBERSHIP_BILLING
th_38851,38851,124478,@AmazonHelp I have already fill this form... no updates,38853,"@124478 We've not received your details yet, Lokesh. Please fill in your details via the link provided to better assist you. ^KS",Wed Nov 01 14:54:47 +0000 2017,True,INFORMATIVE_RESOLUTION,OTHER_GENERAL
th_39554,39554,124646,@AmazonHelp Does sharing only work on the website? Seems unlike Dropbox you can't share a file through the mac finder by right clicking on it. 🤔,39556,"@124646 Sharing is only possible via the menu icon. If this doesn't work, please inform my colleagues: https://t.co/ohyvGrpvrY ^SI",Wed Nov 01 15:21:00 +0000 2017,True,INFORMATIVE_RESOLUTION,OTHER_GENERAL
th_39555,39555,124646,@AmazonHelp I was wondering is there no finder integration in Amazon Drive client (e.g. right click to share) ? Is it coming?,39553,"@124646 Hi, Do you mean this function? https://t.co/2sDZNvx9xI Kind regards, ^SI",Wed Nov 01 14:50:41 +0000 2017,True,INFORMATIVE_RESOLUTION,OTHER_GENERAL
th_39564,39564,124649,@AmazonHelp Thank you very much for the speedy reply! Is US site the same as the UK site? I can't see what digital credit/ pantry credit I have sadly 😔,39566,@124649 Sorry about that! You can find out how to view your credits in the UK here: https://t.co/dOCC80P082 ^DD,Wed Nov 01 15:26:31 +0000 2017,True,INFORMATIVE_RESOLUTION,OTHER_GENERAL
th_39565,39565,124649,@AmazonHelp hi! How do I check how much amazing pantry credit I have my my account? Thanks!,39563,@124649 Hello Joyce! Hope your're having an awesome day! You can check that balance here: https://t.co/C8mcliR5uv ^JZ,Wed Nov 01 14:58:56 +0000 2017,True,INFORMATIVE_RESOLUTION,OTHER_GENERAL
th_39579,39579,124652,@AmazonHelp I've filled it out. Thank you.,39580,@124652 Thank you for keeping us posted. We will get back to you soon with an update. ^KS,Thu Nov 02 14:48:50 +0000 2017,True,INFORMATIVE_RESOLUTION,OTHER_GENERAL
th_39582,39582,124653,"@AmazonHelp The agent is advising I continue to wait. I understand that, but it’s pretty common that my orders are marked delivered when they never were. Delivery is very unreliable!",39584,@124653 Is this occurring with a specific carrier? Have you noticed any trends when this occurs? ^CO,Wed Nov 01 15:09:30 +0000 2017,True,INFORMATIVE_RESOLUTION,ORDER_TRACKING_DELAY
th_39585,39585,124653,@AmazonHelp It seems to be items I order from an amazon warehouse. I’m not sure if my specific location makes a difference.. we are in Baltimore County.,39586,@124653 Thanks for that info! Check here: https://t.co/Y5jpI9gRhE to see which carrier has the order. Let us know! ^AH,Wed Nov 01 15:50:09 +0000 2017,True,INFORMATIVE_RESOLUTION,ORDER_TRACKING_DELAY
th_39587,39587,124653,@AmazonHelp It says shipped with AMZL US.,39588,@124653 Thank you for confirming. A specialist would like to further review this with you here: https://t.co/hRV9RiKHzC ^FD,Wed Nov 01 16:00:35 +0000 2017,True,INFORMATIVE_RESOLUTION,ORDER_TRACKING_DELAY
th_40360,40360,124849,@AmazonHelp Thanks. That worked. How will my Complimentary Amazon Prime membership that comes with Echo get added to my a/c? SOS @115850 @AmazonHelp,40362,@124849 https://t.co/rS49hgaADF so that we can assist you accordingly. (2/2) ^SU,Wed Nov 01 15:42:42 +0000 2017,True,INFORMATIVE_RESOLUTION,PRIME_MEMBERSHIP_BILLING
th_40376,40376,124852,"@AmazonHelp Amazon. I got an email stating that my orders had been stopped and that I  had to enter info about the phone number, address, and card #.",40378,"@124852 Thanks for the info! In the e-mail, there should be a secure fax line to send the info to. Do you see it listed in there? ^AL",Wed Nov 01 15:34:33 +0000 2017,True,INFORMATIVE_RESOLUTION,OTHER_GENERAL
th_40381,40381,124852,"@AmazonHelp No, I do t see anything.",40382,@124852 Have you been prompted to log into your https://t.co/nUUp5MLhYl account to upload your billing information? ^TG,Wed Nov 01 15:46:07 +0000 2017,True,INFORMATIVE_RESOLUTION,OTHER_GENERAL
th_40383,40383,124852,"@AmazonHelp Yes, I tried to relog in, and it says my account is locked and they sent an email to help unlock it, but I got no email.",40384,@124852 Sorry for the trouble. I'd like for you to call our specialists for the login issue: https://t.co/jzvkhdlrK5 ^MG,Wed Nov 01 16:51:28 +0000 2017,True,INFORMATIVE_RESOLUTION,OTHER_GENERAL
th_40377,40377,124852,"@AmazonHelp really ticked, order wont ship. 200$ worth of stuff not being shipped. Can you please help me?",40375,@124852 I'm sorry your order hasn't shipped as expected! Is the item being shipped by Amazon or a third party seller? ^AH,Wed Nov 01 15:22:23 +0000 2017,True,INFORMATIVE_RESOLUTION,ORDER_TRACKING_DELAY
th_40386,40386,124853,@AmazonHelp Recently had a number of orders that haven't been left in safe place despite this being requested. Why not? 1/2,40385,@124853 We'd like to go over available options with you and submit feedback. Please contact us by phone or chat https://t.co/JzP7hlA23B ^MG,Wed Nov 01 15:14:14 +0000 2017,True,INFORMATIVE_RESOLUTION,OTHER_GENERAL
th_40388,40388,124854,"@AmazonHelp oh! nov 8 or 9, but it was released yesterday and hasnt shipped",40390,@124854 I know the wait is terrible! Please let us know if you don't get the order by the delivery date given! ^JZ,Wed Nov 01 15:29:14 +0000 2017,True,INFORMATIVE_RESOLUTION,ORDER_TRACKING_DELAY
th_40414,40414,120261,@AmazonHelp I have no mail from u,40415,@120261 Could you check here: https://t.co/8DAc10S7ww and let us know If you have received any correspondence from our team? ^NK,Wed Nov 01 15:37:41 +0000 2017,True,INFORMATIVE_RESOLUTION,OTHER_GENERAL
th_40417,40417,120261,@AmazonHelp But i am not ready for self return because i have not arrange it my self this is headache for me so please provide from your courier service,40418,"@120261 You should have received an email from us, please check and revert. ^HN",Wed Nov 01 15:54:59 +0000 2017,True,INFORMATIVE_RESOLUTION,REFUND_RETURN_INQUIRY
th_40421,40421,120261,@AmazonHelp Otherwise i cant return this damage product,40424,"@120261 As mentioned earlier, you will receive a correspondence regarding the concern of your return. Please check your inbox. ^JS",Wed Nov 01 17:08:39 +0000 2017,True,INFORMATIVE_RESOLUTION,REFUND_RETURN_INQUIRY
th_40422,40422,120261,@AmazonHelp But please arrange return pick up from your hand,40425,"@120261 Please don't worry, our team will get in touch with you with a best possible resolution. ^SU",Wed Nov 01 17:07:52 +0000 2017,True,INFORMATIVE_RESOLUTION,REFUND_RETURN_INQUIRY
th_40423,40423,120261,@AmazonHelp They have no any resolution rest self return,40427,"@120261 I get you being upset, Dharmesh. However, request you to respond to the correspondence that was sent to you by our 1/2 ^NK",Wed Nov 01 17:26:52 +0000 2017,True,INFORMATIVE_RESOLUTION,REFUND_RETURN_INQUIRY
th_40429,40429,124860,@AmazonHelpordered a product with delivery address j&amp;k....but ATS is trying to deliver it to Assam....track id-79244084290,40428,"@124860 Please don't provide your order details, we consider it personal information. Our Twitter page is visible to public. ^VN(2/2)",Wed Nov 01 14:48:06 +0000 2017,True,INFORMATIVE_RESOLUTION,ORDER_TRACKING_DELAY
th_41498,41498,125122,@AmazonHelp My friend placed the order for me. He (Neil Dsouza) just filled the details in the redressal. Amazon's Jaya Pavani is looking into it.,41500,@125122 Do let us know if the issue still persists. Keep us posted. ^PS,Thu Nov 02 02:44:33 +0000 2017,True,INFORMATIVE_RESOLUTION,ORDER_TRACKING_DELAY
th_41501,41501,125122,@AmazonHelp Would be great if we could talk about it. I'd like to get the missing part. Or else I may have to buy the whole thing again.,41502,@125122 here: https://t.co/GIJyeYqKE0 and I'll reach out. (2/2) ^KA,Thu Nov 02 02:50:41 +0000 2017,True,INFORMATIVE_RESOLUTION,OTHER_GENERAL
th_41507,41507,125124,"@AmazonHelp This is the first time I've had this problem, so I haven't called them yet. Thank you for the information! I will give a call later today!",41506,@125124 Keep us in the loop! We want to make sure this have been taken care of for you! ^FR,Wed Nov 01 15:38:17 +0000 2017,True,INFORMATIVE_RESOLUTION,OTHER_GENERAL
th_41517,41517,125125,"@AmazonHelp Thank you, your chat solved it very quickly and I do know the person who sent it! :)",41519,@125125 Fantastic! Let us know if there's anything further we can help with! ^KN,Wed Nov 01 15:56:59 +0000 2017,True,INFORMATIVE_RESOLUTION,OTHER_GENERAL
th_41522,41522,122600,@AmazonHelp Yes I have replied,41520,@122600 Thanks for the update. Our team will check and get back to you with an update soon. Request you to wait. ^NK,Wed Nov 01 15:31:52 +0000 2017,True,INFORMATIVE_RESOLUTION,OTHER_GENERAL
th_30000,30000,122600,@115851 @AmazonHelp Have send the details via fax .@AmazonHelp @115851,41523,@122600 I understand your disappointment. We'd like to help. May I know if you replied the correspondence from the accounts team? ^BS,Wed Nov 01 15:13:51 +0000 2017,True,INFORMATIVE_RESOLUTION,OTHER_GENERAL
th_41530,41530,125127,@AmazonHelp As of now the aspect ratio seems to be 1:1. Very irritating.,41529,@125127 I understand your concern. I've noted your comments and have forwarded your feedback internally. ^MO,Wed Nov 01 15:10:57 +0000 2017,True,INFORMATIVE_RESOLUTION,OTHER_GENERAL
th_41525,41525,122600,@AmazonHelp N have mail the details with fax too,41533,"@122600 I understand waiting could be tiresome but rest assured, the concerned team is working on a resolution for you.^SU",Wed Nov 01 15:32:26 +0000 2017,True,INFORMATIVE_RESOLUTION,OTHER_GENERAL
th_42473,42473,125385,@AmazonHelp I was supposed to be credited my money back within the hour and I never got it.,42474,@125385 Did we specify your refund was going to an Amazon Gift Card? ^TR,Wed Nov 01 19:05:44 +0000 2017,True,INFORMATIVE_RESOLUTION,OTHER_GENERAL
th_42475,42475,125385,@AmazonHelp I talked to some “Pramod” that told me I’d have my money back in a hour and I never got it,42476,@125385 What does the refund status show here: https://t.co/XBWSa9QDRR? ^BA,Wed Nov 01 19:35:31 +0000 2017,True,INFORMATIVE_RESOLUTION,OTHER_GENERAL
th_42477,42477,125385,@AmazonHelp Nothing at all.,42478,"@125385 Our team would like to take a closer look at this for you, please send us your info via this link: https://t.co/QeZQd8r9dx ^SH",Wed Nov 01 20:37:46 +0000 2017,True,INFORMATIVE_RESOLUTION,OTHER_GENERAL
th_42488,42488,125388,@AmazonHelp There was an internal error in our system. We logged the problem and will investigate it later. Our apologies for the inconvenience.,42487,@125388 We'd like to take a closer look into this for you. Please reach out to us by phone at this link here: https://t.co/JzP7hlA23B ^VS,Wed Nov 01 15:53:47 +0000 2017,True,INFORMATIVE_RESOLUTION,OTHER_GENERAL
th_42494,42494,125389,@AmazonHelp does the version of Reputation that you sell definitely come with the poster?,42493,@125389 Thanks for reaching out! We have a couple options of the album available. Can you send a link of the one your seeing? ^AH,Wed Nov 01 15:29:26 +0000 2017,True,INFORMATIVE_RESOLUTION,OTHER_GENERAL
th_42498,42498,125391,@AmazonHelp I’m in UK - is call available?,42500,"@125391 Sorry for the incorrect link, Stu. It sure is! You can contact the UK team here: https://t.co/JzP7hlA23B. I hope this helps! ^AD",Wed Nov 01 16:00:12 +0000 2017,True,INFORMATIVE_RESOLUTION,OTHER_GENERAL
th_42510,42510,125393,"@AmazonHelp Kindle oasis. I return items on it, and on my account from my laptop, but the device still shows them as borrowed.",42512,"@125393 Thanks for the info, Lucy! Please contact us here:  https://t.co/hApLpMlfHN so we can look into the issue for you! ^AD",Wed Nov 01 16:09:20 +0000 2017,True,INFORMATIVE_RESOLUTION,REFUND_RETURN_INQUIRY
th_42514,42514,125394,@AmazonHelp Hi @AmazonHelp I’m still waiting on a package and no reply from the seller. Can you help?,42513,"@125394 Hi, Bethany! If you have not heard back from the seller, you can look into filing an A-to-z claim: https://t.co/m554OIIBGO ^MW",Wed Nov 01 15:52:30 +0000 2017,True,INFORMATIVE_RESOLUTION,ORDER_TRACKING_DELAY
th_42517,42517,125394,@AmazonHelp Latest is 19th for both packages - which was yesterday,42516,@125394 We'd like to take a closer look at your delivery and review your avail options. Please contact here: https://t.co/JzP7hlA23B ^RA,Fri Oct 20 11:57:54 +0000 2017,True,INFORMATIVE_RESOLUTION,OTHER_GENERAL
th_42524,42524,125395,@AmazonHelp First one was second one was not,42520,@125395 Did you receive an updated delivery date? Two-Day Shipping refers to the transit time: https://t.co/cHWh7O2kSf ^WJ,Wed Nov 01 15:51:33 +0000 2017,True,INFORMATIVE_RESOLUTION,OTHER_GENERAL
th_42537,42537,125400,"@AmazonHelp was promised cashback in 48 hours, no results in 4 days. Disappointed",42539,@125400 Kindly share your details here: https://t.co/GIJyeYqKE0 and I'll look into this. ^SG,Sun Nov 05 11:34:00 +0000 2017,True,INFORMATIVE_RESOLUTION,OTHER_GENERAL
th_42545,42545,125401,@2445 @AmazonHelp @115821 The customer section in the amazon site is of no help.I can’t write any queries.So I’m bound to bring it to twitter.I hope someone responds,42544,@125401 I'm sorry about the trouble with your order. We'd like to take a closer look into it here: https://t.co/hApLpMlfHN ^LI,Wed Nov 01 15:46:00 +0000 2017,True,INFORMATIVE_RESOLUTION,OTHER_GENERAL
th_42550,42550,125402,"@AmazonHelp No options were provided, happy to email the chat transcripts.Just told different stories.I re-ordered won't receive until Friday too late.",42552,@125402 Did we mention that the package is being returned since it's damaged? ^WJ,Wed Nov 01 15:56:13 +0000 2017,True,INFORMATIVE_RESOLUTION,ORDER_TRACKING_DELAY
th_42551,42551,125402,"@AmazonHelp I did not receive my order. I missed original delivery, cust service called me and I opted for later delivery.No delivery arrived.",42549,"@125402 Did we replace the order? When you spoke with us regarding your order, what options did we provide? ^CO",Wed Nov 01 15:48:34 +0000 2017,True,INFORMATIVE_RESOLUTION,ORDER_TRACKING_DELAY
th_42560,42560,125403,"@AmazonHelp Spent over an hour on phone yesterday/today. ""Check back with us tomorrow"" been the response since last week.",42563,"@125403 Oh my! Just to clarify, what does the most recent tracking status show? https://t.co/aaDyEz1VgE ^AL",Wed Nov 01 16:05:29 +0000 2017,True,INFORMATIVE_RESOLUTION,OTHER_GENERAL
th_42573,42573,125405,"Trying to cancel an order on @115821 but the website and app page come up blank when I hit ""cancel order"" @AmazonHelp",42572,"@125405 Oh no! We can help you with this, Annie! Just give us a quick call or chat here so we can assist: https://t.co/hApLpMlfHN ^JD",Wed Nov 01 15:43:15 +0000 2017,True,INFORMATIVE_RESOLUTION,REFUND_RETURN_INQUIRY
th_42586,42586,125409,"@AmazonHelp @115817 they even came to my apartment, called me then still proceeded to leave w/o delivering the package that day. Pathetic. Why even call?!",42589,@125409 Have you spoken with the carrier directly yet about cause of delay? Some helpful info found here: https://t.co/Qo50SqaQEn ^SD,Wed Nov 01 15:53:20 +0000 2017,True,INFORMATIVE_RESOLUTION,ORDER_TRACKING_DELAY
th_43258,43258,120916,"@AmazonHelp I called them, they fixed the location issue. I called again to get this download issue fixed&amp; been told that I'll get an email",43257,@120916 We are sorry for the delay. We like to check this. Please call our support one more time:  https://t.co/MBAcWSvzBH ^MH,Wed Nov 01 15:56:36 +0000 2017,True,INFORMATIVE_RESOLUTION,OTHER_GENERAL
th_43261,43261,125585,@AmazonHelp Why is the following item only preorderable?Other sellers than amazon do ship already. https://t.co/SZTDDD7sUF,43260,"@125585 Hi, I will forward it to the responsible department so they can take a look into that. Kind regards, ^SI",Wed Nov 01 15:55:26 +0000 2017,True,INFORMATIVE_RESOLUTION,OTHER_GENERAL
th_43268,43268,125587,"@AmazonHelp I have no way of verifying the size/color selected after adding to cart...during checkout, conf email, or ""Your Orders"" :/ https://t.co/aZd4UP92ol",43266,@125587 Can you verify these things by checking the order details via the order: https://t.co/Y5jpI9gRhE? ^WJ,Wed Nov 01 16:04:26 +0000 2017,True,INFORMATIVE_RESOLUTION,OTHER_GENERAL
th_43271,43271,125588,@AmazonHelp It was from a third party seller but fulfilled by Amazon.,43273,@125588 We'd like to look into available options with you. Please reach out to us by phone here: https://t.co/hApLpMlfHN ^VS,Wed Nov 01 16:07:16 +0000 2017,True,INFORMATIVE_RESOLUTION,OTHER_GENERAL
th_43272,43272,125588,"@AmazonHelp I received an item today that has a tag on it saying it is new, but it very clearly isn't new. It's a present. Please help.",43270,@125588 I'm sure this isn't what you expected to receive! Was this coming from Amazon or a seller on our site? Pls let us know! ^MT,Wed Nov 01 15:56:04 +0000 2017,True,INFORMATIVE_RESOLUTION,OTHER_GENERAL
th_43275,43275,125589,"@AmazonHelp It was all the stations, but I think I fixed it for now. Had to wipe my cache.",43277,@125589 Glad to hear it's resolved. Let us know if there is anything else we may assist with. We're always here to help! ^TH,Wed Nov 01 16:08:44 +0000 2017,True,INFORMATIVE_RESOLUTION,OTHER_GENERAL
th_43276,43276,125589,"@116935 @AmazonHelp for some reason all my ""stations"" are only playing one song on loop. Win 7/Chrome 62.0.3202.75",43274,@125589 I'm sorry for the troubles! We'd like to help if we can. Have you tried to close out the station and go back into it? ^AL,Wed Nov 01 15:57:06 +0000 2017,True,INFORMATIVE_RESOLUTION,OTHER_GENERAL
th_43283,43283,125591,@115850 @AmazonHelp How come products without being delivered getting marked delivered. Same is being communicated through mail n msg 1,43280,@125591 Sorry for the hassle. Please report this to our support team here: https://t.co/vlvfJr4nN9 and we'll check this. ^HN,Wed Nov 01 15:57:46 +0000 2017,True,INFORMATIVE_RESOLUTION,ORDER_TRACKING_DELAY
th_43287,43287,125593,"@AmazonHelp It replied saying ""I couldn't find any hindi party songs"". Check the screenshot from Alexa app https://t.co/qNiTG1v85J",43289,@125593 Sorry for the hassle. Could you please let us know through which music application you are trying to play the songs? ^JS,Wed Nov 01 16:06:13 +0000 2017,True,INFORMATIVE_RESOLUTION,PRODUCT_TECH_SUPPORT
th_43291,43291,125593,"@AmazonHelp I guess it tried Prime Music by default, though i've also linked Saavn. Btw, this was seen with Echo2, recently launched in India.",43292,"@125593 I understand your concern, please fill this form: https://t.co/beaaDm0muc and we’ll contact you soon. ^SU",Wed Nov 01 17:43:51 +0000 2017,True,INFORMATIVE_RESOLUTION,PRIME_MEMBERSHIP_BILLING
th_43294,43294,125594,@AmazonHelp No one besides me has access to my account,43296,@125594 Hmm. Can you tell us what apps are linked to your account? https://t.co/PtGDfbjWsb. You may also change your password. ^AL,Wed Nov 01 16:52:58 +0000 2017,True,INFORMATIVE_RESOLUTION,OTHER_GENERAL
th_43297,43297,125594,@AmazonHelp Only Facebook is linked and I rarely use Facebook. I will be changing my password and unblinking Facebook just in case,43298,"@125594 I'm sorry this is happening. If the problem persists, you can contact us here: https://t.co/hApLpMlfHN via phone or chat. ^AY",Wed Nov 01 22:28:47 +0000 2017,True,INFORMATIVE_RESOLUTION,ACCOUNT_LOGIN_SECURITY
th_43640,43640,125681,@AmazonHelp hi! i was sent a replacement for an item but i wanted 2 chnge the dropoff location but cant cause shipping label was sent from u guys can ya help,43638,"@125681 Hey! We'd love to help but are unable to access your Amazon account through Twitter. When you have a moment, reach us by phone or chat and we'll be happy to assist: https://t.co/hApLpMlfHN ^LR",Sun Nov 26 00:54:10 +0000 2017,True,INFORMATIVE_RESOLUTION,OTHER_GENERAL
th_43642,43642,125682,"@AmazonHelp Tracking ID = 936128__credit_card__ by USPS, and no email updates. The only thing I've gotten is what I sent in a screenshot. Thanks!",43644,@125682 Mhm that is interesting! We would like to review your options in real-time. Please contact us via phone or chat here: https://t.co/hApLpMlfHN ^LS,Sun Nov 26 00:58:16 +0000 2017,True,INFORMATIVE_RESOLUTION,ORDER_TRACKING_DELAY
th_43643,43643,125682,"@AmazonHelp Does this mean my package won't be delivered today or will it, since I had paid for one day shipping? https://t.co/HIKm41JcyP",43641,@125682 We always aim to meet the estimated delivery date provided. Have you received any updates regarding your order? Who is the carrier? You can check both here: https://t.co/Y5jpI9gRhE ^FD,Sun Nov 26 00:51:30 +0000 2017,True,INFORMATIVE_RESOLUTION,ORDER_TRACKING_DELAY
th_43670,43670,125689,"@AmazonHelp the expected arrival and/or delivery date is inaccurate. It constantly says ""out for delivery"" and is in the city where the local post office is located but it takes days for it to actually arrive at my home. On multiple occasions it says ""arriving tonight"" but it takes days",43672,@125689 Thanks for sharing the details with us. We want your packages delivered! What is the delivery date that was given on your most recent order? You can check that here: https://t.co/Y5jpI9gRhE ^MO,Sun Nov 26 00:53:33 +0000 2017,True,INFORMATIVE_RESOLUTION,ORDER_TRACKING_DELAY
th_43673,43673,125689,@AmazonHelp It says Nov 28 but now they’re estimating to be by Dec 15,43674,"@125689 To clarify, has the order officially shipped or is your package still at our fulfillment center?  ^ST",Wed Nov 29 00:24:39 +0000 2017,True,INFORMATIVE_RESOLUTION,OTHER_GENERAL
th_43675,43675,125689,"@AmazonHelp I have 3 packages, 2 of which has shipped since Nov 12th, and 1 shipped since Nov 16",43676,"@125689 Thank you for the update! While we intend to have your order shipped and delivered by the original date, unforeseen events can result in carrier delays. Please let us know if your orders don't arrive by the new estimated delivery date given. ^GM",Wed Nov 29 00:29:27 +0000 2017,True,INFORMATIVE_RESOLUTION,ORDER_TRACKING_DELAY
th_43687,43687,125690,@AmazonHelp what’s the chances of getting my package (same day delivery) by 9 when it hasn’t even been shipped? 😞 🤷🏼‍♀️,43685,"@125690 I'm sorry it hasn't arrived! Typically, the cutoff time for Same-Day Delivery is noon, however, this may change depending on the product. What is the delivery date shown in the e-mail confirmation: https://t.co/L9Xapf1v25? ^SJ",Sun Nov 26 00:40:21 +0000 2017,True,INFORMATIVE_RESOLUTION,ORDER_TRACKING_DELAY
th_43690,43690,125691,"@AmazonHelp It’s actually not “upset”....the feeling is rather “insult” that you treat us , those who live in 2nd tier or 3rd tier cities. It’s actually a feeling of “incredulity “ that a billion dollar company is not able to streamline logistics",43692,@125691 Certainly not the kind of experience we'd like to cater. We'll make sure to work on your feedback. ^MO,Sun Nov 26 00:51:55 +0000 2017,True,INFORMATIVE_RESOLUTION,OTHER_GENERAL
th_43695,43695,125691,"@AmazonHelp But that’s not an excuse. You delivered in 2014, 2015...it’s from 2016, 2017 you have changed your policy towards Imphal Manipur. I had bought Samsung galaxy, s2 from you...and you delivered through blue dart. Blue dart is still here.",43694,@125691 I understand your concern. I've noted your comments and have forwarded your feedback internally. ^MO,Sun Nov 26 00:26:44 +0000 2017,True,INFORMATIVE_RESOLUTION,ORDER_TRACKING_DELAY
th_43706,43706,125695,"@AmazonHelp Hi Amazon, do you have an e-mail address I could send an e-mail to regarding a return?",43705,@125695 Thanks for reaching out to us! You can do returns here: https://t.co/Y5jpI9gRhE Please let us know if any other assistance is needed. ^MO,Sun Nov 26 00:39:15 +0000 2017,True,INFORMATIVE_RESOLUTION,REFUND_RETURN_INQUIRY
th_43733,43733,125705,Ugh @115821 this is my third prime order in 2 weeks that will be delivered late. What’s the deal? #nothappy @AmazonHelp,43731,@125705 I'm sorry for the delivery experiences! We don't want to let you down! What was the delivery date given on your most recent order? Did we miss the delivery date given in your confirmation e-mail? ^MO,Sun Nov 26 00:25:45 +0000 2017,True,INFORMATIVE_RESOLUTION,PRIME_MEMBERSHIP_BILLING
th_43737,43737,125706,@AmazonHelp I already did but no response,43735,@125706 Was the order placed on Amazon.in or https://t.co/nUUp5MLhYl ? ^MK,Sun Nov 26 00:22:32 +0000 2017,True,INFORMATIVE_RESOLUTION,OTHER_GENERAL
th_43740,43740,125706,@AmazonHelp I have already shared my details few days back but you guys were also incapable to resolve my issue,43739,@125706 You should've received an email in response to the details you shared earlier from the social media team. Kindly reply to it for further queries and we'll assist you. ^NR,Sat Nov 25 20:17:06 +0000 2017,True,INFORMATIVE_RESOLUTION,OTHER_GENERAL
th_44513,44513,125876,@AmazonHelp Like how y’all play me like that my dog has skin issues shampoo for her ain’t cheap 😭,44512,@125876 I'm sorry your order arrived damaged. You can view your available options here: https://t.co/hFcqqCCHyd ^CO,Wed Nov 01 16:18:46 +0000 2017,True,INFORMATIVE_RESOLUTION,OTHER_GENERAL
th_44522,44522,125591,"@AmazonHelp OK, let me wait till tomorrow, hope that problem will be solved by then, anyway request u to keep the communication channel open, 1/2",44524,@125591 Appreciate your understanding. We will get this sorted at the earliest! ^PR,Wed Nov 01 16:29:28 +0000 2017,True,INFORMATIVE_RESOLUTION,OTHER_GENERAL
th_44523,44523,125591,@115850 @AmazonHelp my OD ID is 4__credit_card__ &amp; Tracking ID is 213112426556 It was a replacement of faulty product,44520,@125591 Please don’t provide your order details as we consider them to be personal info. Our page is visible to public. ^SG(2/2),Wed Nov 01 16:02:04 +0000 2017,True,INFORMATIVE_RESOLUTION,ORDER_TRACKING_DELAY
th_44529,44529,125878,@AmazonHelp It’s not downloading any of the books I have and it won’t delete the ones I’ve returned,44531,"@125878 We'd like to look into this with you. When you have a moment, please reach out to us here: https://t.co/EKXRLsnxJu ^AC",Wed Nov 01 17:30:51 +0000 2017,True,INFORMATIVE_RESOLUTION,REFUND_RETURN_INQUIRY
th_44546,44546,125883,@AmazonHelp The home listening on my phone. I pay the $3 a month for unlimited i believe?,44549,"@125883 If you have the Echo Unlimited subscription, then you can only listen through your Echo or your phone, one at a time. ^JD",Wed Nov 01 16:20:18 +0000 2017,True,INFORMATIVE_RESOLUTION,OTHER_GENERAL
th_44552,44552,125883,@AmazonHelp And nowhere does it say how much a family plan is?,44554,"@125883 The different plans and prices are on a different page, at the bottom of: https://t.co/7XsNXBzvES. I hope this helps. ^MG",Wed Nov 01 16:49:49 +0000 2017,True,INFORMATIVE_RESOLUTION,OTHER_GENERAL
th_44927,44927,125940,@AmazonHelp Item no longer needed. I have spoken to someone at your end earlier and they agreed a full redund.,44929,"@125940 Thanks for the additional information, Tim! We'd like another chance to look into this further with you. Please reach out to us in real-time via phone or chat here: https://t.co/hApLpMlfHN ^ML",Wed Nov 22 21:14:36 +0000 2017,True,INFORMATIVE_RESOLUTION,OTHER_GENERAL
th_44928,44928,125940,@AmazonHelp I was promised a full refund for an item but I have been not refunded postage,44926,"@125940 Thanks for reaching out, Tim- I'm sorry for any trouble! We'd like to look into this with you. What was the reason for the return? Let us know! ^BL",Wed Nov 22 21:10:44 +0000 2017,True,INFORMATIVE_RESOLUTION,REFUND_RETURN_INQUIRY
th_45525,45525,126077,@AmazonHelp Yep. Original estimate 27 October. New estimate 31 October. It's been 'in transit' since Friday....,45527,"@126077 We'd like to take a closer look at the delivery with you. When you have a moment, contact us here: https://t.co/JzP7hlA23B ^RA",Wed Nov 01 16:53:57 +0000 2017,True,INFORMATIVE_RESOLUTION,OTHER_GENERAL
th_45533,45533,126079,@AmazonHelp Thanks! I need to use the item tomorrow so I can't really return the rest of it. Is there any way to get a partial refund?,45532,@126079 We'd like to take a look into some available options with you. Please reach out to us here: https://t.co/hApLpMlfHN ^TH,Wed Nov 01 16:32:46 +0000 2017,True,INFORMATIVE_RESOLUTION,REFUND_RETURN_INQUIRY
th_45539,45539,126081,@AmazonHelp just wanted to confirm that call of duty will ship tomorrow if I chose 2 day shipping like it said to do. Currently says friday,45538,"@126081 Happy to help, Brian! Orders can ship at any time. The most accurate estimated delivery date will be provided at checkout! ^SD",Wed Nov 01 16:30:27 +0000 2017,True,INFORMATIVE_RESOLUTION,OTHER_GENERAL
th_45541,45541,126082,"@AmazonHelp As always, I’ve done exactly that. All they do is tell me I have to return the package or pay to have it dropped off elsewhere.",45543,@126082 Have you had the chance to reach out to us so we can leave carrier feedback on these orders: https://t.co/hApLpMlfHN? ^VS,Wed Nov 01 16:36:11 +0000 2017,True,INFORMATIVE_RESOLUTION,REFUND_RETURN_INQUIRY
th_45546,45546,126083,@AmazonHelp I did. The only solution I got was a discount on a new device. Absolutely pathetic no concern abt service/repair #Kindle (1/2),45548,@126083 I get you being upset. I'll ensure to forward your feedback to the concerned team internally for a review. ^NK,Wed Nov 01 17:52:14 +0000 2017,True,INFORMATIVE_RESOLUTION,PRODUCT_TECH_SUPPORT
th_45547,45547,126083,@AmazonHelp #Kindle is basically trash once the screen starts fading as there's no repair services anywhere in the world Pathetic! #Amazon,45545,@126083 Apologies for the inconvenience. Have you reported this to our support team here: https://t.co/vlvfJr4nN9 for assistance? ^GD,Wed Nov 01 16:08:30 +0000 2017,True,INFORMATIVE_RESOLUTION,PRODUCT_TECH_SUPPORT
th_46480,46480,126318,@AmazonHelp I have used the form at least 3 times &amp;not had any response (hence use of Twitter). Order not showing as delivered yet so can't log issue.,46479,"@126318 (1/2) Using the link ^VS provided, select the options ""An order I placed &gt; Other order issues &gt; Something else""",Wed Nov 01 16:49:20 +0000 2017,True,INFORMATIVE_RESOLUTION,ORDER_TRACKING_DELAY
th_46488,46488,126320,@AmazonHelp No not @ all! I was hung up on x2 by CS &amp; was not told why/how they tried 2 deliver. Bad service &amp; Amazon basically washed there hands of me,46490,@126320 Were you able to eventually receive your order? Did you provide feedback on the survey received after your phone call w/us? ^AN,Mon Nov 06 22:36:00 +0000 2017,True,INFORMATIVE_RESOLUTION,OTHER_GENERAL
th_46492,46492,126321,@AmazonHelp For my return amazon has issued refund amount on 29th oct 2017 but this is still not credited into my bank account,46491,@126321 Sorry for any troubles caused! Have you contacted your bank to review their refund policies? ^TH,Wed Nov 01 16:48:05 +0000 2017,True,INFORMATIVE_RESOLUTION,REFUND_RETURN_INQUIRY
th_46511,46511,126326,@AmazonHelp order #202-2318203-8613961 why was this order returned? I just want my items not a refund!!!!!!,46510,@126326 I'm sorry! We don't have access to order info via Twitter. Please reach out here: https://t.co/JzP7hlA23B and we can help. ^TK,Wed Nov 01 16:52:28 +0000 2017,True,INFORMATIVE_RESOLUTION,REFUND_RETURN_INQUIRY
th_46518,46518,126330,"@AmazonHelp Out for delivery GBCarrier: Amazon Shipping, Tracking #: H60076836814",46520,@126330 How odd! We'd like to look into that with you in real time. Please reach us via phone or chat here: https://t.co/JzP7hlA23B ^BL,Wed Nov 01 17:04:06 +0000 2017,True,INFORMATIVE_RESOLUTION,ORDER_TRACKING_DELAY
th_46524,46524,126332,@AmazonHelp Fiancé. Told by customer service to wait 24 hours. My fiancé has no presents to open when he gets home from work,46527,@126332 Have you already tried a few of these troubleshooting steps for locating these parcels: https://t.co/fNj2BBBncC? ^WM,Wed Nov 01 16:54:44 +0000 2017,True,INFORMATIVE_RESOLUTION,OTHER_GENERAL
th_46528,46528,126332,"@AmazonHelp Yes I have, did those before contacting customer services",46529,"@126332 Please keep us posted on your deliveries, Elanor. ^KN",Wed Nov 01 17:03:35 +0000 2017,True,INFORMATIVE_RESOLUTION,OTHER_GENERAL
th_46530,46530,126332,"@AmazonHelp The investigation I was told to wait 24hrs for, said that “the carrier has confirmed it has been delivered” obviously it hasn’t been",46531,"@126332 When you reached out, were we able to offer any other options like a refund or replacement? Were you asked to wait? ^VS",Wed Nov 01 18:42:27 +0000 2017,True,INFORMATIVE_RESOLUTION,ORDER_TRACKING_DELAY
th_46532,46532,126332,@AmazonHelp I was asked to wait 24hrs whilst you investigated. Replacement offered and said I’d receive an email about it which I haven’t had.,46533,"@126332 If you don't receive correspondence after the 24-hour waiting period, please let us know. ^SB",Wed Nov 01 18:51:18 +0000 2017,True,INFORMATIVE_RESOLUTION,OTHER_GENERAL
th_46541,46541,126334,"@AmazonHelp  I never had that package confirmed received by your store amazon@thebeach on csulb campus, this is the second time",46536,"@126334 I'm sorry for the troubles! Have you been able to contact us using the link provided by EB? If so, what were you advised? ^Al",Wed Nov 01 16:46:35 +0000 2017,True,INFORMATIVE_RESOLUTION,ORDER_TRACKING_DELAY
th_46548,46548,126337,@AmazonHelp I got a msg saying that my order has been cancelled for no specific reason and the payment has already been done https://t.co/8pCGmquCer,46547,@126337 you may get in touch with us over the phone or chat from here: https://t.co/rS49hgaADF (3/3)^SU,Wed Nov 01 16:36:31 +0000 2017,True,INFORMATIVE_RESOLUTION,ORDER_TRACKING_DELAY
th_46557,46557,126340,@115850 @AmazonHelp @115821 help I have done the payment but in my order section it showing this 🤔 https://t.co/ikDDKZgrI0,46556,@126340 We would advise you to place a fresh order.(2/2)^CB,Wed Nov 01 16:33:16 +0000 2017,True,INFORMATIVE_RESOLUTION,ORDER_TRACKING_DELAY
th_46564,46564,126342,Huge thank you to 😁@AmazonHelp   my new remote for my Firestick ❤ arrived...it worked and I'm back in business  #HappyWeeyin,46562,"@126342 We weren't ""remotely"" worried! LOL! 😁 So glad you are now back in business now! ^FR",Wed Nov 01 16:43:39 +0000 2017,True,INFORMATIVE_RESOLUTION,ORDER_TRACKING_DELAY
th_47841,47841,126699,"@AmazonHelp No worry let it be public, give me my cashback",47843,@126699 I get your disappointment. Please share your details through the link that was provided earlier for further assistance. ^NK,Wed Nov 01 17:16:15 +0000 2017,True,INFORMATIVE_RESOLUTION,OTHER_GENERAL
th_47852,47852,126701,@AmazonHelp It was suppose to be delivered on October. 27 https://t.co/emJmajNGNG,47850,@126701 I'm sorry you haven't received your package! Can you tell us who the carrier is? Found here: https://t.co/q4LAMZ3tbE ^AC,Wed Nov 01 17:09:01 +0000 2017,True,INFORMATIVE_RESOLUTION,ORDER_TRACKING_DELAY
th_47855,47855,126701,@AmazonHelp I have a package that I ordered last Wednesday with Amazon Prime and it still hasn't arrived. I believe there a transit error.,47854,@126701 I'm sorry for the wait! Are we missing the delivery date given in checkout/confirmation e-mail: https://t.co/x7neElV7BY  ^KN,Wed Nov 01 16:49:22 +0000 2017,True,INFORMATIVE_RESOLUTION,PRIME_MEMBERSHIP_BILLING
th_47861,47861,126703,@AmazonHelp The other person who's stuff I got prob got mine &amp; is trying to connect too.,47863,@126703 2/2 reach out to us one more time through the link provided by ^CO. ^MB,Wed Nov 01 17:23:29 +0000 2017,True,INFORMATIVE_RESOLUTION,OTHER_GENERAL
th_47866,47866,126704,"@AmazonHelp Yes, of course. Now need to claim from @126705 but need proof of posting from seller, which is impossible to obtain.",47865,@126704 Let's look into this with you in real time. Please click here: https://t.co/JzP7hlA23B so we can further assist. Thanks! ^NM,Wed Nov 01 17:07:28 +0000 2017,True,INFORMATIVE_RESOLUTION,OTHER_GENERAL
th_47873,47873,126707,@AmazonHelp All it shows is the company I ordered from...I'm assuming third party. When I checked their profile on return policy. It says they follow,47875,@126707 Have you been able to resize the image? ^NM,Wed Nov 01 17:14:01 +0000 2017,True,INFORMATIVE_RESOLUTION,REFUND_RETURN_INQUIRY
th_47876,47876,126707,"@AmazonHelp Yes. I actually have had to send it to them twice already. The first time it went through fine. Second time, I sent the resized photo.",47877,@126707 I'm glad you were able to get the photos sent out! Have you heard anything back from the seller? ^AR,Wed Nov 01 17:37:43 +0000 2017,True,INFORMATIVE_RESOLUTION,OTHER_GENERAL
th_47878,47878,126707,@AmazonHelp Just that they will either refund me 50% of what I paid for the coat or they send me another. When I asked if I'd be paying for another,47879,@126707 We'd like to help you get this sorted out! Please get in touch with us by phone or chat: https://t.co/hApLpMlfHN ^KJ,Wed Nov 01 17:51:39 +0000 2017,True,INFORMATIVE_RESOLUTION,REFUND_RETURN_INQUIRY
th_47880,47880,126707,@AmazonHelp Tried that. Just asks me to contact seller first. That's why I came to twitter. But different people keep responding so I'm getting nowhere.,47882,@126707 When you go to contact us via  link provided by ^KJ check the check box to the left of the item to get more contact options. ^AJ,Wed Nov 01 18:31:53 +0000 2017,True,INFORMATIVE_RESOLUTION,OTHER_GENERAL
th_47881,47881,126707,@AmazonHelp My issue was handle and refund granted through your AZGuarantee but no mention of what I'm suppose to do with the coat. Will a tag be sent so that I can return it or do I just keep it? Thanks,47883,"@126707 If an A-to-Z claim was granted, feel free to discard or donate the coat. What you do with it is up to you. ^ZW",Sat Nov 11 20:52:23 +0000 2017,True,INFORMATIVE_RESOLUTION,REFUND_RETURN_INQUIRY
th_47884,47884,126707,@AmazonHelp Ok thank you! I just didn't want to assume.,47885,@126707 You're very welcome! I hope you have a great weekend! ^BV,Sat Nov 11 20:58:30 +0000 2017,True,INFORMATIVE_RESOLUTION,OTHER_GENERAL
th_47887,47887,126708,@AmazonHelp I have transacted first time using Amazon pay on BookMyShow but still did not got cashback https://t.co/asVD3jtGi3,47886,@126708 I'm sorry to know this. Our team would be happy to help you out! Please contact us from here: https://t.co/vlvfJr4nN9. ^MP,Wed Nov 01 16:54:27 +0000 2017,True,INFORMATIVE_RESOLUTION,OTHER_GENERAL
th_47889,47889,126709,order id #403-5637109-7077146 has been cancelled or is on time pls help. @AmazonHelp @115850,47888,"@126709 Please don't provide your order details, we consider it to be personal information. Our page is visible to the public. 2/2 ^PR",Wed Nov 01 16:49:33 +0000 2017,True,INFORMATIVE_RESOLUTION,ORDER_TRACKING_DELAY
th_47892,47892,126710,@AmazonHelp but what if the digital game is for the PlayStation 4,47894,"@126710 For a console version, the code is stored in Your Games and Software Library. Here is more info: https://t.co/AkrIAMb7a2 ^AC",Wed Nov 01 17:10:26 +0000 2017,True,INFORMATIVE_RESOLUTION,OTHER_GENERAL
th_47895,47895,126710,@AmazonHelp what happens if i buy this? https://t.co/N8ehDN3mkh,47896,@126710 This would be sent to Your Games and Software Library once the order completes. ^ME,Wed Nov 01 17:36:27 +0000 2017,True,INFORMATIVE_RESOLUTION,OTHER_GENERAL
th_47893,47893,126710,@AmazonHelp what happens if you buy a digital copy of a game on amazon?,47891,@126710 Great question! Your game can only be installed on a compatible computer. For more info visit here: https://t.co/bL6J7d2ji5 ^AC,Wed Nov 01 16:58:46 +0000 2017,True,INFORMATIVE_RESOLUTION,OTHER_GENERAL
th_47898,47898,126711,@AmazonHelp  I can’t sign back in.,47900,@126711 I'm sorry you can't sign in! Have you tried resetting your password? For more information: https://t.co/PN7wM319HV ^TK,Wed Nov 01 17:10:40 +0000 2017,True,INFORMATIVE_RESOLUTION,OTHER_GENERAL
th_47907,47907,126706,"@AmazonHelp thanks for trying at least u were more helpful, thanks 😩",47908,"@126706 If you don't receive an e-mail from an Account Specialist by the 24-hour mark, let us know. ^MG",Wed Nov 01 17:18:26 +0000 2017,True,INFORMATIVE_RESOLUTION,OTHER_GENERAL
th_47913,47913,126715,@AmazonHelp I've recieved an email reciept for purchasing a year prime gold membership @ £79I have made no such order.,47911,@126715 I'm sorry you're seeing a charge for Prime! Here is how you can cancel Prime: https://t.co/uGdTRlKSql ^DD,Wed Nov 01 16:49:20 +0000 2017,True,INFORMATIVE_RESOLUTION,PRIME_MEMBERSHIP_BILLING
th_47916,47916,126716,"@AmazonHelp i will look,where do i go to see if it's being sent USPS or UPS/FEDEX? I have Prime so it's delivered to my door!",47918,"@126716 I'm sorry for the frustration! Currently, carriers can't be selected. Our carriers are here: https://t.co/utsyQIlg35 ^SJ",Wed Nov 01 17:12:24 +0000 2017,True,INFORMATIVE_RESOLUTION,PRIME_MEMBERSHIP_BILLING
th_47926,47926,126719,@AmazonHelp exp 10.27 arrived in PR 10.25 returned 10.28no new tracking info by @115817 even after inquiring to @AmazonHelp about it within the time frame,47928,@126719 I'm so sorry for the frustrating experience. Have you received a confirmation of the refund request via e-mail? ^MJ,Wed Nov 01 17:23:10 +0000 2017,True,INFORMATIVE_RESOLUTION,REFUND_RETURN_INQUIRY
th_47927,47927,126719,Furious with @AmazonHelp &amp; @115817. Why does the customer have to pay for their lack of communication?#WhereIsMyPackage? 😡😡😡😡😡,47925,"@126719 So sorry for the frustration! Without providing any account information, can you tell us more about the issue? ^AD",Wed Nov 01 16:59:06 +0000 2017,True,INFORMATIVE_RESOLUTION,OTHER_GENERAL
th_47941,47941,126321,@AmazonHelp It's been 9 days now.,47943,"@126321 Sorry to know you're yet to receive your refund, kindly connect with us here: https://t.co/HQhpS2qeEd. We'll look into it. ^PS",Mon Nov 06 05:50:20 +0000 2017,True,INFORMATIVE_RESOLUTION,OTHER_GENERAL
th_47944,47944,126321,@AmazonHelp Contacted my bank and they were unable to track the refund using the refund reference code given by Amazon.,47945,@126321 Kindly share your details here: https://t.co/GIJyeYqKE0 and I'll look into this. ^SG,Fri Nov 17 10:06:00 +0000 2017,True,INFORMATIVE_RESOLUTION,REFUND_RETURN_INQUIRY
th_48909,48909,126911,"@AmazonHelp I'd at least like the option to pick it up. I don't mind the delay in delivery, these things happen. I do mind being told it's coming late in the evening, waiting around for 2 days in a row, all for nothing! @124285 contact number redirects to Deutschpost who can't help me! 😕",48908,@126911 Please contact us by phone using the link ^JM provided so we can look into options. ^JF,Wed Nov 22 22:07:28 +0000 2017,True,INFORMATIVE_RESOLUTION,ORDER_TRACKING_DELAY
th_48911,48911,126911,"@AmazonHelp Today was the following business day! And I set my work address as delivery - normal i think for signed delivery, and 20:00 eta 2 days in a row, hours of my time lost waiting in office for nothing :( DHL on site says '2nd delivery will be attempted' despite it now being 3rd!",48910,@126911 I'm sorry for the wait! We'd like to look at available options with you. Please reach us by phone here: https://t.co/JzP7hlA23B ^JM,Wed Nov 22 21:47:41 +0000 2017,True,INFORMATIVE_RESOLUTION,ORDER_TRACKING_DELAY
th_48913,48913,126911,"@AmazonHelp @1713 It says expected 21 Nov, contact courier for more info. DHL tracking says 2nd delivery attempt will be made (it'll be 3rd), that the driver usually leaves note but sometimes just sets the status but no driver came, i saw no1 out window :(",48912,"@126911 That sounds like a troubling experience, Ben. I apologize for any hassle. Delivery attempts will typically take place the following business day. Have you received any further insight from DHL? ^FD",Wed Nov 22 21:40:04 +0000 2017,True,INFORMATIVE_RESOLUTION,ORDER_TRACKING_DELAY
th_49123,49123,126973,@115821 @Amazonhelp Active unauth user on my account.  Support not responsive.  Company at risk.  No access.  Please HELP! SOS!!!,49122,@126973 I'm so sorry! Have you tried contacting us via phone? You can do so by visiting us here: https://t.co/hApLpMlfHN ^TK,Wed Nov 01 17:16:13 +0000 2017,True,INFORMATIVE_RESOLUTION,OTHER_GENERAL
th_49126,49126,126974,"@AmazonHelp 2/2 carrier who delivered my previous item which i never received, to a random address. Will be disappointed if this happens again tomorrow",49124,@126974 I'm sorry your order was delivered to the wrong address! We'd like to make sure you get the new order so keep us posted! ^DD,Wed Nov 01 17:17:05 +0000 2017,True,INFORMATIVE_RESOLUTION,ORDER_TRACKING_DELAY
th_49133,49133,126976,@AmazonHelp the sellers are ur responsibility as they are using ur pltfrm,49135,@126976 yours as it helps us continue to improve the service and selection we provide. (2/2) ^JS,Wed Nov 01 17:26:53 +0000 2017,True,INFORMATIVE_RESOLUTION,OTHER_GENERAL
th_49134,49134,126976,@AmazonHelp how can u sell something higher than MRP?? https://t.co/9LblRhGcWp,49132,"@126976 and our efforts to offer you the lowest price, may result in fluctuations in our prices over time.2/2^HN",Wed Nov 01 17:20:26 +0000 2017,True,INFORMATIVE_RESOLUTION,OTHER_GENERAL
th_49144,49144,126979,Can you help me? My account unlock because my billing address. I sented every day my bank statement but noone answer and fix it! @AmazonHelp,49142,@126979 I'm sorry for the account issues! Have you received any further e-mails from an account specialist? ^TR,Wed Nov 01 17:19:35 +0000 2017,True,INFORMATIVE_RESOLUTION,PRIME_MEMBERSHIP_BILLING
th_49146,49146,126980,"@115850 @AmazonHelp @AmazonHelp Got my product 5 days when ordered by Amazon prime, where you promise 1-2 days delivery. Bad experience, false promises.",49145,"@126980 We apologize for the delay. Surely I'll update this to the team internally, so that we work on it. ^PR",Wed Nov 01 17:09:14 +0000 2017,True,INFORMATIVE_RESOLUTION,PRIME_MEMBERSHIP_BILLING
th_49151,49151,126981,"@AmazonHelp No, I spoke to I've of your advisors (in picture) and I was expecting a reply some hours ago and still havent heard anything? https://t.co/Y8LmUjsSqa",49149,"@126981 Hi John, have you double-checked your spam and junk folders? Messages can get caught there sometimes. ^BL",Wed Nov 01 17:00:35 +0000 2017,True,INFORMATIVE_RESOLUTION,OTHER_GENERAL
th_49155,49155,126981,"@AmazonHelp Thanks, do you have a live chat option where I can discuss what I can do next?",49153,@126981 We do. Just click the link here and follow the prompts.  https://t.co/JzP7hlA23B ^EM,Tue Oct 24 18:31:47 +0000 2017,True,INFORMATIVE_RESOLUTION,OTHER_GENERAL
th_49166,49166,126985,@AmazonHelp And with origin instant access came a error message that I should check my internet connection even tho it’s fine and wouldn’t let me buy it,49168,@126985 Thank you for the information! Do you have the possibility to try it via another browser? ^SI,Wed Nov 01 17:29:35 +0000 2017,True,INFORMATIVE_RESOLUTION,OTHER_GENERAL
th_49169,49169,126985,@AmazonHelp I tried now with Firefox and the buy button is still grey and when I try Instant access it says an internal error has occurred in our system,49170,@126985 Which Amazon website did you use? Are you currently in Germany or in another country? Can you buy it with your mobile phone? ^MH,Wed Nov 01 18:19:59 +0000 2017,True,INFORMATIVE_RESOLUTION,OTHER_GENERAL
th_49172,49172,126985,@AmazonHelp It says that “An error occurred while processing your order try again later”,49173,@126985 I´m sorry to hear that. :( Please get in touch with my colleagues: https://t.co/ohyvGrpvrY They are pleased to assist you. ^SI,Wed Nov 01 19:00:36 +0000 2017,True,INFORMATIVE_RESOLUTION,ORDER_TRACKING_DELAY
th_49177,49177,126987,@AmazonHelp I cannot believe such a small item was sent in such a wasteful box. I thought it was a joke. https://t.co/6SqyU7ffDr,49176,@126987 I see what you mean! Have you been able to pass your feedback through this link: https://t.co/MyGkLbaKSl? ^BL,Wed Nov 01 17:12:09 +0000 2017,True,INFORMATIVE_RESOLUTION,OTHER_GENERAL
th_49893,49893,126979,@AmazonHelp That is the problem! I cant access on my account because still on hold! I dont know why! Have a chat for customer service?,49892,@126979 I'm sorry! Use this instead: https://t.co/jzvkhdlrK5 Our phone # will populate when you choose the reason for calling. ^KN,Wed Nov 01 17:34:51 +0000 2017,True,INFORMATIVE_RESOLUTION,OTHER_GENERAL
th_49897,49897,127175,@AmazonHelp no UPS says it's On Time b/c you shipped it VIA UPS GROUND not UPS overnight!!!,49899,@127175 Oh my! We don't have acct access via Twitter. Pls reach us via phone so we can take a look together: https://t.co/hApLpMlfHN ^KN,Wed Nov 01 17:42:09 +0000 2017,True,INFORMATIVE_RESOLUTION,ORDER_TRACKING_DELAY
th_49898,49898,127175,@AmazonHelp it has shipped already VIA UPS GROUND not via 1 day shipping #Fraud,49896,@127175 Has UPS provided a reason for this delay? You can find contact info here: https://t.co/tgcVcNykSE. Please keep us posted! ^SD,Wed Nov 01 17:35:10 +0000 2017,True,INFORMATIVE_RESOLUTION,ESCALATION_HIGH_RISK
th_49908,49908,127178,@AmazonHelp Reply 1000 times and still no resolution,49907,"@127178 We're working on it, we'll get back to you soon. ^SU",Wed Nov 01 17:34:19 +0000 2017,True,INFORMATIVE_RESOLUTION,OTHER_GENERAL
th_49910,49910,127178,"@AmazonHelp What should i do with this link , i want my cashback, really insane by @1107",49909,@127178 I get your concern about the cash back. Please reply to the correspondence sent to your registered email from us. (1/2) ^SV,Wed Nov 01 17:27:58 +0000 2017,True,INFORMATIVE_RESOLUTION,OTHER_GENERAL
th_49919,49919,127181,@AmazonHelp someone hacked onto my amazon account and changed the email and password what do i do????,49918,@127181 We'd like to help get this looked into for you. Please reach out to us by phone at this link here: https://t.co/NwMGmeB9g2 ^VS,Wed Nov 01 17:34:09 +0000 2017,True,INFORMATIVE_RESOLUTION,ACCOUNT_LOGIN_SECURITY
th_49921,49921,127182,"@AmazonHelp Over 50 orders. More than a hundred books. Not a single free bookmark. I'm heartbroken, Amazon! :(",49923,"@127182 I get your disappointment, Jenny. As mentioned earlier, I will forward your feedback to our team internally for a review. ^NK",Wed Nov 01 17:39:50 +0000 2017,True,INFORMATIVE_RESOLUTION,OTHER_GENERAL
th_49934,49934,127184,@AmazonHelp How do I know? I've been out since 7am so no idea how long it's been sat in full view of the street.,49936,@127184 That information can be found on your order page. You can access that via this link:  https://t.co/aaDyEz1VgE ^MW,Wed Nov 01 17:37:41 +0000 2017,True,INFORMATIVE_RESOLUTION,OTHER_GENERAL
th_49947,49947,127178,@AmazonHelp It’s been 12 hrs still no response from your side,49949,@127178 Do keep us posted for any further assistance. (3/3) ^SV,Thu Nov 02 21:14:41 +0000 2017,True,INFORMATIVE_RESOLUTION,OTHER_GENERAL
th_49952,49952,127178,"@AmazonHelp Didn’t get any mail on this, already checked",49953,@127178 details here: https://t.co/GIJyeYqKE0 and we'll look into it. (2/2)^SQ,Thu Nov 02 21:24:42 +0000 2017,True,INFORMATIVE_RESOLUTION,OTHER_GENERAL
th_49957,49957,127186,@AmazonHelp @115850 @115851 . This is the same story which was telling by your team from last one month . Refurbished mobile delivered. Device dead,49959,"@127186 Apologies for the experience, Venky. Please reply to the email and we'll check this and assist you further. ^SV",Wed Nov 01 18:06:26 +0000 2017,True,INFORMATIVE_RESOLUTION,ORDER_TRACKING_DELAY
th_49963,49963,127186,@AmazonHelp @115850 @115851 it's been 30 days. Shall I wait till 1year ? U delivered refurbished device &amp; asking me to wait &amp; wait.,49964,"@127186 My apologies for the delay, Venky. We are working on this and will get back to you soon with an update. ^KS",Wed Nov 01 18:37:28 +0000 2017,True,INFORMATIVE_RESOLUTION,ORDER_TRACKING_DELAY
th_49960,49960,127186,@AmazonHelp @115850 @115851 @115850 @115851 @127187 there is no resolution and update from last 30days. Refurbished device. Dead now. No warranty claim.,49965,@127186 We've emailed a correspondence to you. Kindly check it here: https://t.co/8DAc10S7ww and reply to it for further assistance.^SF,Fri Nov 03 06:05:38 +0000 2017,True,INFORMATIVE_RESOLUTION,PRODUCT_TECH_SUPPORT
th_49967,49967,127186,@AmazonHelp In that mail u just asked me to wait... How long shall I wait ? It's almost one month. @115850,49968,"@127186 Apologies for the stretch. Rest assured, our team will get back to you with an update on priority. ^RS",Fri Nov 03 06:26:35 +0000 2017,True,INFORMATIVE_RESOLUTION,OTHER_GENERAL
th_49969,49969,127186,@AmazonHelp Got call from Mi saying warranty expired and can't claim now. As the issue raised before expiry ask to deal with Amazon. Now resolution at u,49970,@127186 to access your details here. 2/2 ^RS,Fri Nov 03 09:41:55 +0000 2017,True,INFORMATIVE_RESOLUTION,OTHER_GENERAL
th_49972,49972,127186,@AmazonHelp I'm not getting any emails or updates from Amazon support. Useless service. After repeated follow ups gets single reply to wait,49973,@127186 you as soon as we receive an update from them. 2/2 ^SH,Fri Nov 03 10:15:26 +0000 2017,True,INFORMATIVE_RESOLUTION,OTHER_GENERAL
th_49966,49966,127186,@AmazonHelp @115850 @115851 @127187 Still getting same reply from Amazon. Asking me to wait. Is there any end for this wait.. ? Think after 1yr also i'll get the same answer?,49975,@127186 Sorry for the stretch. Kindly wait till the mentioned time and they will get back to you with an update. ^HR,Mon Nov 06 07:44:16 +0000 2017,True,INFORMATIVE_RESOLUTION,OTHER_GENERAL
th_49958,49958,127186,@AmazonHelp Want one final answer. Will be u resolve my issue or not ? Delivered refurbished device and keeping calm. Not fair at all,49956,@127186 We're following up with your concern. We'll keep you updated regarding the same. ^SG,Wed Nov 01 17:19:33 +0000 2017,True,INFORMATIVE_RESOLUTION,ORDER_TRACKING_DELAY
th_49981,49981,127186,@AmazonHelp I responded to that mail only. U people escaping the issue. If the attached letter not valid than y kept me waiting all these 30 days ?,49979,@127186 I get your concern. We've received your revert and we'll reach out to you soon. ^GK,Tue Oct 31 03:42:18 +0000 2017,True,INFORMATIVE_RESOLUTION,OTHER_GENERAL
th_49983,49983,127186,@AmazonHelp Nice #escape after 1 month u people saying d attached letter is not valid. Spoke with brand Mi call center also.,49982,@127186 We've sent the correspondence to your registered email ID. Kindly check it here: https://t.co/8DAc10S7ww ^GK,Tue Oct 31 02:15:40 +0000 2017,True,INFORMATIVE_RESOLUTION,OTHER_GENERAL
th_49986,49986,127186,@AmazonHelp Filled. Let's see how #responsible you people towards customer. Last 30days very frustrating.. lost #hope &amp; #trust on Amazon. It's ur final,49985,@127186 Thank you. We'll check and get back to you with an update soon. ^NR,Mon Oct 30 19:33:04 +0000 2017,True,INFORMATIVE_RESOLUTION,OTHER_GENERAL
th_49988,49988,127186,@AmazonHelp Already shared the same with your support team . Always asks me to wait. #rude #stories,49987,"@127186 Sorry for the situation, Venky. Kindly fill your details here: https://t.co/beaaDm0muc and we'll have this checked. ^HS",Mon Oct 30 19:02:19 +0000 2017,True,INFORMATIVE_RESOLUTION,OTHER_GENERAL
th_50754,50754,127386,"@AmazonHelp By Artist, what's the minimum number of characters required to produce results? I'll try Album &amp; Song when I get home and send the results.",50756,"@127386 If it doesn't work, we would like to troubleshoot with you in real-time! Contact us here: https://t.co/JzP7hlA23B ^LS",Wed Nov 01 20:00:58 +0000 2017,True,INFORMATIVE_RESOLUTION,OTHER_GENERAL
th_50755,50755,127386,@AmazonHelp @115833 @115830 It's also stopped playing after the 1st song,50753,@127386 I'm sorry for the tech trouble you're having; are you only searching by song or by album/artist name for these results? ^WM,Wed Nov 01 17:44:39 +0000 2017,True,INFORMATIVE_RESOLUTION,OTHER_GENERAL
th_50760,50760,127387,"@AmazonHelp hey, struggling to get in touch with you via any other method. Can you help with a query regarding an order made yesterday?",50758,"@127387 As we don't have access to order information or account details on Twitter, we'd still like to help! Can you tell us more? ^KJ",Wed Nov 01 17:51:54 +0000 2017,True,INFORMATIVE_RESOLUTION,ORDER_TRACKING_DELAY
th_50763,50763,127388,Why hasn’t my Amazon order been dispatched yet 😩📦 @AmazonHelp,50761,@127388 Sorry for the delay! We aim to deliver by the date given in your order confirmation e-mail. Have we missed that date? ^TK,Wed Nov 01 17:52:14 +0000 2017,True,INFORMATIVE_RESOLUTION,ORDER_TRACKING_DELAY
th_50777,50777,127392,"@AmazonHelp Hi, do you know if there are phishing emails doing the rounds regarding ""amazon prime gold"" membership?",50776,"@127392 Thanks for asking, Penny. Here's a link to our help page that helps identify phishing attempts. https://t.co/vK8B77gYGp ^EM",Wed Nov 01 17:48:32 +0000 2017,True,INFORMATIVE_RESOLUTION,PRIME_MEMBERSHIP_BILLING
th_50781,50781,127394,@AmazonHelp Shocking lack of service no one has a clue when you call Amazon,50780,"@127394 I'm sorry to hear this! Without adding personal/account information, can you please tell us more about what happened? ^ME",Wed Nov 01 17:48:54 +0000 2017,True,INFORMATIVE_RESOLUTION,OTHER_GENERAL
th_50789,50789,127397,@AmazonHelp I have called and emailed....no response in 4 days! #AmazonEcho dot is a Rs 3000 paperweight for me right now! Please help!,50791,"@127397 Apologies for the experience, Avinash. Please share your details here: https://t.co/GIJyeYqKE0 I'll reach &amp; assist. ^SV",Sat Nov 04 01:43:26 +0000 2017,True,INFORMATIVE_RESOLUTION,OTHER_GENERAL
th_50793,50793,127398,@AmazonHelp do you take Bitcoin?,50792,@127398 Hi there! That is a great question. Currently Amazon does not accept Bitcoin as a form of currency. We hope this helps! ^JD,Wed Nov 01 17:42:16 +0000 2017,True,INFORMATIVE_RESOLUTION,OTHER_GENERAL
th_51573,51573,127574,@AmazonHelp I’ve waited til past 8 o’clock now-here are the references: 67303131113645 &amp; 73303231558729 EVERY Hermes delivery gets delayed. No fun!,51575,@127574 Please send us the tracking ids via the link above. We have no access to your orders via Twitter. ^MH,Wed Nov 01 19:12:20 +0000 2017,True,INFORMATIVE_RESOLUTION,ORDER_TRACKING_DELAY
th_51589,51589,127579,"@AmazonHelp It worked. Just to note, this was my first order.",51588,"@127579 Glad to know your concern is addressed, Puneet. Do keep us posted for any further assistance. ^SV",Wed Nov 01 18:00:15 +0000 2017,True,INFORMATIVE_RESOLUTION,ORDER_TRACKING_DELAY
th_51598,51598,127581,@AmazonHelp I checked again. I have uploaded the video to youtube. Its playing here. Is their any location restriction.,51600,@127581 Thanks for flagging this. We'll have this reviewed internally. ^SQ,Wed Nov 01 18:23:55 +0000 2017,True,INFORMATIVE_RESOLUTION,OTHER_GENERAL
th_51605,51605,127582,@AmazonHelp I've called support and it's been moved to an 'account specialist' just like last time as apparently I didn't call when this happened before (which I did three times). Just very frustrated this happens whenever I try and place an order.,51606,@127582 I'm sorry for the frustration. Please keep an eye on your e-mail for a response from the account specialist.  ^HM,Wed Nov 01 18:32:41 +0000 2017,True,INFORMATIVE_RESOLUTION,ORDER_TRACKING_DELAY
th_51608,51608,127583,@AmazonHelp I'm not sure where it is. I'm still waiting for it so i can return it because I don't need it anymore,51610,@127583 What does the tracking info state? You can find that here: https://t.co/Y5jpI9gRhE ^TR,Wed Nov 01 18:01:50 +0000 2017,True,INFORMATIVE_RESOLUTION,REFUND_RETURN_INQUIRY
th_51612,51612,127584,"@AmazonHelp 1st I called,amazon Call center dey said u will receive cheque.2nd time I called they said money will be credited soon.3rd time call to bank",51614,@127584 I’m sorry about that. I’d like to assist you. Please fill this form: https://t.co/beaaDm0muc and I’ll contact you soon. ^NK,Wed Nov 01 18:10:05 +0000 2017,True,INFORMATIVE_RESOLUTION,OTHER_GENERAL
th_51613,51613,127584,@AmazonHelp .. Team I am not satisfied with customers care services...  No help from ur end..  Regarding refund issues,51611,"@127584 I'm sorry for the disappointing experience, Noel. What options were provided when you spoke with us previously? ^FD",Wed Nov 01 17:56:45 +0000 2017,True,INFORMATIVE_RESOLUTION,REFUND_RETURN_INQUIRY
th_51615,51615,127384,@AmazonHelp Not providing anything..already order my product from  @118702 never ever buying from #Amazon  again.u guys are an embarrassment,51616,"@127384 Apologies for the experience, Raj. I'll be sure to share your comments with internal teams to improve our services. ^SV",Wed Nov 01 18:04:36 +0000 2017,True,INFORMATIVE_RESOLUTION,ORDER_TRACKING_DELAY
th_52153,52153,127727,@AmazonHelp I am pretty certain your frontline customer service reps are just providing stock answers and responses and providing assurances that a problem is taken care of to make their quotas or incentive levels and leaving the fallout to your escalation tier. They just need to be honest.,52151,"@127727 Thank you for being a Prime member Agasicles! I know I may be asking too much, but could you please arrange for a return by using the UPS pick up option under your order, so the package can be returned, check your order here: htp://amzn.to/NAYourOrders? ^SY https://t.co/1XyLaGkcaN",Wed Nov 22 23:05:50 +0000 2017,True,INFORMATIVE_RESOLUTION,OTHER_GENERAL
th_52193,52193,127737,"@AmazonHelp hi , i bought the pre load version of ww2 for ps4 and i wanted to know when will i get the 2xp code",52191,"@127737 If you don't receive the code by the end of the day tomorrow, please reach out to us here: https://t.co/hApLpMlfHN ^WT",Wed Nov 01 18:12:17 +0000 2017,True,INFORMATIVE_RESOLUTION,OTHER_GENERAL
th_52200,52200,127738,@AmazonHelp No it's with all carriers on your website he has tried to change it and it keeps coming up wrong,52201,"@127738 Have you tried reaching out to us via phone here: https://t.co/hApLpMlfHN? If so, what information or options were given? ^KP",Wed Nov 01 18:44:55 +0000 2017,True,INFORMATIVE_RESOLUTION,OTHER_GENERAL
th_52198,52198,127738,"@AmazonHelp hello when my brother is trying to order from you ,when typing in his adress its coming up with next doors adress which is wrong",52196,@127738 That is strange! Your brother should be able to save his address without using the neighbor's: https://t.co/dODjwBCyVV ^FD,Wed Nov 01 18:23:38 +0000 2017,True,INFORMATIVE_RESOLUTION,ORDER_TRACKING_DELAY
th_52214,52214,127741,@AmazonHelp Thanks a lot for your response at the earliest.Hope Amazon won't disappoint me 😋😋Thanks buddy- chendhu from india,52213,@127741 You're Welcome! Do keep us posted for any further concerns. ^SQ,Wed Nov 01 18:20:32 +0000 2017,True,INFORMATIVE_RESOLUTION,OTHER_GENERAL
th_52216,52216,127741,"@AmazonHelp Checking internally will not work here @AmazonHelp you need to escalate this to your management, so that they will prioritize the issue☺️",52215,@127741 We have forwarded this to the concerned team and we'll work on it. ^SQ,Wed Nov 01 18:10:27 +0000 2017,True,INFORMATIVE_RESOLUTION,OTHER_GENERAL
th_52219,52219,127742,"@AmazonHelp -""A complaint has been made"" which is great except it does nothing to actually rectify the issue. They have my number but never call",52218,@127742 We'd like to investigate this with you! When you've a moment pls offer as much info as possible: https://t.co/hpDJA0mJXu ^TG,Wed Nov 01 18:13:12 +0000 2017,True,INFORMATIVE_RESOLUTION,OTHER_GENERAL
th_52222,52222,127742,For the 5th time I've called @AmazonHelp after their carriers have failed to give a disable customer [me] enough time to reach the door,52221,@127742 I'm sorry to hear about the delivery trouble! We'd like to help the best we can. Who's the carrier listed for your order? ^HC,Wed Nov 01 18:06:38 +0000 2017,True,INFORMATIVE_RESOLUTION,OTHER_GENERAL
th_52224,52224,127743,@AmazonHelp it has entered the dispatch process just today and email says sending to old address even though I made the address change days ago!,52226,@127743 So sorry about that! Have you tried reaching out to us via phone or chat so we can leave the driver delivery instructions? ^LS,Wed Nov 01 18:32:45 +0000 2017,True,INFORMATIVE_RESOLUTION,ORDER_TRACKING_DELAY
th_52227,52227,127743,@AmazonHelp How can I reach out to you guys via phone or chat?,52228,@127743 You can reach us via phone or chat here: https://t.co/JzP7hlA23B. Hope this helps! ^SK,Wed Nov 01 18:57:56 +0000 2017,False,PURE_DM_REQUEST_NO_GUIDANCE,OTHER_GENERAL
th_52225,52225,127743,"@AmazonHelp hi, I moved homes last week, updated my address and my preorder is still going to be sent to my old address on Friday. Help!",52223,"@127743 Hi! If the order hasn't entered the dispatch process, you can change the address. More here: https://t.co/OpdJy5HMwc ^BL",Wed Nov 01 18:19:25 +0000 2017,True,INFORMATIVE_RESOLUTION,OTHER_GENERAL
th_52230,52230,127744,"@AmazonHelp the .com version, in the US.",52229,@127744 I'm sorry for the trouble; it looks like we currently do not have this title available for the PS4 console on our website. ^WM,Wed Nov 01 18:15:56 +0000 2017,True,INFORMATIVE_RESOLUTION,OTHER_GENERAL
th_52234,52234,127745,@AmazonHelp Can you let me know what the issue is? Do you need any info?,52236,@127745 I'd like to have a member from our support team lend you a hand with this; please contact us here: https://t.co/hApLpM3Ejd ^WM,Wed Nov 01 19:26:33 +0000 2017,True,INFORMATIVE_RESOLUTION,OTHER_GENERAL
th_52235,52235,127745,@AmazonHelp I wrote 4 reviews yesterday evening. All positive &amp; 1 has disappeared?,52233,@127745 Just to confirm you didn't violate any of these guidelines correct? https://t.co/LbuQ2iujcV ^LS,Wed Nov 01 18:14:26 +0000 2017,True,INFORMATIVE_RESOLUTION,OTHER_GENERAL
th_52238,52238,127745,hmmm my positive reviews on Amazon seem to be disappearing? @AmazonHelp,52237,"@127745 Oh my!  That is very strange, Zara. Are you noticing that recent reviews are no longer able to be viewed, or older ones? ^JD",Wed Nov 01 18:08:54 +0000 2017,True,INFORMATIVE_RESOLUTION,OTHER_GENERAL
th_52242,52242,127747,"@AmazonHelp This Monday, and no, I had no answers",52244,@127747 Have you received any e-mails to your spam or junk folder? ^DD,Wed Nov 01 18:19:09 +0000 2017,True,INFORMATIVE_RESOLUTION,OTHER_GENERAL
th_52243,52243,127747,@AmazonHelp I have my account blocked. I have already sent the fax you have requested (twise) but still got no aswer. What should I do?,52241,@127747 I'm sorry for the trouble with your account. When did you fax this information? Have you received any e-mail updates recently? ^RA,Wed Nov 01 18:14:04 +0000 2017,True,INFORMATIVE_RESOLUTION,OTHER_GENERAL
th_52253,52253,127751,@AmazonHelp The form I filled out said that someone would call me within 12 hours. No one has rang...,52255,"@127751 Hi, so that would normally be within 12 business hours, we'll be in touch soon ^AS",Thu Nov 02 08:54:27 +0000 2017,True,INFORMATIVE_RESOLUTION,OTHER_GENERAL
th_52907,52907,127913,"@AmazonHelp Its my neighbour, but i know they will deny recieving it, so looks like ive lost out 😂",52906,"@127913 If you're unable to retrieve your parcel, we can review your available options here: https://t.co/JzP7hlA23B ^RA",Wed Nov 01 18:36:44 +0000 2017,True,INFORMATIVE_RESOLUTION,OTHER_GENERAL
th_52909,52909,127913,"@AmazonHelp that awkward moment you’ve recently moved 🏠 and you get your delivery sent to the wrong address (correct street, wrong number)",52908,@127913 If the address is outdated the parcel will usually be returned to us by the carrier. See more here https://t.co/5y0YxfgfSX ^TG,Wed Nov 01 18:28:04 +0000 2017,True,INFORMATIVE_RESOLUTION,ORDER_TRACKING_DELAY
th_52915,52915,127916,"@AmazonHelp once again @916 @127917 can't deliver.  No reason just ""could not attempt delivery"".  Stayed home 4 the delivery",52914,"@127916 I'm sorry for the frustration! When you have a moment, please reach out to us by phone or chat here: https://t.co/dNXwBZPiM6 ^AC",Wed Nov 01 18:31:21 +0000 2017,True,INFORMATIVE_RESOLUTION,ORDER_TRACKING_DELAY
th_52917,52917,127918,"@AmazonHelp I’m planning to in a few minutes, is there a phone number associated with credit card issues? I already spoke to my credit card issuer",52916,@127918 We can help here: https://t.co/hApLpMlfHN Our contact options will be listed after selecting your concern. ^RA,Wed Nov 01 18:33:37 +0000 2017,True,INFORMATIVE_RESOLUTION,OTHER_GENERAL
th_52921,52921,127919,@AmazonHelp I have purchase an product on 19 aug 2017 and  it s been 2 month but there is refund and amazon serive  is worst,52920,@127919 We have responded to you via DM. Kindly check. ^MP,Wed Nov 01 18:28:14 +0000 2017,False,PURE_DM_REQUEST_NO_GUIDANCE,REFUND_RETURN_INQUIRY
th_52925,52925,127921,@AmazonHelp @AmazonHelp - Info sent 2 Amazon link. Response time is up too 12 business days. lol WOW,52927,@127921 You'll be receiving a response within 12 hours! ^KP,Wed Nov 01 19:11:25 +0000 2017,True,INFORMATIVE_RESOLUTION,OTHER_GENERAL
th_52936,52936,127923,"@AmazonHelp I am in Norway, is that an american number? Wow, been shopping a lot at Amazon lately, but i must say this time it was a letdown!",52938,"@127923 We can be reached at 1-206-266-2992, charges may apply. We're also available toll free here: https://t.co/hApLpMlfHN ^LR",Wed Nov 01 20:39:40 +0000 2017,True,INFORMATIVE_RESOLUTION,OTHER_GENERAL
th_52939,52939,127923,"@AmazonHelp So i will just accept the refund i did not ask for and buy the book in another place, thank you.",52940,"@127923 We don't have access to your account, on Twitter. You'll want to contact us using the info above to explore that option. ^AF",Wed Nov 01 20:54:10 +0000 2017,True,INFORMATIVE_RESOLUTION,REFUND_RETURN_INQUIRY
th_52934,52934,127923,"@AmazonHelp I didn't return it (never received it) and I dont want a refund, I want the book. :)",52932,"@127923 I'm sorry for the trouble, Daniela! Have you been able to view available resolution options here?: https://t.co/aaDyEz1VgE ^SD",Wed Nov 01 18:10:27 +0000 2017,True,INFORMATIVE_RESOLUTION,REFUND_RETURN_INQUIRY
th_52945,52945,127924,"@AmazonHelp Since lollipop android is based on material design, so maybe using a material theme would be nice. Hint: use AppCompat theme https://t.co/BWhthvFnFp",52947,@127924 Thanks for your feedback and for letting us know about your experience with our app! ^GD,Wed Nov 01 18:35:42 +0000 2017,True,INFORMATIVE_RESOLUTION,OTHER_GENERAL
th_53267,53267,128019,@AmazonHelp I’ve done that several times today; but I’ll try again. What section under Help &amp; Feedback should I select?,53269,@128019 Here's how you can leave feedback: https://t.co/VJcfv3jdbh ^CO,Thu Nov 30 20:47:08 +0000 2017,True,INFORMATIVE_RESOLUTION,OTHER_GENERAL
th_53268,53268,128019,@AmazonHelp Yes. I use it daily. The connection is fine. Alexa can’t understand to play The U2 Experience through my Sonos. (If will generally play any thing else I ask it to. And plays the u2 stream fine through the dot),53266,"@128019 When you have a moment, we'd like to take a closer look at this poor interaction and assist you directly. Please reach us using ""Help &amp; Feedback"" in your Alexa app. ^JR",Thu Nov 30 20:40:06 +0000 2017,True,INFORMATIVE_RESOLUTION,PRODUCT_TECH_SUPPORT
th_53492,53492,127951,@AmazonHelp Your company canceled an order for a child’s bday present that was to arrive 10/31 - no one called and support not helping,53491,"@127951 Sorry about your gift, Daniel! A specialist from my team would like to reach out: https://t.co/KgRu93uPET ^JZ",Wed Nov 01 18:44:39 +0000 2017,True,INFORMATIVE_RESOLUTION,ORDER_TRACKING_DELAY
th_53498,53498,128086,@AmazonHelp is the prime video app available for Android devices,53500,@128086 You can view all available platforms for Amazon Video here: https://t.co/4ZeDCLRlyK ^VB,Wed Nov 01 18:56:16 +0000 2017,True,INFORMATIVE_RESOLUTION,PRIME_MEMBERSHIP_BILLING
th_53499,53499,128086,@115821 @AmazonHelp Why cant we watch prime content on mobile devices,53497,@128086 I'm sorry for the frustration! Are you trying to watch from the Prime Video app? ^AC,Wed Nov 01 18:52:33 +0000 2017,True,INFORMATIVE_RESOLUTION,PRIME_MEMBERSHIP_BILLING
th_53515,53515,128090,"@AmazonHelp OK, is there a way to change the shipping address to an Amazon locker then? My saved locker is not showing when I attempt this.",53516,@128090 We'd be happy to look into available options with you. Please reach us by phone or chat here: https://t.co/hApLpMlfHN^CC,Wed Nov 01 21:24:05 +0000 2017,True,INFORMATIVE_RESOLUTION,OTHER_GENERAL
th_53513,53513,128090,"@amazonhelp Hey there. I pre-ordered Xbox One X as soon as it became available, but no indication of delivery ETA yet and need to know asap.",53511,"@128090 We'll deliver by the date listed here: https://t.co/Y5jpI9gRhE If it's pending, we'll e-mail you once we have an update. ^RA",Wed Nov 01 18:46:33 +0000 2017,True,INFORMATIVE_RESOLUTION,ORDER_TRACKING_DELAY
th_53521,53521,128092,@115821 @AmazonHelp Why do I even pay for amazon prime,53520,@128092 I'm sorry about the delay! Please reach out to us via phone/chat here: https://t.co/hApLpMlfHN for more assistance with this. ^TK,Wed Nov 01 18:45:22 +0000 2017,True,INFORMATIVE_RESOLUTION,PRIME_MEMBERSHIP_BILLING
th_54364,54364,128304,Right just cancel the order @AmazonHelp December the 5th was not the agreed date it was today! @118373 @128305 3rd time this month it's joke!,54363,"@128304 I'm terribly sorry your package was delayed! We'd like to look into this for you! When your packages are delayed, do you see a trend in the carrier?  ^AR",Thu Nov 30 20:34:59 +0000 2017,True,INFORMATIVE_RESOLUTION,REFUND_RETURN_INQUIRY
th_54367,54367,128306,@AmazonHelp It says its suppose to arrive today at 8 but no updates since 1 pm yesterday and it’s suppose to come USPS,54369,"@128306 Carriers can deliver up to 8:00 PM, if it doesn't arrive please reach out to USPS by phone here: https://t.co/RE7EVdCU1F ^GR",Wed Nov 01 19:14:47 +0000 2017,True,INFORMATIVE_RESOLUTION,OTHER_GENERAL
th_54370,54370,128306,@AmazonHelp If I don’t get it today can I get a refund on my one day shipping,54371,@128306 We do not have account access here on Twitter. You can reach out here: https://t.co/hApLpMlfHN ^TR,Wed Nov 01 19:22:54 +0000 2017,True,INFORMATIVE_RESOLUTION,REFUND_RETURN_INQUIRY
th_54368,54368,128306,Paid for one day shipping and the last time my order was located was a whole 26 hours ago in NH @AmazonHelp,54366,@128306 Have we missed the delivery date for this order? Who is the carrier for your order: https://t.co/Y5jpI9gRhE? ^WM,Wed Nov 01 19:09:22 +0000 2017,True,INFORMATIVE_RESOLUTION,ORDER_TRACKING_DELAY
th_54375,54375,128307,"@AmazonHelp i hav replied 2 that email. no response. talked to chat support, they telling me to get replacement from @3073",54374,"@128307 I get your concern, Harshad. Apologies for the experience. Please reply to the email sent by our team. We'll assist you. ^SV",Wed Nov 01 19:05:41 +0000 2017,True,INFORMATIVE_RESOLUTION,OTHER_GENERAL
th_54397,54397,128312,@AmazonHelp @115850 I hv placed order of Neocate Powder yesterday. I need it urgently. Plz deliver me asap. https://t.co/Re5lufpMeI,54396,@128312 Please don't provide your order details as we consider it personal information. Our twitter page is visible to public. ^SQ,Wed Nov 01 18:57:56 +0000 2017,True,INFORMATIVE_RESOLUTION,ORDER_TRACKING_DELAY
th_54421,54421,128317,@AmazonHelp people at +12062662992 not helpful at all.,54420,"@128317 I'm sorry for the poor experience! When you spoke to us, what guidance was given? ^AH",Wed Nov 01 18:32:21 +0000 2017,True,INFORMATIVE_RESOLUTION,OTHER_GENERAL
th_54424,54424,128318,Really? @AmazonHelp why would someone fold computer paper in half to be shipped in a package that would have fit it anyways... https://t.co/8uSmob1ufC,54423,"@128318 I'm so sorry about that, Rene! We'd like to look at a few options with you. Please reach us here: https://t.co/hApLpMlfHN ^BL",Wed Nov 01 18:52:52 +0000 2017,True,INFORMATIVE_RESOLUTION,ORDER_TRACKING_DELAY
th_55037,55037,128477,@AmazonHelp When will my pre-order for CoD: WWII arrive? Does it arrive Thursday night for the midnight release or must we wait until Fri?,55036,@128477 When you placed your pre-order we would have sent you an order confirmation email. What delivery info is given in the e-mail? ^AR,Wed Nov 01 19:06:06 +0000 2017,True,INFORMATIVE_RESOLUTION,ORDER_TRACKING_DELAY
th_55039,55039,128478,@AmazonHelp It says by November 3rd at 8 pm. I am just getting worried because that’s 2 days away now.,55038,@128478 It's not uncommon for items to ship and arrive the same day. Please keep an eye on your inbox for a shipping notification. ^RA,Wed Nov 01 19:15:24 +0000 2017,True,INFORMATIVE_RESOLUTION,OTHER_GENERAL
th_55041,55041,128478,@AmazonHelp My order still says “Preparing for shipment” and I ordered it October 25. 😔,55040,"@128478 Have we missed our expected delivery date here: https://t.co/Y5jpI9gRhE Please do let us know, we're here for you! ^JE",Wed Nov 01 19:12:08 +0000 2017,True,INFORMATIVE_RESOLUTION,ORDER_TRACKING_DELAY
th_55044,55044,128479,where my AR view at @amazonhelp https://t.co/CicLry8lTc https://t.co/cQtfqifZSj,55042,"@128479 Have you had a chance to check for updates on the app? If this doesn't work, please try to uninstall and reinstall the app. ^GR",Wed Nov 01 19:12:57 +0000 2017,True,INFORMATIVE_RESOLUTION,OTHER_GENERAL
th_55058,55058,128483,"@AmazonHelp yes I have been through all of the steps. I will check with nighbours further down the street tomorrow, but no notification of delivery 1/2",55060,"@128483 Sorry for the frustration. When you have time, give us a shout here: https://t.co/JzP7hlA23B. We can assist in real-time. ^SK",Wed Nov 01 20:08:21 +0000 2017,True,INFORMATIVE_RESOLUTION,ORDER_TRACKING_DELAY
th_55059,55059,128483,@115830 @AmazonHelp I have an order that says delivered yesterday by amazon shipping but it hasn’t been delivered. What can I do?,55057,"@128483 We're here to help! Have you explored all steps to locate your parcel here: https://t.co/8i2HpyhtwC ? Let us know, please! ^JE",Wed Nov 01 19:12:37 +0000 2017,True,INFORMATIVE_RESOLUTION,ORDER_TRACKING_DELAY
th_55063,55063,128484,@AmazonHelp Please tell your Indian division to stop showing Pantry products under Prime results because Pantry does not have free shipping.,55062,"@128484 I get your concern, Sushubh. I'll be sure to share your comments with internal teams for review &amp; to improve our services. ^SV",Wed Nov 01 19:10:50 +0000 2017,True,INFORMATIVE_RESOLUTION,PRIME_MEMBERSHIP_BILLING
th_56829,56829,128875,@AmazonHelp why not help . us here? Your seller support is kind of dumb robots and not expecting any help or resolution from them! So better ans here.,56831,@128875 We're unable to access your account details over Twitter. Kindly share them on the link above and we'll contact you soon. ^PS,Thu Nov 02 04:13:54 +0000 2017,True,INFORMATIVE_RESOLUTION,OTHER_GENERAL
th_56832,56832,128875,@AmazonHelp seller name: ECellStreet Global (India Division) Tell us what more you need?,56833,@128875 our specific team once we receive your details here: https://t.co/GIJyeYqKE0 appreciate your understanding. 2/2 ^MJ,Thu Nov 02 05:06:42 +0000 2017,True,INFORMATIVE_RESOLUTION,OTHER_GENERAL
th_56835,56835,128875,@AmazonHelp 4 days since form filled! no updates since then. Shows how much you guys are concerned! Y waste our time by filling dse forms then?,56836,"@128875 If you've shared your details, you should've received a correspondence from us. Kindly check here: https://t.co/8DAc10S7ww ^AK",Mon Nov 06 06:43:59 +0000 2017,True,INFORMATIVE_RESOLUTION,OTHER_GENERAL
th_56837,56837,128875,@AmazonHelp Only received a scripted copy&gt;pasted reply on this. 5 days ago. No actions or updates since then.,56838,@128875 Please reply to the email for further insight on it. We cannot your order/account on social platform. ^RW,Mon Nov 06 07:14:30 +0000 2017,True,INFORMATIVE_RESOLUTION,OTHER_GENERAL
th_56840,56840,128875,@AmazonHelp we have been hearing that since 2 years. Almost 60k monthly is being chewed on wrong shipping updates! Still no actions. #HearUsAmazon,56841,@128875 I understand your concern. Request you to share your details in the link provided earlier and we'll help you with this. ^SQ,Wed Nov 01 20:35:30 +0000 2017,True,INFORMATIVE_RESOLUTION,OTHER_GENERAL
th_56861,56861,128882,@AmazonHelp I’ve called to customer service @115821 and they were very helpful and solved the situation to perfection. Thank you!,56863,@128882 Thanks for the feedback! Glad we could provide awesome service for you! Be sure to fill out the survey sent to your e-mail! ^KN,Thu Nov 02 16:17:31 +0000 2017,True,INFORMATIVE_RESOLUTION,OTHER_GENERAL
th_56867,56867,128884,@AmazonHelp No it’s been 7 days and my unavailable balance is still in place,56869,"@128884 Have you had a chance to reach out to us via phone here: https://t.co/hApLpMlfHN? If so, what info or options were given? ^KP",Wed Nov 01 20:10:50 +0000 2017,True,INFORMATIVE_RESOLUTION,OTHER_GENERAL
th_56871,56871,128885,@AmazonHelp &amp; y is It so?,56873,@128885 the availability of the item to your pincode. 2/2 ^SH,Thu Nov 02 02:48:32 +0000 2017,True,INFORMATIVE_RESOLUTION,OTHER_GENERAL
th_56875,56875,128885,@AmazonHelp Well I'm gonna try certain pin codes from Pune or Kolhapur. Hope it's enough to grab one of those very few,56876,@128885 address and proceed to the Pay method page. (2/2) ^GK,Thu Nov 02 03:23:53 +0000 2017,True,INFORMATIVE_RESOLUTION,OTHER_GENERAL
th_56879,56879,128885,"@AmazonHelp Or any other from Maharashtra state, then probably need to mention it's not for Maharashtra state. We won't bother checking it 2nd time 2/n",56881,@128885 Kindly help us with your pincode and we'll let you know if the item can be delivered to it. ^SH,Thu Nov 02 03:50:36 +0000 2017,True,INFORMATIVE_RESOLUTION,OTHER_GENERAL
th_56883,56883,128885,@AmazonHelp 416 003 or 416 012 are my first choice of pin codes..If it's not eligible then I'm going with 416030 which is pune based pin code.,56884,@128885 416003 or 416012 are eligible for delivery in your location. Stay tuned to place the order soon. ^VM,Thu Nov 02 04:14:33 +0000 2017,True,INFORMATIVE_RESOLUTION,OTHER_GENERAL
th_56889,56889,128886,@AmazonHelp Why did it change?  That page only tells me it will be 3-5 days.,56887,@128886 You can e-mail __email__ with your feedback ^AF,Wed Nov 01 19:48:07 +0000 2017,True,INFORMATIVE_RESOLUTION,OTHER_GENERAL
th_56897,56897,128888,"@AmazonHelp The measure of a company, is how it responds when it gets it wrong. When @115830 cocks up, it rubs salt into any wounds it has opened.",56899,"@128888 We can't see account information on Twitter. So, without giving sensitive information, what options were you provided with? -DA",Thu Nov 02 12:10:19 +0000 2017,True,INFORMATIVE_RESOLUTION,OTHER_GENERAL
th_56908,56908,128889,@AmazonHelp 2/2 what time do you stop delivering?,56906,"@128889 Orders can still be delivered up to 21:00. If not delivered by then, please call or chat here: https://t.co/JzP7hlA23B ^MH",Wed Nov 01 19:42:22 +0000 2017,True,INFORMATIVE_RESOLUTION,OTHER_GENERAL
th_56911,56911,128889,"@AmazonHelp so, email to say package out for delivery today....just got home, no package, no note, no email? What’s going on?! Not next day!",56909,@128889 I'm sorry for the trouble! Have you tried these troubleshooting steps to locate your parcel: https://t.co/yc2ajS0uMe? ^WM,Wed Nov 01 19:34:59 +0000 2017,True,INFORMATIVE_RESOLUTION,ORDER_TRACKING_DELAY
th_56913,56913,128890,Shocking delivery by @115830 - not sure @115851 would be proud of such terrible service!Cancel my Prime membership please @AmazonHelp https://t.co/ITPIGWxB4R,56912,@128890 I'm sorry for the trouble! We'd like to take a closer look at this w/ you. Please reach out to us here: https://t.co/JzP7hlA23B ^KP,Wed Nov 01 19:42:06 +0000 2017,True,INFORMATIVE_RESOLUTION,PRIME_MEMBERSHIP_BILLING
th_56917,56917,128891,"@AmazonHelp 1/2 Safe to say won't be delivered this evening How long do I have to wait? If I have to reorder which seems highly likely, Friday delivery",56921,@128891 I'm sorry for this delay. We'd like to have someone look into this w/ you. Please contact us here: https://t.co/hApLpMlfHN ^HS,Thu Nov 02 01:40:09 +0000 2017,True,INFORMATIVE_RESOLUTION,ORDER_TRACKING_DELAY
th_56925,56925,128892,"@AmazonHelp Today, I have a Prime order that should have been delivered yesterday that I had to file a formal complaint over in order to get it.",56929,@128892 We understand our choice of carrier reflects on our business. Please let us know if you have any further issues with UPS. ^MB,Wed Nov 01 19:48:34 +0000 2017,True,INFORMATIVE_RESOLUTION,PRIME_MEMBERSHIP_BILLING
th_56936,56936,128893,"@AmazonHelp I wont be able to phone until tomorrow, could i still then",56938,"@128893 You certainly can! Please contact us at your convenience, we're available 24/7. ^HS",Wed Nov 01 19:46:08 +0000 2017,True,INFORMATIVE_RESOLUTION,OTHER_GENERAL
th_56937,56937,128893,@AmazonHelp Is there any way i can get a refund ? Because i really meed this on release .,56935,@128893 We'd like to view our options with you in real-time. Please reach out to us by phone here: https://t.co/qy3J24VGxb ^GR,Wed Nov 01 19:40:46 +0000 2017,True,INFORMATIVE_RESOLUTION,REFUND_RETURN_INQUIRY
th_56940,56940,128893,"@AmazonHelp Standard delivery , by the way it comes out nov 3",56939,"@128893 I'm sorry for the wait. While we strive to get your items to you on time, in rare cases, delays may occur. ^WT",Wed Nov 01 19:33:35 +0000 2017,True,INFORMATIVE_RESOLUTION,ORDER_TRACKING_DELAY
th_56942,56942,128893,@AmazonHelp WHY IS THIS NOV 4 !!!!!! https://t.co/k7GM4enlEL,56941,@128893 We aim to meet the delivery date given in your order confirmation e-mail. Which shipping method did you select at checkout? ^KJ,Wed Nov 01 19:24:46 +0000 2017,True,INFORMATIVE_RESOLUTION,OTHER_GENERAL
th_57424,57424,129023,@AmazonHelp Ive done that but it only gives me the option of the 1 months free trial and then £9.99 a month after. No way of clicking on the linkyousent,57426,@129023 Hmm.. Let's look into this together. Reach out via phone or chat here: https://t.co/JzP7hlA23B ^MT,Wed Nov 01 20:15:20 +0000 2017,True,INFORMATIVE_RESOLUTION,OTHER_GENERAL
th_57428,57428,129024,"@AmazonHelp It say's ""Could not set your address. Please ensure you have correctly entered a complete address"" when I am entering my India address",57427,"@129024 Sorry for the inconvenience, Karna. Please report this to our team here: https://t.co/TdDksLo6Mf and we'll look into this. ^MK",Wed Nov 01 20:07:14 +0000 2017,True,INFORMATIVE_RESOLUTION,OTHER_GENERAL
th_57436,57436,129026,@AmazonHelp Yeah it’s this https://t.co/H8nMUU538E,57435,"@129026 Does the book appear in your library: https://t.co/GbJiMPWR8d? If so, select the book and click deliver to send to Kindle. ^MB",Wed Nov 01 19:53:15 +0000 2017,True,INFORMATIVE_RESOLUTION,OTHER_GENERAL
th_57438,57438,129026,@AmazonHelp preordered a book on kindle in September. It says the release date was 21st Sept but it’s still not on my kindle. Can you help?,57437,@129026 I'm sorry you haven't received the book yet! Would you be able to link us to the book you pre-ordered? ^DD,Wed Nov 01 19:35:05 +0000 2017,True,INFORMATIVE_RESOLUTION,PRODUCT_TECH_SUPPORT
th_57451,57451,129032,@AmazonHelp It's been assigned to Lasership. Delivery is today by 9pm. But it's been sitting at their carrier center for over 2 hours. Last time this 1/,57453,@129032 We aim to meet the delivery date shown. Please keep us updated on the delivery. Hope you receive your order soon. ^SJ,Wed Nov 01 20:05:41 +0000 2017,True,INFORMATIVE_RESOLUTION,ORDER_TRACKING_DELAY
th_57452,57452,129032,Hi @AmazonHelp - my same day delivery package still hasn't left the carrier facility and it's actually an item I need ....today urgently,57450,@129032 I'm sorry your item hasn't been delivered. Do you have a carrier assigned: https://t.co/Y5jpI9gRhE? What's the delivery date? ^VS,Wed Nov 01 20:00:05 +0000 2017,True,INFORMATIVE_RESOLUTION,ORDER_TRACKING_DELAY
th_57459,57459,128484,"@AmazonHelp when i filter search by prime, i expect every product to have free shipping. pantry requires 599 in cart for free shipping.",57457,"@128484 I understand your concern regarding shipping fees, Sushubh. Please click here: https://t.co/UCTZrHJf7I for more info. ^HD",Wed Nov 01 19:15:12 +0000 2017,True,INFORMATIVE_RESOLUTION,PRIME_MEMBERSHIP_BILLING
th_57462,57462,129033,@AmazonHelp I appreciate this go wrong but your support teams (until today) would only read the contents of my order page to me and not help,57465,@129033 I'm really sorry for this experience! Please keep us posted on your replacement delivery. ^HS,Wed Nov 01 20:05:21 +0000 2017,True,INFORMATIVE_RESOLUTION,ORDER_TRACKING_DELAY
th_57467,57467,129034,"@AmazonHelp This'll be the second return in as many days, what guarantee have I got that I'm going to get an undamaged record...3rd time lucky?!",57469,@129034 We are here for you! Please let us know if you have any further issues with your vinyl. ^BA,Wed Nov 01 20:23:46 +0000 2017,True,INFORMATIVE_RESOLUTION,REFUND_RETURN_INQUIRY
th_57468,57468,129034,"@AmazonHelp Another day, another bent vinyl from @115830. Do you have any quality control before sending out damaged products? https://t.co/ya9NAHI827",57466,@129034 Hey Benno! I'm sorry your vinyl came that way. You can see all refund/replacement options here: https://t.co/UM6Pb0q0lx ^AJ,Wed Nov 01 19:57:44 +0000 2017,True,INFORMATIVE_RESOLUTION,DAMAGED_WRONG_ITEM
th_58072,58072,129183,@AmazonHelp It's on my amazon prime account saying the 7th.,58074,"@129183 We aim to meet the date shown at checkout and confirmed via e-mail. If we miss this date, please let us know! ^SB",Wed Nov 01 20:30:37 +0000 2017,True,INFORMATIVE_RESOLUTION,PRIME_MEMBERSHIP_BILLING
th_58073,58073,129183,@AmazonHelp Delivery is estimated for the 7th but Dodies book is out tomorrow.,58071,@129183 Was this date given via checkout/confirmation e-mail? Here's how to order w/ release day delivery https://t.co/sXK5BvdVbf ^WJ,Wed Nov 01 20:25:23 +0000 2017,True,INFORMATIVE_RESOLUTION,ORDER_TRACKING_DELAY
th_58081,58081,118081,"@AmazonHelp I have not been emailed any status updates at all since I preordered the item over 2 months ago. so no, this is not true.",58083,"@118081 We'd like to help! What's the current status of your order, shown here: https://t.co/Y5jpI9gRhE? ^AG",Wed Nov 01 20:32:53 +0000 2017,True,INFORMATIVE_RESOLUTION,OTHER_GENERAL
th_58087,58087,129186,@AmazonHelp can I DM you instead?,58085,"@129186 I've just replied to your DM, thank you for your patience! ^LA",Wed Nov 01 19:58:05 +0000 2017,False,PURE_DM_REQUEST_NO_GUIDANCE,OTHER_GENERAL
th_58090,58090,129187,"@AmazonHelp If it's in stock, why wouldn't it ship today or tomorrow?",58093,@129187 I'm sorry for the trouble! Some items take additional time to process for shipping. ^LJ,Wed Nov 01 21:06:41 +0000 2017,True,INFORMATIVE_RESOLUTION,OTHER_GENERAL
th_58091,58091,129187,What does this mean? @amazonhelp https://t.co/GDuvaTLKKL,58088,@129187 Free Two-Day shipping is based off when the order is shipped. You can find more info here: https://t.co/OI7JwAQ5Dq ^BA,Wed Nov 01 20:15:51 +0000 2017,True,INFORMATIVE_RESOLUTION,OTHER_GENERAL
th_58108,58108,129193,@AmazonHelp Yes. Can only assume bin man has thrown it away.,58110,@129193 Please give us a call here: https://t.co/JzP7hlA23B so we can get this sorted with you! ^TR,Wed Nov 01 20:26:58 +0000 2017,True,INFORMATIVE_RESOLUTION,OTHER_GENERAL
th_58115,58115,129194,@AmazonHelp I still have not hear from anyone.  It’s been 2 days now. What happened to 12 hours?,58112,@129194 Hey there! It looks like we responded to your message on Oct 29. Be sure to check your junk/spam folder too! ^NM,Wed Nov 01 20:10:32 +0000 2017,True,INFORMATIVE_RESOLUTION,OTHER_GENERAL
th_58119,58119,129194,@AmazonHelp Can I please have the email or phone number for executive complaints?  I’ve talked to multiple people in your company. This is pointless,58118,"@129194 Hello, by providing your information via the secure link given above, we will be able to look into this issue for you. ^AR",Sun Oct 29 23:25:10 +0000 2017,True,INFORMATIVE_RESOLUTION,OTHER_GENERAL
th_58121,58121,129194,@AmazonHelp A claim and escalated. Then the same bs email about how more info is needed and the seller hasn’t received the item. Horrible customer serv.,58120,@129194 I'm sorry for the A-to-z issues. I'd like our team to look into this. Please send us order info here: https://t.co/Z3sF5pyYG5 ^BE,Sun Oct 29 23:01:54 +0000 2017,True,INFORMATIVE_RESOLUTION,OTHER_GENERAL
th_58124,58124,129194,@AmazonHelp I started the return 3 months ago. The package was too large to take to UPS. Seller arranged by THEM for pick up. They gave me a label...,58122,@129194 Oh no! It sounds like you may qualify for our A-to-z Guarantee Claim. You can read more on this here:https://t.co/Bvec0QrrKI. 1/2,Sun Oct 29 22:51:40 +0000 2017,True,INFORMATIVE_RESOLUTION,REFUND_RETURN_INQUIRY
th_58135,58135,129196,@AmazonHelp Ahh no worries. Thanks for the help. Have a good day :),58134,@129196 No problem! Just remember we are always here to help! ^LS,Wed Nov 01 20:15:54 +0000 2017,True,INFORMATIVE_RESOLUTION,OTHER_GENERAL
th_58137,58137,129196,@AmazonHelp my book came like this? :( https://t.co/YXO3XhNvhj,58136,@129196 I'm sorry to see it is bent. We can look into your options with you here: https://t.co/qy3J24VGxb ^AF,Wed Nov 01 20:09:18 +0000 2017,True,INFORMATIVE_RESOLUTION,OTHER_GENERAL
th_58143,58143,129198,"So I accidentally ordered a bed frame I already own on @115821 &amp; I immediately cancelled. It never shipped, I still got charged? @AmazonHelp",58141,"@129198 Hey there! if the order never shipped, then what you're seeing is an authorization. Learn more: https://t.co/cMA9xNiv9x ^JE",Wed Nov 01 20:06:31 +0000 2017,True,INFORMATIVE_RESOLUTION,PRIME_MEMBERSHIP_BILLING
th_58152,58152,129201,@AmazonHelp Seller Support is helpless &amp; we can only get template copy+paste replies from them. Genuine concerned are being ignored like Garbages,58154,@129201 I understand your concern. Request you to share your details in the link provided earlier and we'll help you with this. ^SQ,Thu Nov 02 01:17:07 +0000 2017,True,INFORMATIVE_RESOLUTION,OTHER_GENERAL
th_58159,58159,129201,"@AmazonHelp Everything went wrong in last 1 year.  Every genuine concern is ignored with a Blind Eye.  Seller Support, Escalation Support all failed.",58160,@129201 We'd like to take a closer look into this. Please fill in this form: https://t.co/GIJyeYqKE0 and we'll look into it. ^SQ,Thu Nov 02 01:08:40 +0000 2017,True,INFORMATIVE_RESOLUTION,OTHER_GENERAL
th_58199,58199,129216,"@AmazonHelp I checked and but there is no proper response, thing is if you are not delivering products with provided data and time in amazon.in why you are attracting customers by putting false time https://t.co/zw42buT5jH are cheating Customers.",58198,@129216 Sorry about the miss of estimated delivery date. We never intended this delay. Please share your details here: https://t.co/GIJyeYqKE0 I'll reach out to you with further assistance. ^SV,Thu Nov 23 01:42:23 +0000 2017,True,INFORMATIVE_RESOLUTION,OTHER_GENERAL
th_58745,58745,129371,"@AmazonHelp I’ve sent an email, I would like someone from management to call me tomorrow at noon. I am far too angry at the moment to talk to you.",58743,"@129371 Responses to emails are expected within 12 hours. For faster resolution, please call or chat with us. ^BA",Wed Nov 01 20:33:19 +0000 2017,True,INFORMATIVE_RESOLUTION,OTHER_GENERAL
th_58752,58752,129372,@AmazonHelp I’ve done all of this. Is it possible for me to find out who the carrier is so I️ can reach out to them,58753,@129372 The carrier is listed on the order page. Find it here: https://t.co/KXO7GjLPvV  ^BA,Wed Nov 01 21:02:49 +0000 2017,True,INFORMATIVE_RESOLUTION,ORDER_TRACKING_DELAY
th_58750,58750,129372,@AmazonHelp who do I️ contact about my missing package,58748,@129372 I hate to hear your package hasn't shown up! Has the delivery date passed? ^MT,Wed Nov 01 20:35:38 +0000 2017,True,INFORMATIVE_RESOLUTION,ORDER_TRACKING_DELAY
th_58767,58767,129378,"@AmazonHelp Hi, spoke to alyssia yday evening who guaranteed it would arrive today. Am I able to track it? The usual tracking page is just as the attached image https://t.co/LJTVLYBxKm",58769,@129378 Did she email you after the call? What exactly was advised? ^PK,Thu Nov 02 11:14:33 +0000 2017,True,INFORMATIVE_RESOLUTION,ORDER_TRACKING_DELAY
th_58770,58770,129378,"@AmazonHelp Yes she sent me an email which included the sentence ""Your parcel will go back out for delivery on the 2 November 2017"" (that was a direct copy and paste). So.... Can I track it please?",58771,@129378 We do not have access to the tracking info over Twitter. Please call or chat in using this link: https://t.co/JzP7hlA23B,Thu Nov 02 11:25:55 +0000 2017,True,INFORMATIVE_RESOLUTION,ORDER_TRACKING_DELAY
th_58772,58772,129378,@AmazonHelp Done. Still not arrived. Not expecting it to. How disappointing Amazon,58773,@129378 Hmm... Did you reach out to use to us using the link provided by the previous representative? ^MJ,Thu Nov 02 16:49:30 +0000 2017,True,INFORMATIVE_RESOLUTION,ORDER_TRACKING_DELAY
th_58774,58774,129378,@AmazonHelp Just now - yes. I sent a message. But shouldn't have to!!!,58775,"@129378 For the quickest assistance, we recommend phone or chat. Please keep us posted; we'd like to know this is taken care of! ^KL",Thu Nov 02 16:58:53 +0000 2017,True,INFORMATIVE_RESOLUTION,OTHER_GENERAL
th_59519,59519,129576,@AmazonHelp are you going to keep the availability to limited pincodes like flipkart? They have the device available to buy.,59521,"@129576 You'll be able to see the availability of that particular to your pincode once it is back in stock, Karan. ^HD",Wed Nov 01 21:02:58 +0000 2017,True,INFORMATIVE_RESOLUTION,PRODUCT_TECH_SUPPORT
th_59532,59532,129580,"@AmazonHelp local Amazon driver, not a mail carrier.",59534,"@129580 Our team would like to escalate this for you, Matt. Please provide us with your details here: https://t.co/GPjfIIa4u7 ^BE",Wed Nov 01 21:05:48 +0000 2017,True,INFORMATIVE_RESOLUTION,ORDER_TRACKING_DELAY
th_59536,59536,129581,@AmazonHelp I got it sorted. Thanks for the help.,59535,@129581 Anytime! We're here to help! ^HS,Wed Nov 01 20:47:56 +0000 2017,True,INFORMATIVE_RESOLUTION,OTHER_GENERAL
th_59540,59540,129582,@AmazonHelp @AmazonHelp no it just says it will be delivered today,59542,"@129582 If your order hasn't arrived by tomorrow at 21:00, please contact us here for available options: https://t.co/JzP7hlA23B ^LR",Wed Nov 01 20:53:54 +0000 2017,True,INFORMATIVE_RESOLUTION,ORDER_TRACKING_DELAY
th_59544,59544,129582,@AmazonHelp @AmazonHelp Still no sign of my item that should have arrived Wednesday....not impressed,59545,@129582 I'm sorry your order hasn't arrived. When you contacted us with the link provided yesterday what options did we provide? ^LR,Thu Nov 02 21:23:28 +0000 2017,True,INFORMATIVE_RESOLUTION,ORDER_TRACKING_DELAY
th_59546,59546,129582,@AmazonHelp To message the courier &amp; hope they pick it up tomorrow &amp; deliver (3 days late) &amp; a free month prime membership...which doesn't deliver item!,59547,"@129582 We understand the frustration, Laura. Were you able to contact the courier in order to reschedule a redelivery? ^JD",Thu Nov 02 21:36:16 +0000 2017,True,INFORMATIVE_RESOLUTION,PRIME_MEMBERSHIP_BILLING
th_59541,59541,129582,@AmazonHelp my prime parcel should have been delivered today and still no sign? Item was needed for a present but no show,59539,"@129582 I'm so sorry your parcel hasn't arrived, Laura! Have you received an updated delivery date? ^WJ",Wed Nov 01 20:47:18 +0000 2017,True,INFORMATIVE_RESOLUTION,PRIME_MEMBERSHIP_BILLING
th_59550,59550,129583,@AmazonHelp i just ordered this light and after i placed my order it changed my 2 day shipping to next monday ??? https://t.co/RvLY0Ro5Ga,59549,"@129583 (2/2) While we strive to ship items as quickly as possible, some orders may take extra time to process. ^WT",Wed Nov 01 20:39:21 +0000 2017,True,INFORMATIVE_RESOLUTION,ORDER_TRACKING_DELAY
th_59554,59554,129584,Hey @AmazonHelp I need some help with Drive. Nowhere to get help on the site? Thanks.,59552,@129584 We'd like to try to help in any way we can. Will you please tell us more about what's going on? ^CO,Wed Nov 01 20:46:54 +0000 2017,True,INFORMATIVE_RESOLUTION,OTHER_GENERAL
th_59558,59558,129586,@AmazonHelp thanks! I've just sent an email :),59560,"@129586 For the quickest assistance, we recommend phone or chat. Please keep us posted; we'd like to know this is taken care of! ^KL",Wed Nov 01 21:26:44 +0000 2017,True,INFORMATIVE_RESOLUTION,OTHER_GENERAL
th_59561,59561,129586,@AmazonHelp still no delivery or sign of refund. Absolute joke!,59562,"@129586 Have you received a reply to the message you sent yesterday? If so, what information were we able to provide? ^RA",Thu Nov 02 20:31:07 +0000 2017,True,INFORMATIVE_RESOLUTION,REFUND_RETURN_INQUIRY
th_59563,59563,129586,@AmazonHelp it's being investigated. I've tried to cancel and heard nothing else. Don't get how a gift card has taken this long! 😔,59564,@129586 I certainly understand! Were you given a time frame for when you're suppose to hear something again? ^HC,Thu Nov 02 20:49:28 +0000 2017,True,INFORMATIVE_RESOLUTION,REFUND_RETURN_INQUIRY
th_59576,59576,129590,@AmazonHelp Yes and if I would have known it wouldn’t be here today I wouldn’t have ordered,59574,@129590 We'd like to help! What's the current tracking and carrier shown here: https://t.co/Y5jpI9gRhE?  ^AG,Wed Nov 01 20:41:09 +0000 2017,True,INFORMATIVE_RESOLUTION,OTHER_GENERAL
th_59581,59581,129590,I expected something TODAY and now my delivery is for tomorrow by 8PM @AmazonHelp,59580,@129590 Oh no! Did we miss the delivery date given on the confirmation email when order was placed? ^BA,Wed Nov 01 19:27:02 +0000 2017,True,INFORMATIVE_RESOLUTION,ORDER_TRACKING_DELAY
th_59584,59584,129591,"@AmazonHelp So I logged on from another pc to ensure safety &amp; couldn't find this link, nor any way to communicate w ur customer svc.",59587,"@129591 To contact us from the website, Click Help at the top of the page. Once there, scroll down to Browse Help Topics. (1/2) ^DG",Thu Nov 02 04:13:43 +0000 2017,True,INFORMATIVE_RESOLUTION,OTHER_GENERAL
th_60234,60234,129772,@AmazonHelp I can't watch prime content on a AMAZON product but i can sideload kodi and watch anything for free 🤔🤔🤔 Are you people for real.,60235,@129772 You can see all compatible Amazon Video devices here: https://t.co/HyrAzF0NW9 ^AF,Thu Nov 02 17:43:24 +0000 2017,True,INFORMATIVE_RESOLUTION,PRIME_MEMBERSHIP_BILLING
th_60237,60237,129772,@AmazonHelp Cast to the firestick.So can you tell me how im suppose to watch content on the tv?,60238,@129772 When you attempt to play Amazon Video on your Fire Stick what happens? Are you getting an error message? ^VS,Thu Nov 02 17:56:13 +0000 2017,True,INFORMATIVE_RESOLUTION,PRODUCT_TECH_SUPPORT
th_60242,60242,129772,@AmazonHelp No im just seeing this on the firestick. I can play content on the mobile app but can no longer cast it to the firestick.,60243,@129772 I'm sorry. The video benefits included with an Amazon Prime membership are only available within the UK. ^WT,Thu Nov 02 19:55:56 +0000 2017,True,INFORMATIVE_RESOLUTION,PRODUCT_TECH_SUPPORT
th_60232,60232,129772,@115830 @@AmazonHelp @129773 just spent 40mins on sos to your agent and no closer am i to using a service you are charging me for,60230,"@129772 I'm sorry for the frustrating experience! Without providing personal information, what is the issue you are experiencing? ^TN",Wed Nov 01 21:01:54 +0000 2017,True,INFORMATIVE_RESOLUTION,OTHER_GENERAL
th_60265,60265,129776,@AmazonHelp New order which showed an expected delivery date of October 10th. Still no product. I could have ordered it elsewhere and had it by now.,60266,@129776 That's very strange! We'd like to take a closer look with you. Pls reach us via phone/chat here: https://t.co/JzP7hlA23B ^MT,Wed Nov 01 21:14:16 +0000 2017,True,INFORMATIVE_RESOLUTION,ORDER_TRACKING_DELAY
th_60264,60264,129776,"@AmazonHelp Hi, Delivery date keeps being pushed back on my order. I chose you over another company because I thought you were reliable 😞",60262,@129776 I'm sorry for this delay! Can you tell us what the delivery date was in the confirmation e-mail? https://t.co/58XPFzNGoE ^HS,Wed Nov 01 20:29:54 +0000 2017,True,INFORMATIVE_RESOLUTION,ORDER_TRACKING_DELAY
th_60269,60269,129777,@AmazonHelp Day 3....STILL NO DELIVERY! Anyone else think this is pathetic? #Retailfail #EpicFail #PoorExperience #AmazonFail @115830,60267,"@129777 I'm sorry we let you down. Have you called us to report the delivery issue? If so, what options did we provide? ^CO",Wed Nov 01 20:54:18 +0000 2017,True,INFORMATIVE_RESOLUTION,ORDER_TRACKING_DELAY
th_61033,61033,129967,@AmazonHelp Can you find out if I’m getting my parcel today please?,61036,@129967 What is the latest tracking scan? Have you reached out to the courier for an update on the current status or your parcel? ^AX,Thu Nov 02 11:25:35 +0000 2017,True,INFORMATIVE_RESOLUTION,ORDER_TRACKING_DELAY
th_61037,61037,129967,@AmazonHelp I don’t know who the courier is. It says it’s coming today but it said that yesterday and the day before,61038,"@129967 As we're unable to view your account via Twitter,pls contact here:https://t.co/JzP7hlA23B so we can look into this.^KM",Thu Nov 02 11:31:26 +0000 2017,True,INFORMATIVE_RESOLUTION,ORDER_TRACKING_DELAY
th_61035,61035,129967,"Cried for 2 hrs straight this evening ‘cause neither @122232 or @AmazonHelp could be bothered to deliver to me. So yes, I am still pregnant.",61031,@129967 I'm so sorry you didn't receive your package! Did we miss the date confirmed in the e-mail: https://t.co/AeITQOg79U? ^DG,Wed Nov 01 20:56:15 +0000 2017,True,INFORMATIVE_RESOLUTION,OTHER_GENERAL
th_61041,61041,129968,@AmazonHelp even when i screwed up and forgot to cancel before my cc was charged for an additional year? (effective date was monday),61043,"@129968 Yes, just click the link that was previously given to you. You will then be able to cancel your membership. ^AY",Wed Nov 01 21:24:14 +0000 2017,True,INFORMATIVE_RESOLUTION,PRIME_MEMBERSHIP_BILLING
th_62154,62154,130235,"@AmazonHelp Yep. Reset the bulb it can’t find, tried bulb in different lamp, reset WiFi, brought new bulb. Still only 2 of 3 found...",62156,@130235 Hi Jason! I'm sorry for the trouble. Please reach out to us here so we can trouble shoot together: https://t.co/hApLpMlfHN^MO,Wed Nov 01 21:52:30 +0000 2017,True,INFORMATIVE_RESOLUTION,PRODUCT_TECH_SUPPORT
th_62159,62159,130236,@AmazonHelp Tuesday but i got an email saying it was delivered on monday and ive asked everyone in my household but they all confirmed nothing came in,62157,"@130236 I'm sorry about the trouble with this! We'd like to help. Just to confirm, which Amazon marketplace did you order from? ^HC",Wed Nov 01 21:32:21 +0000 2017,True,INFORMATIVE_RESOLUTION,ORDER_TRACKING_DELAY
th_62183,62183,130241,"@AmazonHelp One agent says they'll do one thing, to then not, for someone else to say it's not possible",62185,"@130241 Oh no, Sam! Can you tell us more about what information you were provided by our agents? ^NS",Wed Nov 01 21:35:09 +0000 2017,True,INFORMATIVE_RESOLUTION,OTHER_GENERAL
th_62184,62184,130241,"@AmazonHelp your customer service is a joke, worst agents out there",62182,"@130241 I'm sorry for the poor experience! Without giving account/personal details, can you tell us what's going on? ^AC",Wed Nov 01 21:30:57 +0000 2017,True,INFORMATIVE_RESOLUTION,OTHER_GENERAL
th_62187,62187,130242,@AmazonHelp how do u do that?,62189,"@130242 To restart your device, please unplug it/plug it back in; this will reboot the system. More info: https://t.co/dVpLHbteFC ^BE",Wed Nov 01 21:35:28 +0000 2017,True,INFORMATIVE_RESOLUTION,OTHER_GENERAL
th_62190,62190,130242,@AmazonHelp Ive tried. I thought it fixed it but then the music stops playing again. What’s weird is that Spotify is still continuing as if sound was on,62191,@130242 Have you tried to uninstall/reinstall your application? You can also try the steps listed here: https://t.co/0r0U3xgsEE ^DD,Thu Nov 02 14:54:51 +0000 2017,True,INFORMATIVE_RESOLUTION,OTHER_GENERAL
th_62193,62193,130243,@AmazonHelp Usually they bring the boxes up no matter how big or small they are :(,62196,@130243 Thanks for letting us know! We'd like to take a closer look into this with you here: https://t.co/hApLpMlfHN ^QJ,Wed Nov 01 22:25:59 +0000 2017,True,INFORMATIVE_RESOLUTION,OTHER_GENERAL
th_62297,62297,130272,@AmazonHelp It has just arrived. This is not the first time something has been out for delivery all day only to be delivered the next day or very late.,62300,"@130272 Thanks for the update, Lynn! I'm glad to hear your delivery has arrived! ^SW",Sun Nov 26 01:13:32 +0000 2017,True,INFORMATIVE_RESOLUTION,ORDER_TRACKING_DELAY
th_62299,62299,130272,@AmazonHelp It’s now 8:03. I’ve yet to see the packages that were promised by 8. The gps tracking says there is one delivery before mine. I️ LIVE LESS THAN 10 MILES FROM THE WAREHOUSE. Can I️ just pick them up there next time,62296,@130272 I'm sorry for this delay. Most late orders arrive the following business day. Please keep us updated on the delivery. We want to ensure it arrives. ^RR,Sun Nov 26 01:05:12 +0000 2017,True,INFORMATIVE_RESOLUTION,ORDER_TRACKING_DELAY
th_62307,62307,130274,@AmazonHelp Within the last few minutes it has now changed to within the next 3 days. Pretty disappointing. Obviously someo5knew it wouldn't be on time well before the deadline. Should have notified me then. Could have made other plans/arrangements.,62309,@130274 I'm sorry for the disappointment. Please keep us updated on the delivery. ^RR,Sun Nov 26 01:21:07 +0000 2017,True,INFORMATIVE_RESOLUTION,OTHER_GENERAL
th_62367,62367,116917,@AmazonHelp Whatever the next step in your book of “how to” is I’ve already gone through it before when I ordered the EXACT. SAME. THING last time and it was lost.,62369,"@116917 We want to help! Please contact us here, so we can connect with Amazon Restaurants for further assistance: https://t.co/hApLpMlfHN ^SH",Sun Nov 26 01:17:10 +0000 2017,True,INFORMATIVE_RESOLUTION,OTHER_GENERAL
th_62370,62370,116917,@AmazonHelp Amazon Restaurants? This has nothing to do w/ Amazon Restaurants. This has to do w/ your carrier service failing miserably TWICE.,62371,"@116917 Sorry about that. The link ^SH posted is to contact us, at https://t.co/nUUp5MLhYl to look into available options for the late orders. ^EP",Sun Nov 26 01:21:44 +0000 2017,True,INFORMATIVE_RESOLUTION,ORDER_TRACKING_DELAY
th_62374,62374,130291,@AmazonHelp Customer service helped me. Thank you.,62373,@130291 Excellent! I'm so glad to hear we were able to resolve the issue for you. Thanks for letting us know! ^JN,Sun Nov 26 01:01:56 +0000 2017,True,INFORMATIVE_RESOLUTION,OTHER_GENERAL
th_62376,62376,130291,@AmazonHelp I need to change the address delivery of a package,62375,@130291 Hello! We want to help. Has the order you need a delivery address changed with already shipped out? You can check that here: https://t.co/Y5jpI9gRhE ^RM,Sun Nov 26 00:00:01 +0000 2017,True,INFORMATIVE_RESOLUTION,ORDER_TRACKING_DELAY
th_62378,62378,117946,@AmazonHelp you will in 30 minutes.But that's irrelevant.It's showing that it shipped ground. That should be enough to reship.But no.,62380,@117946 I'm sorry for any trouble! We don't have access to your account via Twitter. We'd like to help if we can. Please reach out to us here: https://t.co/hApLpMlfHN ^MO,Sun Nov 26 01:31:17 +0000 2017,True,INFORMATIVE_RESOLUTION,ORDER_TRACKING_DELAY
th_62379,62379,117946,"@AmazonHelp next day was shipped ground, and you refuse to reship",62377,@117946 I can certainly understand your frustration. Have we missed the guaranteed delivery date shown here: https://t.co/Y5jpI9gRhE? ^DW,Sun Nov 26 00:57:09 +0000 2017,True,INFORMATIVE_RESOLUTION,ORDER_TRACKING_DELAY
th_62384,62384,117946,@AmazonHelp you guys seriously need to get customer service reps w/ some semblance of common sense.You royally screwed up my order!@115821,62383,"@117946 Oh no, I'm so sorry to hear about this! Without providing any personal or account details, can you tell us more about what's going on? ^NS",Sat Nov 25 23:41:34 +0000 2017,True,INFORMATIVE_RESOLUTION,ORDER_TRACKING_DELAY
th_62391,62391,130295,@AmazonHelp ordered last Tuesday still not here and cust svc has NO IDEA WHERE IT IS!,62390,"@130295 Hello Lori, we've responded to your DM. ^AM",Sun Nov 26 00:56:18 +0000 2017,False,PURE_DM_REQUEST_NO_GUIDANCE,OTHER_GENERAL
th_63120,63120,130469,@AmazonHelp My feedback is simple: items should be packed so as to not move during shipping,63121,@130469 Thank you for letting us know. You can submit packaging feedback via e-mail here: https://t.co/hApLpMlfHN ^EB,Wed Nov 01 22:02:49 +0000 2017,True,INFORMATIVE_RESOLUTION,OTHER_GENERAL
th_63118,63118,130469,"@115817 @UPSHelp And @115821 @AmazonHelp you're not off the hook, what is this garbage? Great packing job https://t.co/PLaxNEKRql",63116,@130469 We're always looking to improve! Please submit your packaging feedback here: https://t.co/WhUtVyWlyi ^TN,Wed Nov 01 21:40:30 +0000 2017,True,INFORMATIVE_RESOLUTION,OTHER_GENERAL
th_63131,63131,130473,@AmazonHelp @115821 @AmazonHelp @120319 @734 @3544 @130474 @120320 @115851... I did respond back to... Thanks,63133,@130473 Please reply to the email sent by us for further queries and we'll assist you accordingly. ^NR,Wed Nov 01 21:56:17 +0000 2017,True,INFORMATIVE_RESOLUTION,OTHER_GENERAL
th_63132,63132,130473,@115821 @AmazonHelp @120319 @734 @3544 @130474 @120320 @115851. No repsonse from amazon yet. Pathetic services,63130,@130473 We've responded to your query via DM. Please check. ^HD,Wed Nov 01 21:51:22 +0000 2017,False,PURE_DM_REQUEST_NO_GUIDANCE,OTHER_GENERAL
th_63138,63138,130475,@AmazonHelp just received the munchkin nursery projector and sound system and the volume does not work.,63137,@130475 Sorry the volume isn't working on your item. You can view your return/replacement options here: https://t.co/NmoVpaD9K0 ^EB,Wed Nov 01 21:42:39 +0000 2017,True,INFORMATIVE_RESOLUTION,OTHER_GENERAL
th_63140,63140,130476,@AmazonHelp A vendor. Is there an account that can assist?,63142,"@130476 We're unable to access vendor details via Twitter, but we'd like to help. Please reach us here: https://t.co/ZqtPdOyKO5 ^NS",Wed Nov 01 21:55:07 +0000 2017,True,INFORMATIVE_RESOLUTION,OTHER_GENERAL
th_63141,63141,130476,Is there a twitter account for help as supplier to @115830 @AmazonHelp? In stock items suddenly not showing as buyable from Amazon direct,63139,"@130476 To clarify, are you a vendor, or looking to purchase an item? If the latter, would you mind linking us to the item? ^LL",Wed Nov 01 21:24:14 +0000 2017,True,INFORMATIVE_RESOLUTION,OTHER_GENERAL
th_63144,63144,124288,@AmazonHelp Have u been able to ckarify anything? I still cannot purchase anything......😢,63146,@124288 We are currently looking into this and will follow up as soon as we have more information. Thank you for your patience! ^MT,Thu Nov 02 20:19:04 +0000 2017,True,INFORMATIVE_RESOLUTION,OTHER_GENERAL
th_63155,63155,130480,"@AmazonHelp Whoever is in charge of responding, i am certain he is not superman. Still waiting for a response.",63157,@130480 I'm sorry for the wait. Please let us know if you haven't heard from the seller in two business days. ^SE,Wed Nov 01 21:49:41 +0000 2017,True,INFORMATIVE_RESOLUTION,OTHER_GENERAL
th_63156,63156,130480,First time i've ordered something from @AmazonHelp and it has not arrived. Eagerly waiting for the seller to refund...,63153,@130480 I'm sorry! Have you received an email confirming the refund?  ^AG,Wed Nov 01 21:45:36 +0000 2017,True,INFORMATIVE_RESOLUTION,REFUND_RETURN_INQUIRY
th_63810,63810,130666,@AmazonHelp Cant reply to ur emails as these are aotomatic mails. And this is the only way to contact and where i getting proper reply.,63812,@130666 You would be sent all the updates on the correspondence so we would request you to check and respond when needed and help the team to get this resolved at the earliest. ^KK,Thu Nov 30 08:29:15 +0000 2017,True,INFORMATIVE_RESOLUTION,OTHER_GENERAL
th_63815,63815,130666,@AmazonHelp I am waiting to your mail.,63816,"@130666 We are working on it, we will get back to you with an update soon. ^AH",Thu Nov 30 09:29:12 +0000 2017,True,INFORMATIVE_RESOLUTION,OTHER_GENERAL
th_63811,63811,130666,"@115821 @AmazonHelp Thankyou very much sir, for ur concern about my problem. As you mailed me for my account details i linked it with my account. Please have a look and talk to ur investigation and bank team to make my refund process fast.",63809,"@130666 The issue is being looked into, I would request you to keep a check on your e-mails and respond to the correspondence when needed. ^KK",Thu Nov 30 08:14:58 +0000 2017,True,INFORMATIVE_RESOLUTION,REFUND_RETURN_INQUIRY
th_63820,63820,130667,@AmazonHelp i am still waiting for a solution for this pathetic frauddidnt got any call,63822,"@130667 I understand your concern regarding the order you've received. However, as informed earlier please be assured that we'll get in touch with you at the earliest. ^BV",Thu Nov 30 10:31:20 +0000 2017,True,INFORMATIVE_RESOLUTION,OTHER_GENERAL
th_63821,63821,130667,@130668 @115850 @AmazonHelp @3645 i am still waiting for their call now,63818,@130667 Thank you for confirming. We would check and connect with you at the earliest. ^KK,Thu Nov 30 08:12:30 +0000 2017,True,INFORMATIVE_RESOLUTION,OTHER_GENERAL
th_63849,63849,130670,"@AmazonHelp Not perfect, but I would say it was a storage/warehouse issue. We have other items ordered. I'm in most times. I hope the same thing doesn't happen again, especially if the weather is bad.",63846,@130670 I can understand that. Please do make us aware if this issue occurs again. You can also assign a safe place in the future by using this link:https://t.co/c8B1UXYRp8 ^CR,Thu Nov 30 08:17:28 +0000 2017,True,INFORMATIVE_RESOLUTION,OTHER_GENERAL
th_63853,63853,130670,@AmazonHelp Just get your delivery team to try attracting customers attention by door bell or knocking. I was in. Package found behind a bin. Only found as it was bin day here!Had it been raining the items would have been soaked.,63852,@130670 Sorry to hear this. Who was the carrier that delivered your order? Were there any issues with the items in your order?^ES,Thu Nov 30 07:57:49 +0000 2017,True,INFORMATIVE_RESOLUTION,ORDER_TRACKING_DELAY
th_63860,63860,130673,@AmazonHelp It can't be more than the total billing amt which has been finalised while placing the order right? https://t.co/p0nNRIEgmr,63859,"@130673 Please don't provide your order details, we consider it to be personal information. Our page is visible to the public. ^HR",Thu Nov 30 07:53:59 +0000 2017,True,INFORMATIVE_RESOLUTION,PRIME_MEMBERSHIP_BILLING
th_63865,63865,130674,"@AmazonHelp ""From Amazon Shipping at Wednesday, 29 November.Delay in delivery due to external factors"" External factor being courier I guess.",63867,@130674 Thanks for checking for us. Seems the delay is with the carrier. Please keep us posted on this today and let us know when your order arrives. Thank you. ^NV,Thu Nov 30 08:43:56 +0000 2017,True,INFORMATIVE_RESOLUTION,ORDER_TRACKING_DELAY
th_63866,63866,130674,"@AmazonHelp It might be delivered today, same the previous two days. In over 10 years of buying from you this has never happened. Doesn't look good coming up to Christmas",63864,"@130674 I am sorry to hear this. Can I ask, have you been updated via email as to why this order has been delayed? Please check your spam/junk folder because our emails may have been directed there.^GA",Thu Nov 30 08:21:08 +0000 2017,True,INFORMATIVE_RESOLUTION,ORDER_TRACKING_DELAY
th_63869,63869,130674,@AmazonHelp Tuesday. Has been out twice for delivery. 1 is unlucky 2 is careless,63868,@130674 Have there been any further updates on the tracking for your order?^PJ,Thu Nov 30 08:06:47 +0000 2017,True,INFORMATIVE_RESOLUTION,ORDER_TRACKING_DELAY
th_63876,63876,130675,"@AmazonHelp Aye I know.... you need to keep the stock available for impulse buyers while it is on ""Deal"" Price.",63877,@130675 Thanks for your patience with this matter once again. ^CR,Thu Nov 30 08:44:52 +0000 2017,True,INFORMATIVE_RESOLUTION,OTHER_GENERAL
th_63879,63879,130675,"@AmazonHelp @Tesco But I can not cancel the order,  you can not deliver the order on time (you have had 7 days to dispatch it) and you can not tell me when it will arrive. ....What exactly do I commit to £3k spending and a £79 a year membership for?",63880,@130675 Have you received a dispatch email yet Darren? ^MI,Thu Nov 30 09:01:53 +0000 2017,True,INFORMATIVE_RESOLUTION,PRIME_MEMBERSHIP_BILLING
th_63881,63881,130675,"@AmazonHelp No... I received multiple emails saying this, for multiple items.There is no estimate for the length of delay.Your online agents can see no estimate for the length of delay, no dispatch notes, no notes at all.There is nothing on 'Your Orders' at all. https://t.co/wHOE2o3a0u",63882,@130675 Thanks for providing this further information. We will inform you as soon as we have updated information for the delivery of the order.^PJ,Thu Nov 30 09:14:50 +0000 2017,True,INFORMATIVE_RESOLUTION,ORDER_TRACKING_DELAY
th_63874,63874,130675,@AmazonHelp But no-one can give me a revised delivery date.... that is all I wanted to know!,63872,@130675 Did we inform if the item was out of stock?^PJ,Thu Nov 30 08:14:32 +0000 2017,True,INFORMATIVE_RESOLUTION,ORDER_TRACKING_DELAY
th_63884,63884,130675,"@AmazonHelp 'Wait' - and if I don't see any progress in a few days then to source from elsewhere. That is great because obviously under Subscribe and Save I will not be able to cancel the order anyway!It 'might' get to me tomorrow, which is the date it has been due all month. https://t.co/36m8QJxx1Z",63883,@130675 Sorry to hear your order is delayed. If you have not received your order by the revised delivery date please let us know.^ES,Thu Nov 30 08:02:32 +0000 2017,True,INFORMATIVE_RESOLUTION,REFUND_RETURN_INQUIRY
th_63888,63888,130675,@AmazonHelp I just got an email saying delayed. The new 'order status' screen is worse than useless.,63887,@130675 I'm sorry for the difficulties. I know delivery issues can be frustrating and we want to help! Please call or chat in so we can take a look at this together here: https://t.co/JzP7hlA23B ^SG,Wed Nov 29 22:02:16 +0000 2017,True,INFORMATIVE_RESOLUTION,ORDER_TRACKING_DELAY
th_63895,63895,130677,@AmazonHelp Says rescheduled when it wasn't. I just updated a safe place as my hour window was not met on Monday. Now it's nowhere to be seen. Even @122232 said delivery for yesterday and nothing. https://t.co/yahZHLp8jq,63893,"@130677 Hi Danny. Can you contact us directly regarding this via the below link, we can look into this further for you.  https://t.co/JzP7hlA23B Thank you. ^NV",Thu Nov 30 08:19:31 +0000 2017,True,INFORMATIVE_RESOLUTION,ORDER_TRACKING_DELAY
th_63897,63897,130677,"@AmazonHelp Tracking is wrong.Got hourly window, didn't arrive.Put request on website to leave in safe place that day but apparently 'attempts delivery' and no one was in AND left invisible calling card.Doesn't arrive TuesdaySays on @122232 dpdarriving Wednesday 29thStill not here",63896,@130677 I'm sorry to hear about the delay and that your safe place was not followed. Unfortunately if you only added the safe place on the day of the attempt it may not have updated to the carrier in time. I know its wrong but what does the tracking on your order say? ^MI,Thu Nov 30 07:46:31 +0000 2017,True,INFORMATIVE_RESOLUTION,ORDER_TRACKING_DELAY
th_63899,63899,130677,@122232 @AmazonHelp @115830 my parcel hasn't arrived even though DPD say it will be delivered yesterday... driver has clearly made a mistake and doesn't read requests to leave it either. Monday it was due. Nothing since.,63898,@130677 Oh no! Sorry to hear this. What is the current status on your tracking? You can find this here: https://t.co/aaDyEz1VgE ^ES,Thu Nov 30 07:12:45 +0000 2017,True,INFORMATIVE_RESOLUTION,ORDER_TRACKING_DELAY
th_63903,63903,130678,"@AmazonHelp hi amazon, apparently a package has been delivered when it hasn’t, how do I report it?",63902,@130678 I'm sorry it hasn't arrived! I recommend these tips first: https://t.co/MKKStH3Vov ^SJ,Wed Nov 29 18:27:47 +0000 2017,True,INFORMATIVE_RESOLUTION,ORDER_TRACKING_DELAY
th_63905,63905,130679,@AmazonHelp I reinstalled it &amp; it's working fine. But how did it happen in the first place?,63907,"@130679 Due to the internal technical glitches, we may encounter with such errors. But they are rectified soon. I'm glad that the application is working fine for you now. ^HS",Thu Nov 30 11:08:14 +0000 2017,True,INFORMATIVE_RESOLUTION,OTHER_GENERAL
th_63927,63927,130685,@AmazonHelp I've sent an email. Briefly my issue is that there's no provision on the ID check email to alert you that it wasn't requested.,63926,@130685 Thanks for flagging this Richard. We will be in touch directly via email with you on this. ^NV,Thu Nov 30 08:17:39 +0000 2017,True,INFORMATIVE_RESOLUTION,OTHER_GENERAL
th_63935,63935,130667,@AmazonHelp i am ok with the information have filled the formplease call asap now and solve this matter,63933,@130667 Thanks for the update. Our teams will reach out to you soon. ^VM,Thu Nov 30 08:07:24 +0000 2017,True,INFORMATIVE_RESOLUTION,OTHER_GENERAL
th_63938,63938,130667,"@AmazonHelp filled the form and got this message Your message has been sent. We will contact you within 12 business hours, 7 days a week 10:00 to 19:00 IST.12 days you need to solve this issuewhat the hell it is team",63936,@130667 Please confirm if you have provided the details shared earlier by 'SC' and we'll look into your concern at the earliest. ^SF,Thu Nov 30 08:05:34 +0000 2017,True,INFORMATIVE_RESOLUTION,OTHER_GENERAL
th_63950,63950,130690,@AmazonHelp Honestly your going with that 😂😂😂😂,63951,@130690 If there isn't an update there then please reach out to us directly so that we can look into this for your. You can do this by clicking on the following link:  https://t.co/JzP7hlA23B ^KI,Thu Nov 30 09:06:03 +0000 2017,True,INFORMATIVE_RESOLUTION,OTHER_GENERAL
th_63952,63952,130690,@AmazonHelp I have done TWICE palmed off once no reply other,63953,"@130690 I'm sorry about the poor experience. As the refund was processed for you the investigation with the carrier would have been internal, you may not receive any update from that. If you contact us at the link provided we can check if any info was provided. ^MI",Thu Nov 30 09:10:43 +0000 2017,True,INFORMATIVE_RESOLUTION,OTHER_GENERAL
th_63954,63954,130690,@AmazonHelp I’ve done that too but still await a reply,63955,@130690 we will not disclose the outcome of any internal investigation. -Sami,Thu Nov 30 09:32:21 +0000 2017,True,INFORMATIVE_RESOLUTION,OTHER_GENERAL
th_63959,63959,130691,@AmazonHelp That’s the customer care link itself which hasn’t helped at all. I was told that it would be delivered within two hours and it’s been more than 18 now.,63957,"@130691 I’m sorry about this experience with your order delivery. I’d like to assist you, please fill this form: https://t.co/beaaDm0muc and I’ll contact you at the earliest ^RW",Thu Nov 30 08:05:00 +0000 2017,True,INFORMATIVE_RESOLUTION,ORDER_TRACKING_DELAY
th_63964,63964,130692,@AmazonHelp I forgot to mention that all 3 packages were from the same purchase order so I fail to see how any of these would apply since I’ve received 2/3 already.,63962,"@130692 Hi Efrain, as the items from the same order were shipped separately it could have been delayed due a number of reasons. What does the current tracking info say? You can find the tracking info here:  https://t.co/Y5jpI9gRhE. ^MI",Thu Nov 30 08:11:22 +0000 2017,True,INFORMATIVE_RESOLUTION,ORDER_TRACKING_DELAY
th_63966,63966,130692,"@AmazonHelp 3 packages, one arrived a day early, other arrived on time, last one appeared to be “on track” but then I was updated saying that it was brought back to UPS warehouse which makes no sense since they had it out for delivery.",63965,@130692 Hi Efrain! There are many reasons why a carrier would return a parcel. You can find info here: https://t.co/uIAHM0EXnw.^CN,Thu Nov 30 08:01:04 +0000 2017,True,INFORMATIVE_RESOLUTION,ORDER_TRACKING_DELAY
th_63984,63984,130696,@AmazonHelp @115850 What about the form I filled earlier? What was that for? I was asked to wait for 2 more days after that. GIVE ME MY MONEY. #AmazonFails #AmazonFraud #AmazonPay @115851,63982,"@130696 I understand your concern regarding the refund of your order, Ritesh. It seems like we haven't received your details earlier. Kindly share your details on the link provided earlier and get back to you soon with an appropriate resolution. ^SY",Thu Nov 30 07:57:44 +0000 2017,True,INFORMATIVE_RESOLUTION,OTHER_GENERAL
th_63988,63988,130696,"@AmazonHelp @115850 cant fill the form again. Let me know what details are required, i will send it out to you. #AmazonFails #AmazonFraud @115851 #AmazonPay",63985,@130696 We will not be able to offer any insight till we receive the details via form offered earlier. Appreciate your understanding. ^RW,Thu Nov 30 07:34:07 +0000 2017,True,INFORMATIVE_RESOLUTION,OTHER_GENERAL
th_63994,63994,130696,@AmazonHelp @115850 I gave the 48 hours you guys asked. Money is still not reflecting in my account. Is has been more than 2 weeks now. WHERE IS MY MONEY? GIVE MY MY MONEY. #AmazonFails @115851 #AmazonFraud #AmazonPay #AmazonPayQuiz,63990,"@130696 Apologies for the delay with the addition of Pay Balance, Ritesh. I checked your details but I'm unable to find the form shared by you. In that case, kindly refill your details which was provided here: https://t.co/5KshMDoJNq and we'll get this sorted for you. ^PB",Thu Nov 30 06:01:34 +0000 2017,True,INFORMATIVE_RESOLUTION,OTHER_GENERAL
th_63996,63996,130696,@AmazonHelp @115850  yes i have provided the details on link provided #amazonfails,63995,@130696 Thanks for the confirmation. Once the details are shared our team will reach out to you through an email within 12 hours. Request you to check the correspondence and reply to it for further assistance. ^PR,Sun Nov 26 16:39:44 +0000 2017,True,INFORMATIVE_RESOLUTION,OTHER_GENERAL
th_64000,64000,130696,"@AmazonHelp @115850 It's not helping. Cust Care every time send a canned response, not even care to understand prob after more than 6-7 interactions. How much wait more? Already over 10 days. Its my cash. GIVE ME MY MONEY' #amazonfraud @115851",63999,@130696 We're sorry that your issue isn't resolved yet. Please share your details here: https://t.co/beaaDm0muc. We'll contact you soon. ^JS,Sun Nov 26 08:55:45 +0000 2017,True,INFORMATIVE_RESOLUTION,OTHER_GENERAL
th_64006,64006,130697,"@AmazonHelp I ordered it from Australia but with amazon.in, my family contacted them they didn't get positive reply.Same address has been used on previous order",64008,"@130697 I get your concern. We'd like to take a closer look into this issue, kindly fill in your details here: https://t.co/beaaDm0muc and we’ll contact you soon. ^MN",Thu Nov 30 16:48:17 +0000 2017,True,INFORMATIVE_RESOLUTION,ORDER_TRACKING_DELAY
th_64007,64007,130697,@AmazonHelp Thanks for your kind support. Item reached the destination,64011,@130697 You're most welcome. We're glad to know that the package was rightly delivered. Appreciate your cooperation while we worked on this for you. ^EM,Fri Dec 01 09:40:48 +0000 2017,True,INFORMATIVE_RESOLUTION,OTHER_GENERAL
th_64013,64013,130698,@115850 I have put my quesries to @AmazonHelp  but dint get any response. You seem very responsive so can you please reply on the same.@115851,64012,@130698 I understand that you are not satisfied with the support team. Please provide your details here: https://t.co/beaaDm0muc &amp; we'll look into your concern. ^SF,Thu Nov 30 08:03:23 +0000 2017,True,INFORMATIVE_RESOLUTION,OTHER_GENERAL
th_64030,64030,130702,@AmazonHelp So you want me to contact the same@customer@service that has got me wanting to never do business with you again. How do you think that’s going to go?,64027,"@130702 Hi, we would not have access to your account/order details via Twitter. We would have to ask that you use the link provided so we may attempt to get this looked after as soon as possible. Once again, apologies for the inconvenience caused. ^CR",Thu Nov 30 08:11:14 +0000 2017,True,INFORMATIVE_RESOLUTION,OTHER_GENERAL
th_64032,64032,130702,@AmazonHelp Up until now I had been a great advocate for your company. Now I don’t want to have anything to do with you. And I was always told that your support was top notch.,64031,@130702 I am sorry to hear this Peter. Can you please reach out to us using the following link so we can take action on this for you:https://t.co/JzP7hlA23B.^GA,Thu Nov 30 08:01:07 +0000 2017,True,INFORMATIVE_RESOLUTION,OTHER_GENERAL
th_64039,64039,130704,"@AmazonHelp Yes, but I also received a new (incorrect) delivery date on Monday. I spent a few hours on the phone with UPS today, maybe tomorrow will be different.I'm not concerned with the delay itself, I am with the inaccuracy. Don't call it an guarantee if it's gonna take 2x as long.",64041,@130704 Thanks for keeping us informed. Please keep us posted about the delivery tomorrow and let us know if there are any further issues.^PJ,Thu Nov 30 08:23:52 +0000 2017,True,INFORMATIVE_RESOLUTION,ORDER_TRACKING_DELAY
th_64042,64042,130704,"@AmazonHelp I just got an email with a new delivery date of Friday.  This is unacceptable.  I've gone days without a bed because of this, and I have no reason to believe it won't be pushed to Saturday and beyond.",64043,"@130704 I am very sorry to hear this Barry. Can I ask, have you been given a reason as to why this order is delayed please?",Thu Nov 30 08:54:24 +0000 2017,True,INFORMATIVE_RESOLUTION,ORDER_TRACKING_DELAY
th_64044,64044,130704,@AmazonHelp I was not told any reason by UPS.,64045,@130704 Have you been contacted by us via email with a reason for the delay?^TI,Thu Nov 30 09:01:24 +0000 2017,True,INFORMATIVE_RESOLUTION,OTHER_GENERAL
th_64046,64046,130704,"@AmazonHelp No.  I spent an hour waiting on hold with UPS today, and they told me they'd make sure it got out tomorrow. But just now I got an email saying Friday.",64047,"@130704 I am very sorry to hear this Barry. Can I ask, who is the seller of this item please? You can find this info here: https://t.co/Y5jpI9gRhE.^GA",Thu Nov 30 09:10:39 +0000 2017,True,INFORMATIVE_RESOLUTION,OTHER_GENERAL
th_64040,64040,130704,"@AmazonHelp Thank you for providing that information, it is very helpful. The problem is ""Free Delivery"" with Prime is less of a perk when the recourse is a refunded shipping fee.I literally don't have a place to sleep because I expected to receive this mattress by the ""guaranteed"" date.",64038,"@130704 Apologies for the delay, Barry.  Some deliveries may take slightly longer than usual due to this busy period, we appreciate your patience. Did you receive a new delivery date?^CN",Thu Nov 30 08:11:46 +0000 2017,True,INFORMATIVE_RESOLUTION,PRIME_MEMBERSHIP_BILLING
th_64052,64052,130704,"@AmazonHelp So, you can’t tell me what Amazon means by “guaranteed” either? Is there a document you can point me to which clarifies? Not being sarcastic. Actually trying to understand what this means so I can make informed decisions for potential future purchases.",64051,"@130704 I'm sorry for the trouble! Our goal is to always meet the Delivery Guarantee provided at checkout. If it's missed, we'll refund the shipping costs. You can learn more here: https://t.co/iDo3lP9Y20 ^JM",Wed Nov 29 22:45:07 +0000 2017,True,INFORMATIVE_RESOLUTION,OTHER_GENERAL
th_64054,64054,130704,"@AmazonHelp I’m already working with CS, but I’ve asked what the “guaranteed” part means and haven’t gotten an answer. It has left me with no mattress for 2 days.",64053,@130704 Thank you very much for keeping us posted and thanks for reaching out to us. ^CO,Wed Nov 29 22:31:48 +0000 2017,True,INFORMATIVE_RESOLUTION,OTHER_GENERAL
th_64062,64062,130706,@AmazonHelp They told me to wait 5 business days to investigate and another 5 days for the refund..what a joke..wasted so much of my time and energy...atleast i should get some compensation,64061,"@130706 Sorry for the stretch in investigating your concern. We do not have any compensation policy, but I shall forward this as a feedback to the concerned teams for review to make sure this isn't repeated. Appreciate your understanding. ^HR",Thu Nov 30 07:49:01 +0000 2017,True,INFORMATIVE_RESOLUTION,REFUND_RETURN_INQUIRY
th_64067,64067,130707,@AmazonHelp Right. I’ve been through this over and over again via chat and phone customer service agents. Nothing changes and I never have my actual issue solved; which is how Amazon handles problems. That support system isn’t designed to help beyond apologizing and issuing credits.,64065,"@130707 I am sorry to hear this Wes. Without giving us sensive account info, please explain the issue to us so we can assist you further.^GA",Thu Nov 30 08:12:44 +0000 2017,True,INFORMATIVE_RESOLUTION,OTHER_GENERAL
th_64070,64070,130707,@AmazonHelp It’s a looooong story. It just feels like Amazon could be doing simpler things to help Prime members but instead offers things that just add to the frustration. My specific issue tonight won’t fit in 280 characters. If you want to DM or call me I’d love to discuss.,64069,@130707 Hi Wes. You can get in touch with us and voice your concerns via this link: https://t.co/hApLpMlfHN. ^DC,Thu Nov 30 07:56:59 +0000 2017,True,INFORMATIVE_RESOLUTION,PRIME_MEMBERSHIP_BILLING
th_64072,64072,130707,"@AmazonHelp @115821 your customer service agents try but can’t solve real problems. I have regular issues with Amazon and no one ever does anything different. As a long time prime member, I don’t feel valued at all nor do I get “prime” service. Want someone higher up to hear me.",64071,@130707 Sorry to hear that. Without giving out personal info please let us know what happened? ^RS,Thu Nov 30 07:49:32 +0000 2017,True,INFORMATIVE_RESOLUTION,PRIME_MEMBERSHIP_BILLING
th_63993,63993,130696,@AmazonHelp @115850 Still waiting for response. WHAT INFO YOU NEED TO PROCEED? I will not fill the form again. WHERE IS MY MONEY? GIVE ME MY MONEY. #AmazonFails #AmazonFraud #AmazonPay @115851,64073,@130696 here https://t.co/TxK11znixD the support team would check and do the needful. 2/2 ^KK,Thu Nov 30 07:55:34 +0000 2017,True,INFORMATIVE_RESOLUTION,OTHER_GENERAL
th_64090,64090,130714,"@AmazonHelp No, nothing has gone in there either. Who can help then?",64089,@130714 Please get in touch with us here: https://t.co/zYVX1Qi29G We'll be glad to help!^CN,Thu Nov 30 08:10:19 +0000 2017,True,INFORMATIVE_RESOLUTION,OTHER_GENERAL
th_64092,64092,130714,"@AmazonHelp Not that I can find, but the payment is taken from my account? Can I DM you my email address?",64091,"@130714 We cannot check accounts here, Sam. Can I ask has our emails been directed to your spam/junk folder please?^GA",Thu Nov 30 08:06:06 +0000 2017,True,INFORMATIVE_RESOLUTION,OTHER_GENERAL
th_64094,64094,130714,"@AmazonHelp I'm not sure, but I placed an order through prime &amp; confirmed my address for prime?",64093,"@130714 Sorry to hear that, were you sent any order emails? Or would you have any other email address? ^AS",Thu Nov 30 07:49:12 +0000 2017,True,INFORMATIVE_RESOLUTION,PRIME_MEMBERSHIP_BILLING
th_64098,64098,130715,@AmazonHelp Are you blind . I have already given order details in my tweet to which you have replied..@115821 @115850,64097,"@130715 Owing to your account security reasons we would not be able to check your details here as Twitter is a social media platform and is visible to public. Hence, I would request you to share the details on the secured link, we would investigate and connect shortly. ^KK",Thu Nov 30 07:51:53 +0000 2017,True,INFORMATIVE_RESOLUTION,ORDER_TRACKING_DELAY
th_64100,64100,130715,@115850 @AmazonHelp Dear Cheats will you care to update about the below order status.. Your Amazon.in Order # 403-0745487-1392338.. I am getting no response from your end and I have already made payment from my end.. Stuck .. Not done..,64099,"@130715 I'm sorry you've not received your order. We certainly did not expect this to happen. I'd like to assist you with this. Please provide your details here: https://t.co/cllwXc2HeK. I'll look into it right away.Please don't provide your order details, 1/2^AR",Thu Nov 30 07:06:48 +0000 2017,True,INFORMATIVE_RESOLUTION,ORDER_TRACKING_DELAY
th_64105,64105,130716,"@AmazonHelp Morning, still no sign of my package",64104,@130716 Sorry to hear this. Can you contact us here:  https://t.co/JzP7hlA23B so we can take a look at what options we have? ^MI,Thu Nov 30 07:59:35 +0000 2017,True,INFORMATIVE_RESOLUTION,ORDER_TRACKING_DELAY
th_64109,64109,130716,"@AmazonHelp I just rang customer services and was told to wait 48 hours, you see my frustration??",64108,"@130716 Hi Laura, I know its frustrating but this could just be a mis-scan. That's why we ask you to wait a little longer as there is a good chance this will still turn up within the next 48 hours. If not we will take full responsibility and replace or refund for you. ^KK",Tue Nov 28 11:15:24 +0000 2017,True,INFORMATIVE_RESOLUTION,OTHER_GENERAL
th_64111,64111,130716,@AmazonHelp I had a message saying it was through my letterbox,64110,@130716 Oh no! That is not good! Let's look into this in real time. Please call or chat with us here: https://t.co/9CEufyI5mq. ^BA,Tue Nov 28 11:11:26 +0000 2017,True,INFORMATIVE_RESOLUTION,OTHER_GENERAL
th_64117,64117,130717,@AmazonHelp I ordered 3 books approx £8 each. They were a gift but the person already has 2 of them so I want to send them back and as far as I can see that's going to cost me £3.99 return fee per book!!!,64115,"@130717 As the reason for your return is not an Amazon error, means we would not cover the cost for the return. You can find more info here at the end of this help page:https://t.co/dezwduZ03f.^GA",Thu Nov 30 08:07:18 +0000 2017,True,INFORMATIVE_RESOLUTION,PRIME_MEMBERSHIP_BILLING
th_64119,64119,130717,@AmazonHelp since when did you start charging return postage??,64118,@130717 Hi Sarah! What was the reason for return?^CN,Thu Nov 30 08:02:11 +0000 2017,True,INFORMATIVE_RESOLUTION,REFUND_RETURN_INQUIRY
th_64127,64127,130719,@AmazonHelp No updates yet it this your customer satisfaction service,64129,@130719 I'm sorry to hear you still haven't received any update from our team. Could you please confirm if you've dropped in your details using the link provided above? ^AM,Fri Dec 01 15:26:40 +0000 2017,True,INFORMATIVE_RESOLUTION,OTHER_GENERAL
th_64130,64130,130719,@AmazonHelp Yes I have already dropped the details,64131,"@130719 If you have shared your details with us, you should find our response here : https://t.co/DTSNmGldJf. Do keep us posted. ^CB",Fri Dec 01 15:55:36 +0000 2017,True,INFORMATIVE_RESOLUTION,OTHER_GENERAL
th_64137,64137,130721,@AmazonHelp Yup and we're about 3 days late,64139,"@130721 Just for the clarification, could you please confirm whether the order has been placed in Amazon.in or https://t.co/nUUp5MLhYl? ^MD",Thu Nov 30 12:31:17 +0000 2017,True,INFORMATIVE_RESOLUTION,ORDER_TRACKING_DELAY
th_64141,64141,130722,@123644 @115821 @115850 @AmazonHelp @1404 I need to know why I couldn't get the cashback.I bought the phone on a deal with 10% cashback on @130723 . Please Help. https://t.co/tNrpHWyRmA,64140,"@130722 I'm sorry for the trouble caused over this order. Please get in touch with our support team here: https://t.co/2t6DQoUmNZ for assistance on it. Please don't provide your order details, as we consider it to be personal information. Our Twitter page is public.​ ^RW",Thu Nov 30 07:34:40 +0000 2017,True,INFORMATIVE_RESOLUTION,OTHER_GENERAL
th_64143,64143,130724,@AmazonHelp I have reverted for thr 9th time now,64145,@130724 Thanks for the heads up. We will look into it and we will get back to you with an update at the earliest. ^AH,Thu Nov 30 08:40:24 +0000 2017,True,INFORMATIVE_RESOLUTION,OTHER_GENERAL
th_64146,64146,130724,@AmazonHelp This is the same reply i am getting for the 9th time,64147,"@130724 I get that you're upset. However, be assured we're working on it and we'll get back to you soon. ^BV",Thu Nov 30 09:05:51 +0000 2017,True,INFORMATIVE_RESOLUTION,OTHER_GENERAL
th_64144,64144,130724,@AmazonHelp I have given the reply for the 6th time now,64142,"@130724 I certainly understand the trouble regarding your concern. Sorry for the stretch. But as this is a social media platform we can't help you with the information here. Hence, kindly reply to our correspondence to assist you further. ^HR",Thu Nov 30 07:46:18 +0000 2017,True,INFORMATIVE_RESOLUTION,OTHER_GENERAL
th_64154,64154,130698,@AmazonHelp They are just providing the details which is available in portal. Even they have increased the delivery date and it will be delivered on Monday.i placed order on last Monday ..ok and you will deliver on next monday. Even customer service dint guarantee it.,64157,@130698 Please wait till the new estimates shared with you. I'm positive your order should be delivered as per the estimates. Appreciate your understanding. (2/2)^SF,Thu Nov 30 08:18:08 +0000 2017,True,INFORMATIVE_RESOLUTION,ORDER_TRACKING_DELAY
th_64161,64161,130698,"@AmazonHelp Please confirm the estimated date, as you said in last tweet. I am hoping you will do the delivery at the earliest.",64162,@130698 I'm sorry you've not received your order yet. I'd like to assist you with this. Please fill this form: https://t.co/beaaDm0muc and we'll look into it right away. ^AR,Thu Nov 30 09:38:44 +0000 2017,True,INFORMATIVE_RESOLUTION,ORDER_TRACKING_DELAY
th_64166,64166,130732,@AmazonHelp Yes i do!!And they said that they will contact me in 12hours after my query but they don't!!,64168,@130732 We've escalated the issue the to our concerned team. We'll get back to you as soon as we have an update. Appreciate your understanding. ^AR,Thu Nov 30 08:41:48 +0000 2017,True,INFORMATIVE_RESOLUTION,OTHER_GENERAL
th_64169,64169,130732,@AmazonHelp Please do fast all u can do.I want my refund as fast as possible.,64170,"@130732 I get that you're concerned about the refund. Be assured, we're working on it and we'll get back to you at the earliest. Appreciate your patience. ^BV",Thu Nov 30 09:39:35 +0000 2017,True,INFORMATIVE_RESOLUTION,REFUND_RETURN_INQUIRY
th_64171,64171,130732,@AmazonHelp There is nothing i can see from ur side.No contact from customer care.Now it is really disgusting.,64172,"@130732 I understand it's taking time, Anshul but please be assured our team is actively working on it and will reach out to you at the earliest. Also, if the response is not up to expectations, kindly reply to the email sent by our team and we'll look into it. ^PB",Fri Dec 01 07:48:35 +0000 2017,True,INFORMATIVE_RESOLUTION,OTHER_GENERAL
th_64167,64167,130732,@AmazonHelp There is no contact establish by ur customer care.I don't expect this form @AmazonHelp .,64165,@130732 If you have shared your details through the link provided earlier. You must have received a correspondence here: https://t.co/9OllYTGo3U kindly check. ^SY,Thu Nov 30 07:51:18 +0000 2017,True,INFORMATIVE_RESOLUTION,OTHER_GENERAL
th_64178,64178,130733,@AmazonHelp .com site. It was all during the BF/CM madness so I understood that things might take a while to show up on my end.,64176,@130733 We can look into that for you. Get in touch here: https://t.co/hApLpMlfHN and we'll be happy to help. ^RS,Thu Nov 30 07:50:18 +0000 2017,True,INFORMATIVE_RESOLUTION,OTHER_GENERAL
th_64180,64180,130733,"@AmazonHelp No. I was assured by CS via chat credit would appear in 5 or so hrs. I just waited longer in case. Yet I'm still being given the ""these gift order #s have been redeemed"" when nope, still not in my account either as ebooks or credit.",64179,@130733 Can I ask which site you are using? Amazon .com / .co.uk / .de etc? ^MI,Thu Nov 30 07:29:16 +0000 2017,True,INFORMATIVE_RESOLUTION,ORDER_TRACKING_DELAY
th_64182,64182,130733,"@AmazonHelp Three days, and case still unresolved. It doesn't even seem your people ""get"" what the problem is. Escalate the case to tech or whatever to investigate where the missing credits went. Replied to A1OMV7KNFMOJF0 and barely managed to sound patient.",64181,"@130733 Sorry to hear that, were you given a waiting time period? ^AS",Thu Nov 30 07:21:49 +0000 2017,True,INFORMATIVE_RESOLUTION,OTHER_GENERAL
th_64186,64186,130735,"@AmazonHelp As suggested by you, I reported the issue. I hope they contact me soon. Thanks for the response.",64188,@130735 Thanks for the heads up. Our support team will get back to you at the earliest. ^AH,Thu Nov 30 08:15:50 +0000 2017,True,INFORMATIVE_RESOLUTION,OTHER_GENERAL
th_64187,64187,130735,@AmazonHelp I had placed an order a few days ago which I wanna replace. The problem is the order is vanished from the order section of my account. Help.,64185,@130735 That's unusual! Have you reported this to our support team here: https://t.co/vlvfJr4nN9 ?^SF,Thu Nov 30 07:52:11 +0000 2017,True,INFORMATIVE_RESOLUTION,ORDER_TRACKING_DELAY
th_64195,64195,130736,"@AmazonHelp I need some from a UK call centre to call me, I am getting nowhere with customer service. Can somebody arrange this for me please?",64196,"@130736 Hi Dan, really sorry to hear you've had a bad experience. Without posting account information, can you advise what's happened? ^JC.",Thu Nov 30 12:53:11 +0000 2017,True,INFORMATIVE_RESOLUTION,OTHER_GENERAL
th_64197,64197,130736,@AmazonHelp Are you unable to look through this thread of tweets? Why is the customer service so bad. Is a joke?,64198,"@130736 I'm very sorry that we've missed the mark here, Dan. Please take a moment to provide your details so that we can have someone reach out to you for a resolution: https://t.co/IocsKmhGry  ^SP",Thu Nov 30 12:59:59 +0000 2017,True,INFORMATIVE_RESOLUTION,OTHER_GENERAL
th_64193,64193,130736,@AmazonHelp Also the link you have gave me is for America not the UK so my order isn’t showing.,64191,@130736 Sorry about the incorrect link. You can contact Amazon UK here:  https://t.co/JzP7hlA23B. ^MI,Thu Nov 30 07:44:23 +0000 2017,True,INFORMATIVE_RESOLUTION,ORDER_TRACKING_DELAY
th_64202,64202,130736,"@AmazonHelp The form/link I was sent was my details for somebody to call me back, I’ve never given my email. Is there a number for a call centre in England I can ring? Or can you arrange for somebody to call me.",64201,"@130736 Can I ask, can you click on the link from your post yesterday and fill out your details again but ask can you receive a callback from us? You can use the following link to reach out to our customer service team if you would prefer: https://t.co/hApLpMlfHN.^GA",Thu Nov 30 07:36:20 +0000 2017,True,INFORMATIVE_RESOLUTION,OTHER_GENERAL
th_64204,64204,130736,"@AmazonHelp Still waiting on a call back, my item is saying delivered AGAIN when it hasn’t arrived, this is the 2nd time. It’s beyond ridiculous now! Last time it was delivered at 11:45pm now at 10:42pm, both outside of amazon delivery hours with no signature. Any chance of somebody calling? https://t.co/Ndp4Ane34x",64203,"@130736 Can I ask, have you checked your spam/junk folder? Our email response may have been directed here.^GA",Thu Nov 30 07:27:02 +0000 2017,True,INFORMATIVE_RESOLUTION,ORDER_TRACKING_DELAY
th_64208,64208,130736,"@AmazonHelp This is ridiculous, I’ve literally just shown what the tracking is showing and your asking again, can you not look through the thread of tweets? Something needs to be done ASAP otherwise I’ll just cancel my order",64207,@130736 Our team would like to look into this further with you directly to see what we can get done to help repair the situation. Can you please provide your information here so that we can reach out? https://t.co/t56ZRZdwU0 ^GS,Wed Nov 29 13:53:38 +0000 2017,True,INFORMATIVE_RESOLUTION,REFUND_RETURN_INQUIRY
th_64210,64210,130736,"@AmazonHelp No they said they can’t speak to them only send an email, I have wrote on the delivery instructions to call me but haven’t heard anything, your courier has lied about delivering the item and lied that they attempted delivery yesterday. Can I contact him/her directly?",64209,@130736 I do not believe that direct contact is available. What is the tracking showing currently?  https://t.co/Y5jpI9gRhE ^DJ,Wed Nov 29 13:21:33 +0000 2017,True,INFORMATIVE_RESOLUTION,ORDER_TRACKING_DELAY
th_64212,64212,130736,@AmazonHelp Am I just going to keep waiting in every day for something that’s not going to arrive? I’ve took 4 days off work to try and wait for this and amazon want to offer me £5 compensation which isn’t even 1% of my losses. Why can I not speak to the courier directly? https://t.co/OXuUyevPJK,64211,@130736 Did the agent you spoke to say that they would contact the carrier? ^JJ,Wed Nov 29 13:13:01 +0000 2017,True,INFORMATIVE_RESOLUTION,ORDER_TRACKING_DELAY
th_64214,64214,130736,"@AmazonHelp Been waiting for my order for over a week now, the first time it said it was “delivered” at 11:45pm 🤔 now the replacement said attempted delivery last night when I was sat in waiting all evening...customer service are useless.",64213,"@130736 Sorry to hear that, Dan. Can I ask what the latest tracking update has been? You can check here: https://t.co/aaDyEz1VgE. ^TI",Wed Nov 29 13:07:09 +0000 2017,True,INFORMATIVE_RESOLUTION,ORDER_TRACKING_DELAY
th_64217,64217,130737,"@AmazonHelp contact me on phone number, as soon as possible",64215,"@130737 We've received your details. Our team is currently looking into this, they'll reach out to you with an update anytime soon. Appreciate your patience and understanding. ^EM",Thu Nov 30 07:40:16 +0000 2017,True,INFORMATIVE_RESOLUTION,OTHER_GENERAL
th_64220,64220,130737,@AmazonHelp resolved my problrm as soon as problem @AmazonHelp,64219,"@130737 If you've filled in your details through the link provided earlier, please be assured our respective team will reach out to you at the earliest. ^PB",Thu Nov 30 07:01:39 +0000 2017,True,INFORMATIVE_RESOLUTION,OTHER_GENERAL
th_64222,64222,130737,"@AmazonHelp Your assistance cannot cannect me,Can't cannect on costumer care. Facing so many problem,Than I using social media platform, tell your assistant to contact me, on call or email",64221,@130737 Sorry to know that you're facing trouble in reaching out to our support team. Kindly drop in your details here: https://t.co/beaaDm0muc and we'll get back to you with an update at the earliest. ^EM,Thu Nov 30 05:32:21 +0000 2017,True,INFORMATIVE_RESOLUTION,OTHER_GENERAL
th_64228,64228,130737,"I return my order by DTDC courier that's the courier receipt, Amazon India say you send your product on courier than Amazon pay your courier chargesMy total courier charges is 170 RSBut Amazon India refund only 40 RS. I requested youPay my 170rs as soon as possible@AmazonHelp https://t.co/FCTdiTIVHm",64227,"@130737 That doesn't sound right! Usually, full return shipping charges will be refunded to the Amazon Pay Balance account. Please call us here: https://t.co/vlvfJr4nN9 &amp; we'll look into this. (1/2)^SF",Thu Nov 30 04:11:55 +0000 2017,True,INFORMATIVE_RESOLUTION,REFUND_RETURN_INQUIRY
th_65626,65626,131026,@AmazonHelp @131027 @115851 je @3644 please help these customers support is not helping and giving false response https://t.co/QP43u5oq8o,65627,"@131026 Hey Mihu, we have responded to you via email and working on it. Appreciate your understanding. ^RW",Mon Jun 26 12:07:45 +0000 2017,True,INFORMATIVE_RESOLUTION,OTHER_GENERAL
th_65628,65628,131026,@AmazonHelp What's the update,65629,"@131026 Hey, this being a social platform we'll not be able to share the details here. Kindly check your email for further update. ^HD",Mon Jun 26 14:02:22 +0000 2017,True,INFORMATIVE_RESOLUTION,OTHER_GENERAL
th_65631,65631,131026,@AmazonHelp @131027 @115851 @3974 See how amzon is harrasing customer an example .c https://t.co/4SZV80HW9y,65632,"@131026 Hey there, please reply to the same email and we will connect with you accordingly. ^RW",Mon Jun 26 15:17:28 +0000 2017,True,INFORMATIVE_RESOLUTION,OTHER_GENERAL
th_65635,65635,131026,@AmazonHelp @131027  @115851  @ amzon CEO can some help me .we are cheated by amzon and no one responding .feeling helpless,65636,"@131026 Hi, we will contact you with an update soon. Sorry for keeping you wait. ^OG.",Tue Jun 27 10:24:42 +0000 2017,True,INFORMATIVE_RESOLUTION,OTHER_GENERAL
th_65637,65637,131026,@AmazonHelp @131027 please resonpd on your ticket 323630 and take action against amzon .so that i can go ahead with cusomer court,65638,"@131026 Hi, as informed earlier, we'll contact you with an update soon. ^OG.",Tue Jun 27 11:49:45 +0000 2017,True,INFORMATIVE_RESOLUTION,ESCALATION_HIGH_RISK
th_65640,65640,131028,@131026 @AmazonHelp employ last 21 day fake promise for me again and again so plz clear my issue  and chck this issue and provide my product and not ignore my issue,65641,"@131028 This issue is being handled by our account specialist team and as requested earlier, please respond to the correspondence and help them resolve the issue at the earliest. ^KK",Thu Nov 30 04:46:05 +0000 2017,True,INFORMATIVE_RESOLUTION,OTHER_GENERAL
th_65643,65643,131026,@AmazonHelp @131027 @3974 @115851 What's the update,65642,"@131026 Hi, We've sent the correspondence to your registered email ID. Kindly check it here: https://t.co/8DAc10S7ww ^SP",Mon Jun 26 10:12:53 +0000 2017,True,INFORMATIVE_RESOLUTION,OTHER_GENERAL
th_65647,65647,131026,@AmazonHelp Link is not getting open @115851 @3974 CEO,65646,@131026 Are you seeing any error message while accessing the link? Keep us posted on this. ^KJ,Mon Jun 26 07:57:09 +0000 2017,True,INFORMATIVE_RESOLUTION,OTHER_GENERAL
th_65649,65649,131026,@AmazonHelp @131027 I called amzoncall center there staff are misbehaving and cutting the call.please let me know i will get my money or not .@115851,65648,@131026 Could you please fill in your details again in the link sent by my colleague 'SP' here: https://t.co/zwyh591SYI ? (2/2)^KH,Mon Jun 26 07:25:54 +0000 2017,True,INFORMATIVE_RESOLUTION,OTHER_GENERAL
th_65652,65652,131026,@AmazonHelp @4441  whats the update .i am going escalte this issue to ministery .this case of cheating.,65651,@131026 Kindly write to us from the link mentioned earlier so we can check this for you and help ^KJ,Mon Jun 26 05:35:06 +0000 2017,True,INFORMATIVE_RESOLUTION,OTHER_GENERAL
th_65667,65667,131032,@AmazonHelp Have shared the details thru the link given. now call asap @115851,65666,"@131032 Thank you confirming on filling in your details, Somnath. Please be assured our team will get in touch with you at the earliest. ^PB",Thu Nov 30 06:01:05 +0000 2017,True,INFORMATIVE_RESOLUTION,OTHER_GENERAL
th_65669,65669,131032,@AmazonHelp already contacted your customer support team.. they are of no help..if u cant call then arrange for a call from your senior management. @115851 I guess atleast this you get it done,65668,"@131032 As this is a social media platform, we can't view your account/order information. Please send your details from the link here: https://t.co/VNUITkunAc and we will assist you further. ^HR",Thu Nov 30 05:20:22 +0000 2017,True,INFORMATIVE_RESOLUTION,OTHER_GENERAL
th_65671,65671,131032,@AmazonHelp I do not have time to write the whoke story. so call me for a discussion on the numbers given @115851 can you arrange for a call ?,65670,@131032 We wouldn't have an option to arrange a call via Twitter. Please connect with our support team using this link here: https://t.co/00q4Sqj9zL for assistance. ^KA,Thu Nov 30 04:35:52 +0000 2017,True,INFORMATIVE_RESOLUTION,OTHER_GENERAL
th_65673,65673,131032,@115851 @AmazonHelp call me on 9911582026/ 9158174488 to discuss @115851,65672,"@131032 This being a social platform we cannot access your account details. Please elaborate your concern &amp; we'll assist you.  Also, please don't provide your contact details, we consider it to be personal info. Our page is visible to the public. ^SF",Thu Nov 30 04:21:38 +0000 2017,True,INFORMATIVE_RESOLUTION,OTHER_GENERAL
th_65678,65678,131033,@AmazonHelp yes i phoned and was told its because of black friday but this has been going on for ages. i have not had a item i have bought delivered next day for ages.then the guy said would you like me to cancel all your orders.i am fuming why would i not want them,65677,"@131033 I am sorry to hear this. Can I ask, what was the estimated delivery date given to you on the confirmation email we sent you when this order was placed please?",Thu Nov 30 08:53:07 +0000 2017,True,INFORMATIVE_RESOLUTION,REFUND_RETURN_INQUIRY
th_65686,65686,131035,"@AmazonHelp So at this point I am led to believe that Amazon does not care about legacy media any more, else it would make sure it would arrive undamaged. Streaming of course makes more money long-term than selling an album once, I get it.",65689,"@131035 Apologies for the trouble this has caused, Roland. We're always looking for ways to improve! Please provide direct feedback regarding packaging here:https://t.co/fxgZ6hTrFA.^CN",Thu Nov 30 09:18:33 +0000 2017,True,INFORMATIVE_RESOLUTION,OTHER_GENERAL
th_65690,65690,131035,"@AmazonHelp Also, not sure why I should give feedback in the UK if I live in the US. ;)",65692,"@131035 Apologizes for the wrong link Roland, here is the correct one for US: https://t.co/TH7UAFZey5 ^NV",Thu Nov 30 09:24:56 +0000 2017,True,INFORMATIVE_RESOLUTION,OTHER_GENERAL
th_65691,65691,131035,"@AmazonHelp I also have provided feedback throughout all this and for most of my packages over the last years. Zero effect, so it seems that I might as well save the time and don’t do it anymore. :/",65693,@131035 Sorry to hear your received multiple broken CDs. Was the carrier the same for all orders?^ES,Thu Nov 30 09:24:10 +0000 2017,True,INFORMATIVE_RESOLUTION,OTHER_GENERAL
th_65694,65694,131035,"@AmazonHelp Correct, but not so much the carrier than the packaging’s fault. There is a reason stores don’t sell eggs in soft envelopes but in sturdy cardboard. ;)",65695,@131035 Thank you for letting us know. Can I ask if you provided feedback via the link provided by ^NV? ^TI,Thu Nov 30 09:38:06 +0000 2017,True,INFORMATIVE_RESOLUTION,ORDER_TRACKING_DELAY
th_65688,65688,131035,.@AmazonHelp I’m kinda done - I spent 1.5 hours in talks with four (!) different hotliners which ended up not being able to help until I bought more (!) to have my cart be above $25 so I could return three other broken CDs. Will return &amp; scout local stores instead. @115851,65685,@131035 Were you advised as to why your cart had to be above $25? Were we able to provide a return label for the broken CDs?^PJ,Thu Nov 30 08:48:14 +0000 2017,True,INFORMATIVE_RESOLUTION,DAMAGED_WRONG_ITEM
th_65701,65701,131036,"@AmazonHelp Sorry, I fail to see how pointing me at your self help page is meant to help. May as well just call again. Please take ownership of the case and give me regular updates. While I've got your attention. It would be nice to have a case management section in account details.",65703,"@131036 Hi. The link we provided previously was the ""Contact Us"" link. As we are unable to access accounts through social media, it is the best means of proceeding. ^DC",Thu Nov 30 09:15:30 +0000 2017,True,INFORMATIVE_RESOLUTION,OTHER_GENERAL
th_65702,65702,131036,"@AmazonHelp 24 hours come and gone, but no update yet again. Do I have to call to get one?",65700,@131036 I am sorry to hear this. Please click on the following link to contact us: https://t.co/JzP7hlA23B.^GA,Thu Nov 30 08:51:59 +0000 2017,True,INFORMATIVE_RESOLUTION,OTHER_GENERAL
th_65706,65706,131036,"@AmazonHelp Delivery was said to have been at 12:44 yesterday. I called in the evening. The 24h wait, is that from my call or 'recorded delivery'?",65705,"@131036 Since you received the confirmation that an investigation is pending, thank you for your patience while the investigation takes place. ^BD",Wed Nov 29 12:29:59 +0000 2017,True,INFORMATIVE_RESOLUTION,ORDER_TRACKING_DELAY
th_65708,65708,131036,@AmazonHelp @131037 Second time waiting to hear back while investigating the courier. Please do call us back this time. Had to phone up loads to get the first non delivery sorted.,65707,@131036 Please let us know if you don't hear back regarding the investigation! ^RO,Wed Nov 29 12:19:37 +0000 2017,True,INFORMATIVE_RESOLUTION,ORDER_TRACKING_DELAY
th_65716,65716,131038,@AmazonHelp I was advised exactly what I said - to return the item and I’d get refunded. That was it. Apparently not a full refund as there’s no option for ‘this was amazon’s mistake’.,65718,"@131038 Can I ask, does the duplicate order show here please: https://t.co/aaDyEz1VgE. If the order does not show here and you have not accidentally ordered 2 of the item, we would cover the cost of the return.^GA",Thu Nov 30 08:59:47 +0000 2017,True,INFORMATIVE_RESOLUTION,REFUND_RETURN_INQUIRY
th_65719,65719,131038,"@AmazonHelp It does show and let me clarify: I did not accidentally order two of the item. I have the original order I made, and a duplicate order from ten minutes later I had nothing to do with. I ordered via the app, which I won’t be doing again if this is what happens.",65721,"@131038 We wouldn't have the option to place an order on your account Rikki, due to security reasons. Has the return been organised for the unwanted order? ^JC.",Thu Nov 30 09:09:53 +0000 2017,True,INFORMATIVE_RESOLUTION,ORDER_TRACKING_DELAY
th_65727,65727,131040,@AmazonHelp @115851 Why my item was delivered after cancelling it through customer care. Why are u People torturing me .fed up past 6 days r true show of amazon,65726,"@131040 Twitter being a Social Media Platform we would not be able to check your order or account details. We have sent a correspondence to your registered email ID, please check and reply to the same. We will look into it. ^AH",Thu Nov 30 08:18:14 +0000 2017,True,INFORMATIVE_RESOLUTION,ORDER_TRACKING_DELAY
th_65734,65734,131040,"@AmazonHelp Hahaha I got assurance ,trust me it will be delivered today",65733,@131040 We will check and connect with you accordingly. Appreciate your patience. ^RW,Tue Nov 28 11:22:17 +0000 2017,True,INFORMATIVE_RESOLUTION,ORDER_TRACKING_DELAY
th_65736,65736,131040,@AmazonHelp @115851  wrote a mail having all the details and attached emails,65735,"@131040 Since you've responded to our correspondence, you'd receive an update anytime soon. Appreciate your patience and understanding. ^EM",Tue Nov 28 10:37:51 +0000 2017,True,INFORMATIVE_RESOLUTION,OTHER_GENERAL
th_65738,65738,131040,@AmazonHelp Hurray got msg... customer not available ...this worst customer service,65737,"@131040 We can't get direct access to your Amazon account, owing to security reason. Please write back to our correspondence. We will be making things right for you. ^CB",Tue Nov 28 10:03:04 +0000 2017,True,INFORMATIVE_RESOLUTION,OTHER_GENERAL
th_65740,65740,131040,"@AmazonHelp Shared and I got reply too ,but it's like everyday story .me too will not cancel this time .let u People cancel my order",65739,"@131040 In case the resolution provided is not up to your expectation, you can choose to write back to our correspondence. We shall review the situation. ^CB",Tue Nov 28 09:58:16 +0000 2017,True,INFORMATIVE_RESOLUTION,REFUND_RETURN_INQUIRY
th_65742,65742,131040,"@AmazonHelp @115851 Today is continously third day of false promises. Sure that today also it will not be delivered,tried every step told by u .",65741,"@131040 Apologies for the delay in delivering the product. As informed earlier, kindly share your details in the link provided by 'JS' so that we can get this sorted. ^SC",Tue Nov 28 09:32:09 +0000 2017,True,INFORMATIVE_RESOLUTION,ORDER_TRACKING_DELAY
th_65751,65751,131040,"@AmazonHelp pls help to get my parcel delivered,no response ,no contact details shared , don't Kno when I get my order :(.",65750,@131040 Apologies for the experience you had with this order. Please report this to our support center here: https://t.co/vlvfJr4nN9. We'll assist you further. ^JS,Mon Nov 27 09:36:10 +0000 2017,True,INFORMATIVE_RESOLUTION,ORDER_TRACKING_DELAY
th_65756,65756,131041,@AmazonHelp It says due for delivery by 11pm tomorrow but not dispatched yet.I’ve had to also order from elsewhere as I’m not confident from recent experience that Prime delivery time will be met.,65757,"@131041 I'm sorry to hear you've had to order from elsewhere, if you no longer require the item we can check if it can be canceled for you or if it is too far in the shipping process. Can you contact us here:  https://t.co/JzP7hlA23B so we can take a look? ^MI",Thu Nov 30 10:29:06 +0000 2017,True,INFORMATIVE_RESOLUTION,PRIME_MEMBERSHIP_BILLING
th_65760,65760,131042,"@AmazonHelp Won’t ship black kindle to Northern Ireland, but will ship white?!🤷🏻‍♀️",65759,"@131042 Hey Kelsey, do you have the link so we can check that for you? ^RS",Thu Nov 30 08:41:51 +0000 2017,True,INFORMATIVE_RESOLUTION,PRODUCT_TECH_SUPPORT
th_65767,65767,131044,@AmazonHelp No sorry ... what about you reaching out to me and trying to resolve it !!! Oh look just had another attempt !!! And I’m still in my house 🙌🏻😩🙋🏼 cheers https://t.co/l3iC1UAkvv,65766,"@131044 I appreciate that this must be frustrating for you, however we are unable to view account details via Twitter. Please contact us via the link ^RS provided and we'll look into this for you. ^KI",Thu Nov 30 08:43:36 +0000 2017,True,INFORMATIVE_RESOLUTION,OTHER_GENERAL
th_65769,65769,131044,@AmazonHelp I was provided with none !!!! 😡 but imagine waking up to another message saying we’ve attempted to deliver today and you weren’t available .. I’m still in my pjs ..  😩😩😩 dies someone want to explain to me what I’m paying for with  this prime thingy ???  Furious,65768,@131044 Sorry to hear that. We'll be happy to look into for you. Please reach out to us here: https://t.co/JzP7hlA23B ^RS,Thu Nov 30 08:33:32 +0000 2017,True,INFORMATIVE_RESOLUTION,PRIME_MEMBERSHIP_BILLING
th_65771,65771,131044,@AmazonHelp I have contacted them not that they much help only ever insisting they did come when they clearly didn’t !!  This keeps happening .. im not impressed,65770,"@131044 I certainly understand your concern! When you contacted us previously, what information/options were provided? ^HC",Wed Nov 29 21:52:09 +0000 2017,True,INFORMATIVE_RESOLUTION,OTHER_GENERAL
th_65775,65775,131045,"@AmazonHelp Thank you for the quick answer, I will if it happens! 🙈",65774,@131045 Thank you:) You have a lovely day!^GA,Thu Nov 30 08:44:49 +0000 2017,True,INFORMATIVE_RESOLUTION,OTHER_GENERAL
th_65787,65787,131048,@AmazonHelp Already filled yesterday 4th time...how many more times do you want me to fill? 😡Each and every thing needs to performed or explained atleast 20-30 times for you to understand?,65789,"@131048 I'm sorry, we haven't received your details yet. Kindly drop the details related to your amazon account in the link here: https://t.co/beaaDm0muc and we’ll contact you at the earliest. ^BV",Thu Nov 30 10:13:54 +0000 2017,True,INFORMATIVE_RESOLUTION,OTHER_GENERAL
th_65788,65788,131048,"@AmazonHelp still no update, how much time will take?",65786,"@131048 We haven't received the mail yet. I request you to kindly fill in the details once again through the link provided to you earlier from your registered email ID so that we can work on this right away, without any further delay. Karthika | Amazon Customer Service",Thu Nov 30 08:24:41 +0000 2017,True,INFORMATIVE_RESOLUTION,OTHER_GENERAL
th_65791,65791,131048,@AmazonHelp Have filled it again. Please check.,65790,@131048 If you've shared your details we'll get back to you with an update. ^MN,Wed Nov 29 12:21:27 +0000 2017,True,INFORMATIVE_RESOLUTION,OTHER_GENERAL
th_65793,65793,131048,@AmazonHelp Already filled it multiple time but no reply from your end.,65792,"@131048 We haven't received your details yet. I request you to kindly fill in the details once again through: https://t.co/GIJyeYqKE0 so that we can work on this right away, without any further delay. ^SU",Wed Nov 29 11:49:40 +0000 2017,True,INFORMATIVE_RESOLUTION,OTHER_GENERAL
th_65803,65803,131050,@AmazonHelp Yes it says it’s going to be Re delivered today but yesterday was already a Re delivery of same parcel?,65802,@131050 Sorry for the continued issues with your delivery. Please keep us posted on the delivery today and let us know if you experience any further delays. Thank you. ^NV,Thu Nov 30 08:41:11 +0000 2017,True,INFORMATIVE_RESOLUTION,ORDER_TRACKING_DELAY
th_65806,65806,131042,@AmazonHelp Both the white and black ones I was looking at were refurbished,65807,"@131042 Hi Kelsey. If you have a moment, could you reach out to us here: https://t.co/JzP7hlA23B so that we can take a look at this with you in real time?^TI",Thu Nov 30 09:01:52 +0000 2017,True,INFORMATIVE_RESOLUTION,OTHER_GENERAL
th_65821,65821,131057,"@AmazonHelp No, I still need to take time out of my busy day later to call or chat about it what to do next.",65823,@131057 I'm sorry for the inconvenience this has caused. Please keep us posted on what you are advised when you reach out to us directly. ^KI,Thu Nov 30 08:59:29 +0000 2017,True,INFORMATIVE_RESOLUTION,OTHER_GENERAL
th_65822,65822,131057,"@AmazonHelp So… just got this email about my outstanding package (the iPad case). Completely unacceptable. I ordered this on Sunday, and it’s took 4 days for those jokers to realize they’ve lost it. Gonna be another 2-3 before I get a replacement. This is exactly the shit I’m talking about. https://t.co/0cxXwPhU6B",65820,@131057 Oh no! Sorry to here your order was lost/damaged while in transit. Have you been given a delivery date for the replacement?^ES,Thu Nov 30 08:31:17 +0000 2017,True,INFORMATIVE_RESOLUTION,ORDER_TRACKING_DELAY
th_65825,65825,131057,"@AmazonHelp I would *love* that. I inquired about this a few months ago on your chat support and was told it was an impossible request. I will be in touch tomorrow to arrange it, thank you.",65824,"@131057 You're welcome, Mark. Please let us know if we may be of further assistance. ^KL",Wed Nov 29 05:51:37 +0000 2017,True,INFORMATIVE_RESOLUTION,OTHER_GENERAL
th_65835,65835,131059,"@AmazonHelp (Cont) lacked those features. I tried contacting the seller, they didn't reply. I submitted a claim, they finally replied saying they would give me a refund after they sent this laptop back, which is no bueno. I'm currently a student taking online classes and I need (cont)",65836,@131059 Hello! Apologies for the trouble this has caused. When did you file the claim?^CN,Thu Nov 30 08:56:09 +0000 2017,True,INFORMATIVE_RESOLUTION,REFUND_RETURN_INQUIRY
th_65838,65838,131059,@AmazonHelp It was yesterday and I received the reply like an hour ago,65839,@131059 Have you replied to the seller expressing your concerns about returning the laptop? Have you also asked if they are able to send the correct laptop out? - Jenna C.,Thu Nov 30 09:02:02 +0000 2017,True,INFORMATIVE_RESOLUTION,OTHER_GENERAL
th_65840,65840,131059,"@AmazonHelp Another representative (Jet N.) has emailed them on my behalf, but if it's gonna be like last time, I'm not expecting a speedy reply.",65841,@131059 We allow seller's 2 business days to reply. Keep us posted!^CN,Thu Nov 30 09:21:11 +0000 2017,True,INFORMATIVE_RESOLUTION,OTHER_GENERAL
th_65842,65842,131059,"@AmazonHelp Also, I just want to let y'all know, all my anger and frustration is directed at this seller and not y'all. Amazon has actually been nice, professional , and helpful in trying to help me.",65843,@131059 Not a problem at all! We completely understand the frustration when problems occur! Let us know if you are able to get a resolution with the seller. - Jenna C.,Thu Nov 30 09:24:13 +0000 2017,True,INFORMATIVE_RESOLUTION,OTHER_GENERAL
th_65846,65846,131060,"@AmazonHelp Nope, I made the order then found out the address was wrong so I cancelled it in less than 5 minuets! I received a bank notification the money was deducted!  Still haven’t got back!",65848,@131060 Was the order confirmed as dispatched before you canceled the order? Which site did you place your order https://t.co/PQPnSFSCPS or? ^NV,Thu Nov 30 09:25:19 +0000 2017,True,INFORMATIVE_RESOLUTION,ORDER_TRACKING_DELAY
th_65849,65849,131060,@AmazonHelp I don’t remember &amp; it was through https://t.co/D87xKBstPi,65850,"@131060 As you canceled the order within 5 mins of placing, it would not have dispatched. We only charge at the time of dispatch. Have you had a chance to take a look at the link about authorizations sent by ^DC? ^MI",Thu Nov 30 09:51:31 +0000 2017,True,INFORMATIVE_RESOLUTION,OTHER_GENERAL
th_65859,65859,131064,"@AmazonHelp Amazon.de it says ""delivered"" in the website but the carrier it's still ""on its way to the distribution center"", but for 2 days it showed ""out for delivery"" in the carrier. I spent those 2 days at home so I could receive it but it never arrived.",65857,@131064 Please contact our customer service via https://t.co/24XL9C4y1x as we do not have any access to your orders here. My colleagues will take a closer look at this. ^KM,Thu Nov 30 08:36:09 +0000 2017,True,INFORMATIVE_RESOLUTION,ORDER_TRACKING_DELAY
th_65865,65865,131066,@AmazonHelp @115850 @AmazonHelp Got text from service. It'd been 2 days have not received any update from Amazon service boy. https://t.co/dr1tpw6ayl,65864,"@131066 I'm afraid we haven't received your details. Please sign in to your account, and send us the details using the link provided by 'EM' here: https://t.co/kXYznTPfQM and I will look into the issue right away. ^SF",Thu Nov 30 08:18:17 +0000 2017,True,INFORMATIVE_RESOLUTION,OTHER_GENERAL
th_65867,65867,131066,"@AmazonHelp Ya , i shared details on link",65866,"@131066 Thank you for confirming, we will look into it and get back to your soon with an update. ^SI",Tue Nov 28 08:58:47 +0000 2017,True,INFORMATIVE_RESOLUTION,OTHER_GENERAL
th_65869,65869,131066,@AmazonHelp @115850 @115821 I contacted your customer service center and even selected return option. But service boy refused to take back product this is fruad .I want to share such fruad info with people to aware of your such fruad work,65868,"@131066 Please confirm, if you have shared your details on the link that was provided to you earlier. If not yet, then I'd request you to please do so that we could check and get this resolved at the earliest. ^KK",Tue Nov 28 05:40:55 +0000 2017,True,INFORMATIVE_RESOLUTION,REFUND_RETURN_INQUIRY
th_65887,65887,131070,@AmazonHelp Have already cancelled order mentioned since there was no meaning in delivered after valuable time. We live in a very much time respecting world and I wish this can be improved later by @115850 and delivery team. Unfortunately nobody called up for reason of order cancellation.,65886,@131070 Apologies for the inconvenience you had regarding your order. We would like to look into it. Please share your details here: https://t.co/GIJyeYqKE0 and we will get in touch with you soon. ^AH,Thu Nov 30 08:15:20 +0000 2017,True,INFORMATIVE_RESOLUTION,REFUND_RETURN_INQUIRY
th_65891,65891,131071,@AmazonHelp @115830 getting very realistic looking spam emails about renewing prime. asking for bank details... I don't have prime and my credit card doesn't expire for 11 months... https://t.co/akKFy716xP,65890,@131071 Hello. You can report these types of mailings to us directly. Check out our help pages here and it will explain further how to report: https://t.co/jU3lUWIzH4 Thanks. ^NV,Thu Nov 30 08:29:28 +0000 2017,True,INFORMATIVE_RESOLUTION,PRIME_MEMBERSHIP_BILLING
th_65893,65893,131072,@AmazonHelp Your agent says it is third party delivery.. he can't reschedule it as it is already paid... He kept calling....  Order 406-9195017-4997117,65894,"@131072 Please don't provide your order details, we consider it to be personal information. Our page is visible to the public. 2/2 ^KK",Thu Nov 30 08:34:07 +0000 2017,True,INFORMATIVE_RESOLUTION,ORDER_TRACKING_DELAY
th_65896,65896,131072,@AmazonHelp its already been collected by my friend . so no worries.. Just make sure that ur agents dont create their own rules,65897,@131072 I under your concern regarding the delivery. I've noted your comments and have forwarded your feedback internally to be worked upon. ^SY,Thu Nov 30 09:10:55 +0000 2017,True,INFORMATIVE_RESOLUTION,OTHER_GENERAL
th_65905,65905,131075,@AmazonHelp It said it would be delivered by 8pm today on the app,65904,@131075 Thanks for the information! Please reach out to us via phone or chat here: https://t.co/JzP7hlA23B ^AJ,Thu Nov 30 20:17:24 +0000 2017,True,INFORMATIVE_RESOLUTION,ORDER_TRACKING_DELAY
th_65907,65907,131075,@AmazonHelp It says it has been out for delivery since 8:14am today,65906,@131075 Our couriers can deliver until 21:00. Keep us posted on the delivery! ^MT,Thu Nov 30 20:11:11 +0000 2017,True,INFORMATIVE_RESOLUTION,ORDER_TRACKING_DELAY
th_65909,65909,131075,@AmazonHelp I have a delivery that was supposed to come today but still hasn’t arrived can you help please? Tracking ID Q31155496393,65908,"@131075 Hey there! With Twitter, we're unable to access account or order information but we're here to help! What does your tracking information currently display here: https://t.co/aaDyEz1VgE Please, let us know. ^JE",Thu Nov 30 20:01:38 +0000 2017,True,INFORMATIVE_RESOLUTION,ORDER_TRACKING_DELAY
th_66176,66176,131141,@AmazonHelp No?! They are identical! All I want is my money back!!!,66178,@131141 We'd like a further look into this with you! Please reach us by phone or chat here: https://t.co/zYVX1Qi29G so we can help! ^KJ,Thu Nov 30 21:20:08 +0000 2017,True,INFORMATIVE_RESOLUTION,OTHER_GENERAL
th_66179,66179,131141,"@AmazonHelp I don’t want to phone you or email you as the only outcome is another automated email - I’ve had 12 now, which just adds to my anger - I just need a human to answer my questions &amp; give me my money back. I’ve been promised numerous times this will be sorted?",66180,@131141 We'd like to have our team investigate this for you. Please send us your details here: https://t.co/UYyUHo7eWx ^GR,Thu Nov 30 22:22:16 +0000 2017,True,INFORMATIVE_RESOLUTION,OTHER_GENERAL
th_66181,66181,131141,@AmazonHelp You have them as I’ve been in contact on numerous occasions - it will all be logged under __email__,66182,"@131141 We can't access account or order information over Twitter. If you can fill out the details in the link provided, we will be able to escalate this further for you.^PJ",Fri Dec 01 10:18:01 +0000 2017,True,INFORMATIVE_RESOLUTION,OTHER_GENERAL
th_66184,66184,131141,@AmazonHelp I’ve already done that once last week &amp; still not heard back,66186,"@131141 Hi Sarah, I am sorry for the delay please follow the link again and we will get back to you as soon as possible. ^HS",Fri Dec 01 10:28:47 +0000 2017,True,INFORMATIVE_RESOLUTION,OTHER_GENERAL
th_66177,66177,131141,@AmazonHelp @115821 will someone please get this sorted today? I’ve now had 12 automated emails but absolutely no resolution? I am beyond belief?!?,66175,@131141 Are the e-mails you're receiving requesting any additional information? ^JS,Thu Nov 30 20:24:11 +0000 2017,True,INFORMATIVE_RESOLUTION,OTHER_GENERAL
th_66191,66191,131141,"@AmazonHelp Surprise surprise, was promised for this to be all sorted by COB last night &amp; still nothing?!?",66188,"@131141 Hi Sarah, have you received an email from our account specialist? Please check spam &amp; junk folders. ^KK",Sat Nov 25 09:22:17 +0000 2017,True,INFORMATIVE_RESOLUTION,OTHER_GENERAL
th_66193,66193,131141,"@AmazonHelp Oh my word?!? I put my complaint through the link you provided &amp; did get a response to say the will look into it &amp; lo &amp; behold, ANOTHER AUTOMATED EMAIL?!? Please tell me what I have to do to get a human to answer my questions &amp; for me to get my money back???",66192,@131141 I'm really sorry to hear that Sarah. This is being looked into internally and as soon as we have any further updates we will email you back.^MA,Fri Nov 24 12:44:52 +0000 2017,True,INFORMATIVE_RESOLUTION,OTHER_GENERAL
th_66195,66195,131141,"@AmazonHelp Oh my word, can you not treat people as humans?!?! I’ve had the 6th identical automated email following a telephone conversation and still no-one has answered a single question?! It beggars belief? Just don’t know where to turn now. Utterly disgusted now 😡",66194,@131141 I am truly sorry for the back and forth. The link that was previously provided is the best method to get this resolved. A specialist from our team will reach out to you personally so we can go over this in real time. ^JZ,Wed Nov 22 20:53:00 +0000 2017,True,INFORMATIVE_RESOLUTION,OTHER_GENERAL
th_66198,66198,131141,"@AmazonHelp Utterly frustrated! Just had another email, saying the same thing?! Everything automated, no individual touch.",66196,"@131141 Hey Sara, did you fill in the details using the link ^HS provided you? ^BZ",Wed Nov 22 11:41:25 +0000 2017,True,INFORMATIVE_RESOLUTION,OTHER_GENERAL
th_66200,66200,131141,@AmazonHelp It was implied it would have all been sorted on Saturday?,66199,"@131141 Hi Sarah, I am sorry to hear that this still hasn't been resolved please follow this link: https://t.co/tkLCr7Vo9T  and fill out the form, someone from our team will be in contact to assist you. Please let us know how you get on. ^HS",Wed Nov 22 08:31:42 +0000 2017,True,INFORMATIVE_RESOLUTION,OTHER_GENERAL
th_66202,66202,131141,@AmazonHelp I’ve had a fraud on my account. The guy on Saturday said it would all be sorted &amp; the money back in my account. Still no money &amp; all that keeps happening from my calls / emails is my account password being blocked?,66201,@131141 Were you given any date until we would have this sorted out for you Sarah? ^MA,Wed Nov 22 08:04:08 +0000 2017,True,INFORMATIVE_RESOLUTION,ESCALATION_HIGH_RISK
th_66204,66204,131141,"@AmazonHelp I’m afraid I need to retract that?!  After numerous emails &amp; phone calls, still not sorted! The words were great, just not the actions to follow it up 😩😩😩",66203,"@131141 Hey Sarah, without sharing any personal account info can you give us more info on what has happened? What action did we take to resolve this for you? ^MA",Wed Nov 22 07:31:51 +0000 2017,True,INFORMATIVE_RESOLUTION,OTHER_GENERAL
th_67437,67437,131403,@AmazonHelp Suddenly having problems with my payment card out of the blue - can you help?,67435,@131403 We're unable to access your account via Twitter. Have you received an email about this? Instructions on how to fix it should be in the email. ^MI,Thu Nov 30 09:21:30 +0000 2017,True,INFORMATIVE_RESOLUTION,OTHER_GENERAL
th_67442,67442,131405,@AmazonHelp By a seller. Not Amazon.,67444,@131405 You can find info on contacting the seller here: https://t.co/Oi2OUCR0Mq.^CN,Thu Nov 30 09:29:52 +0000 2017,True,INFORMATIVE_RESOLUTION,OTHER_GENERAL
th_67445,67445,131405,@AmazonHelp Brilliant. Thankyou for the help 😊,67446,"@131405 No problem, Pete! Let us know if there's anything else we can do for you.^TI",Thu Nov 30 09:32:45 +0000 2017,True,INFORMATIVE_RESOLUTION,OTHER_GENERAL
th_67443,67443,131405,@AmazonHelp I bought a product in July. It's now broken. But there's no option to get a replacement or raise a complaint. What do i do??  !!!,67441,@131405 Hello Pete! Is the item sold directly by Amazon or a seller?^CN,Thu Nov 30 09:24:38 +0000 2017,True,INFORMATIVE_RESOLUTION,DAMAGED_WRONG_ITEM
th_67456,67456,131408,@AmazonHelp No but I remember going through&amp;cancelling as I done it weeks prior to being charged! I don’t have access to my previous amazon email...(1),67457,"@131408 When you cancel your Prime subscription, an email is sent to confirm, it may be the case you did not successfully cancel the membership. You can see all correspondence via the message center on your Amazon account  using this link https://t.co/MBY7OGCvpQ.^SM",Thu Nov 30 09:39:57 +0000 2017,True,INFORMATIVE_RESOLUTION,PRIME_MEMBERSHIP_BILLING
th_67459,67459,131409,@AmazonHelp Thank you for the quick reply! Have a good week!,67461,@131409 You're welcome! Have a fantastic week as well! ^KI,Thu Nov 30 09:56:45 +0000 2017,True,INFORMATIVE_RESOLUTION,OTHER_GENERAL
th_67460,67460,131409,"@AmazonHelp hi there. ordered some items via https://t.co/fHf6tpP90K which are lost in transit. nobody has contacted me, updated me, refunded me. wondering why I am paying for prime if this is the service I get. can you help? email: __email__. thanks.",67458,"@131409 I'm sorry to read, that your orders were lost. Please reach out to our customer service, so we can investigate into the issue: https://t.co/Su5eCHNYlH Kind regards ^UK",Thu Nov 30 09:19:18 +0000 2017,True,INFORMATIVE_RESOLUTION,PRIME_MEMBERSHIP_BILLING
th_67471,67471,131413,"@AmazonHelp Ho caricato nuovamente i video già prima, ma per alcuni il backup non si avvia proprio. Mentre per altri si caricano, ma poi ricomiciano a ricaricarsi da capo.. https://t.co/jUoLsen8zn",67473,@131413 in questo caso ti suggerisco di segnalare l'accaduto al nostro Servizio Clienti da qui https://t.co/YtcS8zMWhk. I colleghi potranno effettuare insieme a te delle verifiche. ^BC,Thu Nov 30 10:48:18 +0000 2017,True,INFORMATIVE_RESOLUTION,OTHER_GENERAL
th_67483,67483,131415,@AmazonHelp I have £173.94 of pending transactions currently waiting to be paid to amazon. I have only ordered about £127 of stuff and I was told the transactions would clear and the extra payments would be cancelled when I received the order. I sent two emails regarding this and got 1 back.,67485,"@131415 Hi, can you please tell us what you were advised in your email? ^HS",Thu Nov 30 09:24:36 +0000 2017,True,INFORMATIVE_RESOLUTION,ORDER_TRACKING_DELAY
th_67486,67486,131415,@AmazonHelp The only email I have received said that the money that was ‘pending’ would be taken out or would be cancelled when I received my order but it hasn’t so I still have almost £200 pending and don’t know if the payments are coming or going over a week after I got the first delivery,67487,@131415 I am sorry to hear this Lois. Can you please contact us through the following link so we can investigate this for you and we will also look to see can we change the delivery method for you: https://t.co/JzP7hlA23B.^GA,Thu Nov 30 09:47:08 +0000 2017,True,INFORMATIVE_RESOLUTION,ORDER_TRACKING_DELAY
th_67488,67488,131415,"@AmazonHelp I have done and it is the 3rd email I have sent in the last 2 days, is there a way you can ensure I get a reply please as I still haven’t had one since I first queried the payment issues last week?",67489,@131415 We wouldn't have access from here for security reasons to check for an update on this. I would suggest the phone or chat option for immediate response on this for you and to avoid any further back and forth. You can use this link: https://t.co/JzP7hlA23B Thanks ^NV,Thu Nov 30 10:27:24 +0000 2017,True,INFORMATIVE_RESOLUTION,OTHER_GENERAL
th_67493,67493,131416,@AmazonHelp And a few other parcels for other people were left unattended too in a place that anyone could've taken them. Not a safe place at all.,67495,"@131416 Hi I am sorry to hear that, please get in touch with us here:  https://t.co/JzP7hlA23B and we can investigate this further. ^HS",Thu Nov 30 09:26:32 +0000 2017,True,INFORMATIVE_RESOLUTION,OTHER_GENERAL
th_67496,67496,131416,@AmazonHelp I always complain but obviously nothing has been done to fix this problem. Ultimately I will have no choice but shop elsewhere as a result of your couriers laziness.,67497,@131416 We would like to help! When you have time please reach out to us here:  https://t.co/JzP7hlA23B.^CN,Thu Nov 30 09:49:20 +0000 2017,True,INFORMATIVE_RESOLUTION,OTHER_GENERAL
th_67498,67498,131416,@AmazonHelp I am always at home so I do not  leave any instructions.,67499,@131416 I understand. Have you raised this with us before that parcels are being left out in the open unattended? ^DC,Thu Nov 30 09:47:23 +0000 2017,True,INFORMATIVE_RESOLUTION,OTHER_GENERAL
th_67502,67502,131416,@AmazonHelp I never get a reply or any type of acknowledgement hence I had to raise the issue here with you.,67503,"@131416 You've never received a response to any of your contacts with us? I'm very sorry to hear about this, can you contact us here:  https://t.co/JzP7hlA23B to report both the delivery issues and lack of responses, so that we can take a look for you? ^MI",Thu Nov 30 10:55:14 +0000 2017,True,INFORMATIVE_RESOLUTION,OTHER_GENERAL
th_67504,67504,131416,@AmazonHelp I did report the latest delivery and it seems like it happens a lot as there is a feature for this to complain in place. I also did for the previous delivery and because the box was open then I returned the item.,67505,"@131416 Thank you for reporting these delivery issues. Concerning this present delivery, what were the options that were given to you? We want to assist you in getting your package. ^DJ",Thu Nov 30 11:15:14 +0000 2017,True,INFORMATIVE_RESOLUTION,REFUND_RETURN_INQUIRY
th_67492,67492,131416,@AmazonHelp Downstairs my building unattended and it keeps happening and yes I was home - on one occasion I found my parcel open.,67490,@131416 Have you been able to add delivery or safe-place instructions on your orders?^PJ,Thu Nov 30 09:11:58 +0000 2017,True,INFORMATIVE_RESOLUTION,ORDER_TRACKING_DELAY
th_67511,67511,131418,"@AmazonHelp I've shared the details. Also, my present address comes under the pickup region as my neighbours have done the same. Alternatively I can share the office address where all the e-commerce organisation do pickup on a regular basis.",67513,"@131418 Thank you for the head's up, Pawan. We'll check and get back to you with an update soon. ^SY",Thu Nov 30 10:00:42 +0000 2017,True,INFORMATIVE_RESOLUTION,OTHER_GENERAL
th_67516,67516,131418,@AmazonHelp @115821 @115850 @115851  Yes I agree that you value our time but it has been 48 hours without any response. Hope you take action and get the item picked up at the earliest possible time.,67517,@131418 I understand waiting could be tiresome. You would have received an email correspondence to your registered email ID. Kindly check it and reply with your concerns so that we can work on it and get back to you at the earliest. ^SC,Sat Dec 02 12:56:29 +0000 2017,True,INFORMATIVE_RESOLUTION,OTHER_GENERAL
th_67529,67529,131420,"@AmazonHelp It states ""we're sorry your package is late &amp; we don't have a new delivery date from Royal Mail. Please come back Wednesday 6th December If you still don't have it &amp; we'll help""  not much help when it's needed tomorrow &amp; I ordered if 8 days ago",67531,"@131420 Hi Matt, really sorry about this! This is not what we want our customers to experience. Please can you contact us via this link: https://t.co/JzP7hlA23B. We would like to look into this further for you. ^JC.",Thu Nov 30 09:36:15 +0000 2017,True,INFORMATIVE_RESOLUTION,ORDER_TRACKING_DELAY
th_67530,67530,131420,@115821 @AmazonHelp I ordered 2 advent calendars on the 22/11 hoping 8 days is plenty of time. Not arrived. No info on when they'll arrive. I'll have two upset boys tomorrow. Thanks Amazon. Bang up job,67528,@131420 I am very sorry to hear this Mat. Can I ask what is the current status of the order on the tracking info here please: https://t.co/aaDyEz1VgE.^GA,Thu Nov 30 09:07:56 +0000 2017,True,INFORMATIVE_RESOLUTION,ORDER_TRACKING_DELAY
th_67540,67540,131423,@AmazonHelp All been sorted. Thank you. My refund should be with me in the next few days😊,67542,@131423 Glad to see we could help! If you require any further assistance please don't hesitate to get in contact with us! ^HS,Thu Nov 30 09:20:19 +0000 2017,True,INFORMATIVE_RESOLUTION,REFUND_RETURN_INQUIRY
th_67541,67541,131423,"@AmazonHelp not a happy customer, been charged £80 for amazon prime!!! which I haven’t signed up for?",67539,@131423 Sorry to hear this. You can find info on cancelling Prime here: http:https://t.co/a4Yc9lKczA ^ES,Thu Nov 30 08:58:31 +0000 2017,True,INFORMATIVE_RESOLUTION,PRIME_MEMBERSHIP_BILLING
th_67549,67549,131425,@amazonhelp Through the website. Used the gift ideas link and filtered to gifts under £10 for women :),67551,"@131425 Thank your the additianl information, Julian!^SM",Thu Nov 30 10:27:35 +0000 2017,True,INFORMATIVE_RESOLUTION,OTHER_GENERAL
th_67558,67558,131427,"@AmazonHelp Called - they have been absolutely no help whatsoever. They have already tried to deliver today, outside of the times I specified, and will now try and deliver again but cant gaurantee it will be in specified time. What’s the point? You missed the original NDD, you need to fix it",67560,"@131427 Hello, were you able to try to provide a safe place for the parcel to be left? ^CR",Thu Nov 30 14:22:27 +0000 2017,True,INFORMATIVE_RESOLUTION,OTHER_GENERAL
th_67562,67562,131427,@AmazonHelp I take it that no response means that no one is capable of correcting your failures and resolving this issue?,67563,"@131427 option doesn't work for you, then please reach out to us via phone or chat so that we can explore a resolution together.  https://t.co/JzP7hlA23B  ^SP (2/2)",Thu Nov 30 18:35:13 +0000 2017,True,INFORMATIVE_RESOLUTION,OTHER_GENERAL
th_67559,67559,131427,@AmazonHelp I am only available to accept the parcel during specific times and do not want it left unattended given its value. My perspective is that it’s down to you to now ensure you deliver it during the times I am available given that you have failed to meet the selected NDD.,67557,@131427 We understand and value your time. Please connect with our support team from here https://t.co/TxK11znixD and they would do the needful to get the package delivered when you are available to collect. ^KK,Thu Nov 30 08:32:52 +0000 2017,True,INFORMATIVE_RESOLUTION,ORDER_TRACKING_DELAY
th_67567,67567,131427,@AmazonHelp Shows as ‘on its way’ and only having left carrier depot at 9.40pm this evening. Delivery is by Amazon Logistics. App still shows the delivery date as today but when I go through the support section of the app it tells me scheduled delivery is tomorrow (30th),67566,"@131427 Hi, If the parcel is not with you by the 30th, please do let us know Here are some safe place options if you are not available for the delivery: https://t.co/TwFGvxbNe6 ^CR",Thu Nov 30 07:01:56 +0000 2017,True,INFORMATIVE_RESOLUTION,ORDER_TRACKING_DELAY
th_67569,67569,131427,"@AmazonHelp Now 22:00 and no parcel, as mentioned above apparently it was never going to be delivered today... I need it for Saturday and I am only available at certain times to take the parcel between now and then.",67568,@131427 I'm sorry your package wasn't delivered. Can you let us know what's the status of the tracking and who the carrier is?  https://t.co/aaDyEz1VgE  ^LL,Wed Nov 29 22:02:41 +0000 2017,True,INFORMATIVE_RESOLUTION,ORDER_TRACKING_DELAY
th_67571,67571,131427,@AmazonHelp This is what I was told at 1pm today: https://t.co/gj8pn89KA1,67570,"@131427 I'm sorry for any concern this causes. Please keep us updated, and let us know if your parcel doesn't arrive by 22:00 today. We want to ensure you receive your parcel. ^WT",Wed Nov 29 20:58:45 +0000 2017,True,INFORMATIVE_RESOLUTION,OTHER_GENERAL
th_67574,67574,131427,@AmazonHelp @AmazonHelp I can now understand why he was so pushy to get me to answer the customer survey on his support. Do anything to get top marks! Horrendous experience and I expect better from Amazon.,67573,"@131427 I'm sorry for the wait on your order. We deliver until 22:00 daily. Have you received a notification letting you know your order won't be delivered today? If so, did you receive a new delivery date or delivery window? ^AN",Wed Nov 29 20:42:53 +0000 2017,True,INFORMATIVE_RESOLUTION,OTHER_GENERAL
th_67581,67581,131430,@AmazonHelp https://t.co/gDlLQGfUqyI saw that banner n clickedUpon clicking i checked..only Cleartrip gvs @3922% off n rest others having 10% off.. but nowhere found bookmyshow,67583,@131430 Let us check this out for you. Please reach us via https://t.co/CNHA4voaWH and we'll get in touch with you soon. ^VM,Thu Nov 30 09:02:44 +0000 2017,True,INFORMATIVE_RESOLUTION,OTHER_GENERAL
th_67588,67588,131432,@AmazonHelp my friend ordered for a memory card but he got an empty parcel. what should he do next?,67586,@131432 Oh no! Sorry to hear this. What site did your friend place the order on Amazon IN/ US/UK or another location?^ES,Thu Nov 30 08:55:47 +0000 2017,True,INFORMATIVE_RESOLUTION,ORDER_TRACKING_DELAY
th_69262,69262,131675,"@AmazonHelp It was ""AMZL US""",69261,@131675 We would like to look into this with you so please provide your order information here: https://t.co/B4JI4CV7K8 ^DD,Wed Nov 22 21:09:44 +0000 2017,True,INFORMATIVE_RESOLUTION,OTHER_GENERAL
th_69264,69264,131675,"Hey @115821 @AmazonHelp not sure this is the best/safest place to leave a package... in the grass, by the mailbox, next to the street in plain sight.... https://t.co/SUTwX8cFPe",69263,@131675 I'm so sorry to see this! Can you let us know who the carrier was for the order? You can review this information here: https://t.co/q4LAMZ3tbE ^JS,Wed Nov 22 21:03:13 +0000 2017,True,INFORMATIVE_RESOLUTION,ORDER_TRACKING_DELAY
th_69266,69266,131676,"@AmazonHelp yeah its on that episode of cheers but I tried another episode and it didn't appear to be there, maybe it's just that episode?",69268,@131676 Can you tell us which Amazon site you have your account set up on? Is it https://t.co/AEq71cHRaJ etc? ^BZ,Thu Nov 23 06:37:21 +0000 2017,True,INFORMATIVE_RESOLUTION,OTHER_GENERAL
th_69269,69269,131676,"@AmazonHelp no, it's the main US version, and I'm accessing prime video on my Roku",69270,@131676 Can I ask if you have tried this episode on any other device to see if the same issue occurs? ^KI,Thu Nov 23 06:58:25 +0000 2017,True,INFORMATIVE_RESOLUTION,PRIME_MEMBERSHIP_BILLING
th_69609,69609,131776,@AmazonHelp In the last 30 mins? No.,69610,"@131776 Hi Sally, you can get in touch with us here:  https://t.co/hApLpMlfHN. We can investigate this further for you. ^HS",Thu Nov 30 10:23:09 +0000 2017,True,INFORMATIVE_RESOLUTION,OTHER_GENERAL
th_69611,69611,131776,@AmazonHelp I’d rather the order just be cancelled so I don’t have the extra hassle of returning items because they didn’t arrive on time. That’s a waste of my time.,69612,"@131776 We have no access to your account or orders through social media. If you haven't done so already, please reach us directly via the ^HS provided so we may look into available options for you. ^BV",Thu Nov 30 20:55:05 +0000 2017,True,INFORMATIVE_RESOLUTION,REFUND_RETURN_INQUIRY
th_69614,69614,131777,"@AmazonHelp The billing address was the issue, I have a weird address some sites don't register well which is normally fixed by adding or removing  the start of it. It just woulda been easier if I was told a few days ago instead of a last minute email.",69616,@131777 Have you raised this address issue directly with us before? If so what were you advised by the associate?^SM,Thu Nov 30 10:08:19 +0000 2017,True,INFORMATIVE_RESOLUTION,PRIME_MEMBERSHIP_BILLING
th_69617,69617,131777,"@AmazonHelp I mean, either way I'd still be waiting 4 days longer for my package. Might as well get off my butt for once and grab a copy at retail 😅Thanks for the help all the same, hopefully it will be a non-issue next time I use Amazon",69618,@131777 Please raise this with us when you get a chance so we can try to prevent the issue happening again! Hope you enjoy your game 😊^PJ,Thu Nov 30 10:18:04 +0000 2017,True,INFORMATIVE_RESOLUTION,ORDER_TRACKING_DELAY
th_69620,69620,131778,@AmazonHelp Just googled Amazon Prime. Look what the first three words are https://t.co/WE9cMWIAX0,69623,"@131778 Yes, Prime Delivery is one day delivery from dispatch for most items. Items not available within the UK will receive a quick delivery method but that may not be one-day from dispatch The checkout process will give you the most accurate time-frame. ^MI",Thu Nov 30 10:02:37 +0000 2017,True,INFORMATIVE_RESOLUTION,PRIME_MEMBERSHIP_BILLING
th_69622,69622,131778,@AmazonHelp But paying for prime is about next day delivery surely?  Checkout is also saying 2nd.,69619,"@131778 Prime does not always mean one-day delivery. As a Prime customer, you also are provided with two-day and expedited delivery options which are faster than our standard delivery options.^PJ",Thu Nov 30 09:51:01 +0000 2017,True,INFORMATIVE_RESOLUTION,PRIME_MEMBERSHIP_BILLING
th_69631,69631,131780,"@AmazonHelp  Order# 407-8809404-0041923 why prime order taking 7 days after dispatch? It was mentioned next day delivery, now it's showing next Wednesday. Immediately rectify it. I want it today.",69630,@131780 I understand your concern regarding the delivery of your package. Have you reported this to our support here: https://t.co/vlvfJr4nN9? Please don’t provide your order details as we consider them to be personal info. Our page is visible to public. ^AH,Thu Nov 30 09:35:05 +0000 2017,True,INFORMATIVE_RESOLUTION,PRIME_MEMBERSHIP_BILLING
th_69633,69633,131781,@AmazonHelp Why are you still showing it as available next day?,69635,@131781 Sorry to hear about the poor experience. What date is provided for delivery if you go to checkout with the item? ^MI,Thu Nov 30 09:57:57 +0000 2017,True,INFORMATIVE_RESOLUTION,OTHER_GENERAL
th_69634,69634,131781,"Had to cancel an Amazon Prime order, as it was undelivered even after 8 days, on Prime next day delivery. And its STILL showing on the site as available next day on prime. @115821 @AmazonHelp @115830",69632,"@131781 Hi, really sorry to hear you had to cancel your order. During this busy period, some orders are experiencing delays. Did you receive an email advising of the delay? ^JC.",Thu Nov 30 09:47:58 +0000 2017,True,INFORMATIVE_RESOLUTION,PRIME_MEMBERSHIP_BILLING
th_69643,69643,131783,"@AmazonHelp Hi, no only the packaging it came in. Not ideal tho.",69642,"@131783 If you get a chance, can you contact us here: https://t.co/oGDklGgbCZ so that we can look into this further for you?^PJ",Thu Nov 30 09:50:02 +0000 2017,True,INFORMATIVE_RESOLUTION,OTHER_GENERAL
th_69646,69646,131784,@AmazonHelp We are at work today and out today at a private appointment. We can't take another day off for Amazon deliveries.,69645,@131784 Have you left safe place instruction for where the driver can leave the order should you not be in?^SM,Thu Nov 30 09:47:29 +0000 2017,True,INFORMATIVE_RESOLUTION,OTHER_GENERAL
th_69648,69648,131784,@AmazonHelp We have only been told it may be another day or two. I can't plan my working days around Amazon deliveries. Pretty shocked at how late in the day this notification came through as well.,69647,"@131784 Late parcels typically arrive within 24 hours of their original delivery date. If not received by 22:00 tomorrow, please phone or chat with us here: https://t.co/JzP7hlA23B ^AN",Wed Nov 29 17:18:38 +0000 2017,True,INFORMATIVE_RESOLUTION,ORDER_TRACKING_DELAY
th_69651,69651,131784,@AmazonHelp so I took the day off to wait for the Christmas tree delivery and Amazon emails us at 16:20 PM to tell us there is a delay in delivery!? What kind of service is this? I wasted a whole day for this.,69649,"@131784 I'm sorry to hear that, were you provided with a new delivery date?^TI",Wed Nov 29 17:06:24 +0000 2017,True,INFORMATIVE_RESOLUTION,ORDER_TRACKING_DELAY
th_69661,69661,131787,@AmazonHelp I've sent a message.  Please check and revert.,69663,@131787 We have responded to your DM. ^SF,Fri Dec 01 10:07:04 +0000 2017,False,PURE_DM_REQUEST_NO_GUIDANCE,OTHER_GENERAL
th_69667,69667,131788,"@AmazonHelp I am waiting to hear back from the seller. I don't really think a reason would even matter right now. I paid, and then some time later they shipped it. Could I get it for the same price I purchased it for if they put it back up for sale? Can't find anything similar on Amazon.",69664,"@131788 Hi Rachelle, really sorry about this. Unfortunately, we wouldn't be able to give you any info in regard to sellers prices, due to them being individual sellers, we have no control over their prices. Have you emailed them to ask if they can send out another? - Jenna",Thu Nov 30 09:39:12 +0000 2017,True,INFORMATIVE_RESOLUTION,ORDER_TRACKING_DELAY
th_69682,69682,130696,@AmazonHelp @115850 Just received call from some Amazon delivery supervisor to understand issue. He tells that this issue is reported to him today. WHAT WAS AMAZON CUSTOMER CARE DOING FOR PAST 15 DAYS? SLEEPING? #AmazonFails #AmazonFraud #AmazonPayQuiz #AmazonPay @115851,69683,"@130696 I certainly understand your situation. However, as you've filled the details, we'll check and work on your concern right away. We request you to wait for an update from us till then. ^HS",Thu Nov 30 10:19:00 +0000 2017,True,INFORMATIVE_RESOLUTION,ORDER_TRACKING_DELAY
th_69684,69684,130696,@AmazonHelp @115850 Plz update on the status of my money. I was called today by courier boy and promised an upload of money. PLZ FOLLOW UP. #AmazonFraud #AmazonFails #AmazonPayQuiz #AmazonPay @115851,69686,"@130696 We are working on your concern and will resolve it at the earliest, if you still have an insight to add reply to the correspondence you have received. ^MD",Fri Dec 01 14:57:36 +0000 2017,True,INFORMATIVE_RESOLUTION,ORDER_TRACKING_DELAY
th_69685,69685,130696,"@AmazonHelp @115850 Guys FOLLOW UP. I was called up by courier boy and told that money will get uploaded. WITHOUT any pressure, this SCAM is not going to end #AmazonFails #AmazonFraud #AmazonPay #AmazonPayQuiz @115851",69687,@130696 I'm sorry about the delay. Kindly reply to the correspondence that we've sent. We'll check this for you. ^SG,Fri Dec 01 15:06:58 +0000 2017,True,INFORMATIVE_RESOLUTION,ORDER_TRACKING_DELAY
th_69688,69688,130696,"@AmazonHelp ALREADY REPLIED ON MAIL. WHY DID YOU GUYS NOT UPDATE? HAVE BEEN WAITING FOR MY MONEY FOR 15 DAYS. IF THIS IS NOT RESOLVED BY TOMORROW, I WILL GO LEGAL AND START WITH AN FIR AGAINST SENIOR MANAGEMENT. @115850 @115851 #AmazonFails #AmazonFraud #AmazonPay #AmazonPayQuiz",69689,@130696 Thanks for writing back to us. We value your time and money. We will update you with the status of the refund at the earliest. ^CB,Fri Dec 01 15:34:55 +0000 2017,True,INFORMATIVE_RESOLUTION,ESCALATION_HIGH_RISK
th_69690,69690,130696,@AmazonHelp @115850 Is 15 days not sufficient for you guys to investigate a money fraud? Whats the update on my mail sent yesterday for follow up? #AmazonFails #AmazonFraud #AmazonPay #AmazonPayQuiz @115851,69691,@130696 You should've received a correspondence on your registered email address. Kindly check for the same. ^AP,Sat Dec 02 06:58:00 +0000 2017,True,INFORMATIVE_RESOLUTION,ESCALATION_HIGH_RISK
th_69692,69692,130696,"@AmazonHelp @115850 Does this help if you have lost your money? ""I've checked the details and I see that our team is right on it."" What does it mean? By When? Today is DAY 19th. #AmazonFraud #AmazonPay #AmazonPayQuiz #AmazonFails @115851",69693,@130696 We are working on it. We will reach out to soon with an update. Appreciate your patience. ^RW,Sat Dec 02 07:28:24 +0000 2017,True,INFORMATIVE_RESOLUTION,OTHER_GENERAL
th_69694,69694,130696,@AmazonHelp @115850 STILL NO UPDATE ON CASH UPLOAD. HOW MUCH TIME IS REQUIRED TO INVESTIGATE A SIMPLE FRAUD CASE OF CASH UPLOAD? I HAVE GIVEN ANOUGH WARNINGS ... ITS NOT LONG B4 I FILE FIR FOR FRAUD AND GO TO CONSUMER COURT. #AmazonFails #AmazonPayQuiz #AmazonPay #AmazonFraud @115851,69695,"@130696 Apologies for the stretch, Ritesh. We have received your email, we will get back to you with an update at the earliest. ^AH",Sun Dec 03 06:11:45 +0000 2017,True,INFORMATIVE_RESOLUTION,ESCALATION_HIGH_RISK
th_69696,69696,130696,@AmazonHelp @115850 CALLED UP UR CUSTOMER CARE CHECK STATUS. ASKED THEM TO CONFIRM OVER MAIL AND THEY HANG UP. WHAT A CUSTOMER SERVICE TEAM YOU GUYS HAVE #AmazonFraud #AmazonFails #AmazonPay #AmazonPayQuiz @115851 PS: is this why Amit Agarwal is not on twitter #whereisamazonindiamd,69697,@130696 I'm sorry for the experience. We've received your details and are working on the concern. We'll reach out to you soon. ^AP,Sun Dec 03 06:51:57 +0000 2017,True,INFORMATIVE_RESOLUTION,OTHER_GENERAL
th_63992,63992,130696,@AmazonHelp @115850 Still waiting for response. The link provided opens twitter .. at least provide a valid link. ITS 15 days and I STILL DONT HAVE CASH I LOADED. I WANT MY MONEY @115851 #AmazonFails #AmazonFraud #AmazonPayQuiz #AmazonPay,69681,"@130696 We're extremely sorry for the hassle. Please fill this form: https://t.co/beaaDm0muc and we'll have a closer look at your concern. Once you do the needful, our team will get back to you with an update soon.^AR",Thu Nov 30 09:38:15 +0000 2017,True,INFORMATIVE_RESOLUTION,OTHER_GENERAL
th_69704,69704,131792,@AmazonHelp I logged into my account just for an update and it said delivered so I looked into it - it rained last night so therefore it was in the rain,69705,"@131792 Hi Ryan, did you check with your neighbours? ^HS",Thu Nov 30 10:02:19 +0000 2017,True,INFORMATIVE_RESOLUTION,ORDER_TRACKING_DELAY
th_69707,69707,131792,@AmazonHelp We've asked neighbours and checked everywhere and it has not been delivered!!!!,69709,@131792 Is the item sold directly by Amazon or a seller?^CN,Thu Nov 30 10:48:22 +0000 2017,True,INFORMATIVE_RESOLUTION,ORDER_TRACKING_DELAY
th_69702,69702,131792,@AmazonHelp we order an electronic item and it was supposedly delivered yesterday - left outside in rain - no email to say it was delivered,69700,@131792 Oh no! Sorry to hear this. Was the item damaged?^ES,Thu Nov 30 09:48:11 +0000 2017,True,INFORMATIVE_RESOLUTION,ORDER_TRACKING_DELAY
th_69711,69711,131793,@AmazonHelp It's been delivered today. Thank u.,69710,@131793 We're glad to know the order was delivered. Do keep us posted for further concerns. ^BV,Thu Nov 30 09:30:55 +0000 2017,True,INFORMATIVE_RESOLUTION,ORDER_TRACKING_DELAY
th_69716,69716,131794,@AmazonHelp Today is 30 but its not yet delivered though you promised today. Plz share delivery boy contact no asap,69714,"@131794 Could you please let us know the tracking status you see here: https://t.co/pYHdlcj0Ot? So that, we could assist you accordingly. ^AM",Thu Nov 30 09:32:48 +0000 2017,True,INFORMATIVE_RESOLUTION,ORDER_TRACKING_DELAY
th_69719,69719,131794,@AmazonHelp My order is lying at Gorakhpur hub today since 6Am but no courier boy has been assigned for delivery though it is to be delivered in center city  You cant even deliver one day before. Very poor service.Flipkart do mentions 3-4 but delivers in 1-2 day. My mistek chosse amazn,69718,@131794 The package has to undergo a few more checks and scans before we hand it over to an agent for delivery. As requested earlier kindly wait until the estimates and this would be delivered at the earliest to you.  ^KK,Wed Nov 29 11:03:40 +0000 2017,True,INFORMATIVE_RESOLUTION,ORDER_TRACKING_DELAY
th_69768,69768,131805,"@AmazonHelp Thanks, the order is from Amazon. I've checked my order online repeatedly, and ""Delay in delivery due to external factors"" is the reason given. It was meant to be here last Friday :-(",69766,"@131805 Hi Charlotte. Thanks for confirming that. If you get in touch: https://t.co/hApLpMlfHN, we'll be happy to see what additional information is available. ^DC",Thu Nov 30 09:42:17 +0000 2017,True,INFORMATIVE_RESOLUTION,ORDER_TRACKING_DELAY
th_69772,69772,131806,@AmazonHelp you cancelled my order bc you thought someone else was on my account but i cant repurchase it bc it was a lightning deal,69775,@131806 Hi Ruby. We wouldn't have the option to replace a canceled order. You would need to replace the order directly. Have you since regained access to your account? ^NV,Thu Nov 30 10:03:08 +0000 2017,True,INFORMATIVE_RESOLUTION,ORDER_TRACKING_DELAY
th_69776,69776,131806,"@AmazonHelp I can't replace the order as it was the nintendo switch bundle cyber monday deal so it was a different price than usual, I have access to my account though",69777,@131806 I am glad that you now have access to your account. We are unable to price match on lightining deals once the time expires.^SM,Thu Nov 30 10:17:36 +0000 2017,True,INFORMATIVE_RESOLUTION,ORDER_TRACKING_DELAY
th_69774,69774,131806,"@AmazonHelp have emailed &amp; phoned regarding my recent order being cancelled and still no help, pls can someone look into it?",69771,"@131806 Sorry to hear that, Ruby. Without revealing any personal information, can you tell me a bit more about the issue?^TI",Thu Nov 30 09:36:04 +0000 2017,True,INFORMATIVE_RESOLUTION,ORDER_TRACKING_DELAY
th_69785,69785,131809,@AmazonHelp They already have rejected my replacement request stating that they have checked it and nothing was faulty so u have to bear the loss @115821 @AmazonHelp,69784,@131809 We would like to help you. Please share your details with us here: https://t.co/GIJyeYqKE0. We'll get in touch shortly. ^CB,Thu Nov 30 09:38:43 +0000 2017,True,INFORMATIVE_RESOLUTION,OTHER_GENERAL
th_69787,69787,131809,"Amazon.in is the biggest fraud in this country guys boycott this company they are cheating us by delivering empty boxes and not even giving the refund for this , i will upload the cctv camera footage of my house and show it to everyone @AmazonHelp",69786,@131809 Sorry to know you've received an empty box. It is never our intention to cause inconvenience to you. Please report it here: https://t.co/vlvfJr4nN9 &amp; we'll take necessary actions to make things right.^AR,Thu Nov 30 05:40:45 +0000 2017,True,INFORMATIVE_RESOLUTION,ESCALATION_HIGH_RISK
th_69793,69793,131812,@AmazonHelp I want replacement of the product. With original product! I have written  your. Customer service team,69795,"@131812 If you've replied to our email, we'll surely have a closer look at your insight and will reach out to you with an update. Appreciate your patience until then. ^HS",Thu Nov 30 10:10:26 +0000 2017,True,INFORMATIVE_RESOLUTION,OTHER_GENERAL
th_69796,69796,131812,@AmazonHelp I want replacement ! Don't fool people! I not  Stopping until I get original product!,69798,@131812 We're working to resolve this soon and we'll be sure to reach out to you with an update at the earliest. Your patience is much appreciated. ^VN,Thu Nov 30 10:26:42 +0000 2017,True,INFORMATIVE_RESOLUTION,OTHER_GENERAL
th_69800,69800,131812,@AmazonHelp I am expecting a call from Amazon with date on which product will get replaced! If not I will create a video on how Amazon fools customer in India with fake product,69801,"@131812 I understand that at this point of time asking you to wait would be disappointing, Rajath. We wouldn't be able to arrange a call back from Twitter. Kindly write back to the email sent by us with your preferred time and we'll get in touch with you.^AR",Thu Nov 30 11:00:14 +0000 2017,True,INFORMATIVE_RESOLUTION,OTHER_GENERAL
th_69802,69802,131812,@AmazonHelp Anytime you call me tell when you're replacing the fake product!,69803,@131812 I understand your concern. Kindly reply to the latest correspondence sent by our team with your preferred timings for call back and our team will get back to you soon.  Appreciate your understanding. ^GD,Thu Nov 30 11:36:46 +0000 2017,True,INFORMATIVE_RESOLUTION,OTHER_GENERAL
th_69806,69806,131812,@AmazonHelp Taking customer for ride ! I need a original product not refund!,69808,@131812 You can check for our correspondence here : https://t.co/DTSNmGldJf. Do check with the same and kindly write back. We'll work on it accordingly. Appreciate your cooperation here. ^CB,Thu Nov 30 13:13:29 +0000 2017,True,INFORMATIVE_RESOLUTION,REFUND_RETURN_INQUIRY
th_69809,69809,131812,"@AmazonHelp You're customer service I spoke just now , they can't solve my problem. They don't have power",69810,"@131812 We've responded to you. Please check for our email from social media team. In case, you need more assistance, please reach out to us bu replying to it. ^HS",Thu Nov 30 13:32:05 +0000 2017,True,INFORMATIVE_RESOLUTION,OTHER_GENERAL
th_69811,69811,131812,@AmazonHelp I have not received any mail s from your end. My mail I'd is __email__,69812,"@131812 We have sent you mail correspondence to your registered e-mail address; you may check this here: https://t.co/8DAc10S7ww. Also, please don't provide your order details, we consider it to be personal information. Our page is visible to the public. ^VH",Thu Nov 30 14:04:45 +0000 2017,True,INFORMATIVE_RESOLUTION,OTHER_GENERAL
th_69815,69815,131812,@AmazonHelp I have received enquiry from media agencies on seriousness of Amazon scam in India. If you're failing to resolve the issues I will handling them all the details.,69816,@131812 We are working on it and we will get back to you soon with an update. We appreciate your patience. ^MD,Thu Nov 30 15:10:07 +0000 2017,True,INFORMATIVE_RESOLUTION,OTHER_GENERAL
th_69794,69794,131812,@AmazonHelp I am busy now . By Saturday if don't get replacement product! I will share the entire incident in all major platforms.so that people aware about fake product sold at Amazon,69792,"@131812 We would be happy to review the situation. Do write back to our correspondence, if you want to add an insight. We will cross-check it for you. ^CB",Thu Nov 30 09:27:49 +0000 2017,True,INFORMATIVE_RESOLUTION,OTHER_GENERAL
th_69819,69819,131812,@AmazonHelp You're customer experience team is not solving The problem. They Said they have no solution. I am preparing video for YouTube/ Facebook/ instagram . If I don't get replacement I will create awareness on weekends to entire India,69818,@131812 I'm sorry to know that the resolution provided wasn't as you expected. Kindly respond to the email sent to you by the Social Media team and we'll take this up further. Appreciate your understanding. ^EM,Thu Nov 30 07:33:24 +0000 2017,True,INFORMATIVE_RESOLUTION,OTHER_GENERAL
th_69821,69821,131812,Amazon offering Fake Discounts #Fake Bose Products in India #lets uninstall Amazon from India #Daylight robbery by #@AmazonHelp #@115850 #JeffBezos #Amazon India is Cheating Customer#,69820,@131812 We have already responded to your query here: https://t.co/SqHpT4ssCu. Kindly proceed further to get this sorted. ^SC,Thu Nov 30 06:41:47 +0000 2017,True,INFORMATIVE_RESOLUTION,OTHER_GENERAL
th_69823,69823,131813,"@AmazonHelp Yes, as always. It's a running joke now. Complained yesterday and was offered zero meaningful help.",69825,@131813 Sorry to hear that. Can I ask what you were advised when you spoke with us yesterday?^TI,Thu Nov 30 10:36:56 +0000 2017,True,INFORMATIVE_RESOLUTION,OTHER_GENERAL
th_69826,69826,131813,"@AmazonHelp I can't be bothered to go into it again, it's all just too damn painful. Think I'll just cancel instead and, inevitably, buy less stuff with you as a result. But you don't care right? Just want to take it to DM so I can sh",69827,"@131813 Some deliveries may take slightly longer than usual due to this busy period, what is the current status on the tracking?.^CN",Thu Nov 30 10:56:00 +0000 2017,True,INFORMATIVE_RESOLUTION,REFUND_RETURN_INQUIRY
th_69828,69828,131813,"@AmazonHelp Don't worry about it, I really can't be bothered. It's a *recurring*, clearly systemic issue...",69829,"@131813 We'd definitely like to help, especially if it's a recurring issue. Can you tell us if it's happening with the same carrier each time? ^TS",Thu Nov 30 12:04:10 +0000 2017,True,INFORMATIVE_RESOLUTION,OTHER_GENERAL
th_69831,69831,131813,"@AmazonHelp Apparently it was 'delivered to resident at 3:33pm' yesterday (Th 30/11) -THIS IS AN OUTRIGHT LIE - no delivery, no card, nothing in the box we bought *specifically* for Amazon 'when we're out' (which we weren't) AND STILL NO NAPPIES (my poor baby!) Order: 205-4513111-9163526.",69832,"@131813 Hi I am sorry to hear that, please get in touch with us here:  https://t.co/JzP7hlA23B. ^HS",Fri Dec 01 09:52:35 +0000 2017,True,INFORMATIVE_RESOLUTION,ORDER_TRACKING_DELAY
th_69833,69833,131813,@AmazonHelp Why do I need to? What is the point of you if you can't even look into something like this for me??,69834,@131813 For security reasons we can't access your account information from here as it's a public platform. Please use the link above for a swift resolution to this issue. Thanks.^SM,Fri Dec 01 10:01:49 +0000 2017,True,INFORMATIVE_RESOLUTION,OTHER_GENERAL
th_69838,69838,131814,"@AmazonHelp Hi there, still no response from anyone!",69836,"@131814 Sorry to hear that, Julianne. Can I ask if you emailed us, or reached out by phone or Live Chat?^TI",Thu Nov 30 09:34:36 +0000 2017,True,INFORMATIVE_RESOLUTION,OTHER_GENERAL
th_69843,69843,131815,@AmazonHelp I'm hvng issues with my recently bought 100% original Motorola turbo power charger 2.8 amp delivered on 4th of Nov. It's been less than a month and I'm not getting any solution either from custmr support or the seller. Order id 4__credit_card__ amazon id. Ankursingh,69842,"@131815 Please don't provide your order details, we consider it to be personal information. Our page is visible to the public. 2/2 ^SY",Thu Nov 30 09:11:17 +0000 2017,True,INFORMATIVE_RESOLUTION,ORDER_TRACKING_DELAY
th_69847,69847,131816,@AmazonHelp hi an item i orderd says it cannot be delivered and i am to contact amazon for assistance?,69845,"@131816 Hi Ricky, can you contact us here: https://t.co/oGDklGgbCZ so that we can assist you further with your order?^PJ",Thu Nov 30 09:33:22 +0000 2017,True,INFORMATIVE_RESOLUTION,ORDER_TRACKING_DELAY
th_69849,69849,131817,@AmazonHelp Ok NOW I have a problem. An order was originally by yesterday and now it is saying any time before NEXT Saturday. If I knew it would be this much trouble I would have bought it in a shop because I need it. And of course I can’t cancel it now. Help?,69848,@131817 I'm sorry to hear about the delay with the order. Who is the carrier? You can find the information on your order here:  https://t.co/aaDyEz1VgE. ^MI,Thu Nov 30 09:33:05 +0000 2017,True,INFORMATIVE_RESOLUTION,REFUND_RETURN_INQUIRY
th_69851,69851,131817,@AmazonHelp No but what happened to prime being next day delivery? Not four-day delivery?,69850,@131817 I certainly understand your frustration! We strive to meet the date given in check out. Next-day delivery refers to transit time as some items may need additional processing. You can view more information here: https://t.co/6wv9knsbFa. We hope this helps. ^HC,Mon Nov 27 18:55:37 +0000 2017,True,INFORMATIVE_RESOLUTION,PRIME_MEMBERSHIP_BILLING
th_63991,63991,130696,@AmazonHelp @115850 The link provided https://t.co/QY4xwitIgJ   is not working and opening twitter. Please provide the link so that I can copy paste the information again for your DUMB supprt #AmazonFails #AmazonFraud #AmazonPay @115851,69854,@130696 Apologies for the trail. Please share your details with us here: https://t.co/GIJyeYqKE0 and ensure that form is submitted. We wouldn't be able to access your Amazon account till the form is submitted. Appreciate your understanding here.^CB,Thu Nov 30 09:21:45 +0000 2017,True,INFORMATIVE_RESOLUTION,OTHER_GENERAL
th_69863,69863,131819,@AmazonHelp Ok...actually in my product how we can creat SKU code that is the problem. if sombody can guid that will be nice.,69865,@131819 Let me help you here. Please connect with our seller support team here: https://t.co/hITbmQzz2y and they will be happy to check it out for you. ^AR,Thu Nov 30 09:38:15 +0000 2017,True,INFORMATIVE_RESOLUTION,OTHER_GENERAL
th_69866,69866,131819,@AmazonHelp Amezon people have made uploading of product so difficult that one problem is solvef....then another problem ready,69867,@131819 You can share all Seller related queries via the link shared above. Seller Support team will be happy to help you. ^CB,Sat Dec 02 17:39:53 +0000 2017,True,INFORMATIVE_RESOLUTION,OTHER_GENERAL
th_69887,69887,131820,@AmazonHelp Since yesterday you guys are telling that you’ll get back instantly. Lost all hopes!,69889,"@131820 Apologies for the stretch, Akshay. I'd like to inform you that we are working on your concern and we'll reach out to you with an update soon. Appreciate your understanding. ^VH",Thu Nov 30 12:14:09 +0000 2017,True,INFORMATIVE_RESOLUTION,OTHER_GENERAL
th_69890,69890,131820,@AmazonHelp All the winners have already done with everything. Till when i’m gonna get a solution? You guys promised for the resolution yesterday.,69891,"@131820 We've raised this with the concerned team and are awaiting an update. Meanwhile, feel free to revert to our correspondence for any concerns. ^YP",Thu Nov 30 13:42:12 +0000 2017,True,INFORMATIVE_RESOLUTION,OTHER_GENERAL
th_69892,69892,131820,@AmazonHelp It’s been 5 days &amp; there in no revert :(,69893,"@131820 I understand that waiting can be tiresome. As informed earlier, kindly revert to an email sent to you by the Social Media team and we'll get back to you with an update at the earliest. Appreciate your patience and understanding.^EM",Fri Dec 01 08:19:34 +0000 2017,True,INFORMATIVE_RESOLUTION,OTHER_GENERAL
th_69894,69894,131820,@AmazonHelp I haven’t received anything from the Social Media team.,69897,@131820 That's strange. Have you checked for the same here https://t.co/izfetVPdJ7? ^VM,Fri Dec 01 08:46:37 +0000 2017,True,INFORMATIVE_RESOLUTION,OTHER_GENERAL
th_69902,69902,131820,"@AmazonHelp It’s not there. Should i send you the screenshot via DM? Also, can you guys call &amp; resolve? Thanks!",69903,"@131820 We are positive that we have sent a correspondence to your registered email ID. please check and reply to the same, we will help you. ^AH",Sat Dec 02 12:15:16 +0000 2017,True,INFORMATIVE_RESOLUTION,OTHER_GENERAL
th_69905,69905,131820,@AmazonHelp Sending in the screenshot via DM. Please check!,69906,"@131820 I understand that you haven't received the correspondence, please share your details here https://t.co/GIJyeYqKE0 and we would get back to you. Please don't provide your order details, as we consider it to be personal information. Our Twitter page is public.​ ^MD",Sat Dec 02 12:44:54 +0000 2017,True,INFORMATIVE_RESOLUTION,OTHER_GENERAL
th_69908,69908,131820,@AmazonHelp Good Morning! I’ve shared it again &amp; there is no respond.,69909,@131820 We've sent you a correspondence to your registered email ID. Kindly check it here: https://t.co/8DAc10S7ww ^EM,Sun Dec 03 03:17:44 +0000 2017,True,INFORMATIVE_RESOLUTION,OTHER_GENERAL
th_69910,69910,131820,@AmazonHelp I’ve sent in the reply.,69911,@131820 Kindly wait for an update from our team soon. ^VM,Sun Dec 03 03:46:50 +0000 2017,True,INFORMATIVE_RESOLUTION,OTHER_GENERAL
th_69888,69888,131820,@AmazonHelp When? It’s already more then 72hours! :(,69886,"@131820 Apologies for the delay. Our team is working on it, we'll get back to you with an update at the earliest.  ^SC",Thu Nov 30 08:57:21 +0000 2017,True,INFORMATIVE_RESOLUTION,OTHER_GENERAL
th_69915,69915,131820,@AmazonHelp Sure. I loved the positive reply! :),69914,@131820 You're most welcome. We'll connect with you soon to get this resolved. ^CB,Wed Nov 29 14:01:54 +0000 2017,True,INFORMATIVE_RESOLUTION,OTHER_GENERAL
th_69917,69917,131820,@AmazonHelp I’ve sent the details again. https://t.co/Mh9NwpvGNy,69916,@131820 Thanks a bunch for sharing your details. We shall reach out to you at the earliest to make things right. ^CB,Wed Nov 29 13:46:58 +0000 2017,True,INFORMATIVE_RESOLUTION,OTHER_GENERAL
th_69920,69920,131820,@AmazonHelp A call back would be preferable!,69918,"@131820 Sure! Once we receive your email, we'll contact you right away. Appreciate your patience. ^HS",Wed Nov 29 12:50:01 +0000 2017,True,INFORMATIVE_RESOLUTION,OTHER_GENERAL
th_69922,69922,131820,@AmazonHelp Done. I really expect to get the solution by midnight. Thank you! :),69921,@131820 Thank you for sharing your details. Be assured that we will get in touch with you at the earliest. ^BV,Wed Nov 29 12:40:53 +0000 2017,True,INFORMATIVE_RESOLUTION,OTHER_GENERAL
th_69924,69924,131820,@AmazonHelp I’m asked again &amp; again to wait for 24-48 hours. Already 48hours are over!,69923,"@131820 Sorry for the stretch, Akshay. Kindly write back to the email you have received here: https://t.co/DTSNmGldJf and we'll get back to you soon with an appropriate resolution. ^SY",Wed Nov 29 11:58:20 +0000 2017,True,INFORMATIVE_RESOLUTION,OTHER_GENERAL
th_69926,69926,131820,@AmazonHelp There’s no update from your side. Didn’t expected such things from @115850 &amp; @119625!,69925,@131820 You must have received a correspondence from our team. Kindly check the same here: https://t.co/ubzNHWZvL2 ^SG,Wed Nov 29 11:35:35 +0000 2017,True,INFORMATIVE_RESOLUTION,OTHER_GENERAL
th_69929,69929,131820,@AmazonHelp Being a loyal customer of @115850! Expecting a positive reply on this. Thank you!,69927,"@131820 As you've shared your details, we'll check and get back to you soon, Akshay. ^RI",Tue Nov 28 11:00:55 +0000 2017,True,INFORMATIVE_RESOLUTION,OTHER_GENERAL
th_69939,69939,131823,"@AmazonHelp All sorted now, a replacement has been sorted. Thanks",69941,@131823 Glad to hear it! 👍 If you need anything else then please don't hesitate to let us know! ^KI,Thu Nov 30 10:17:16 +0000 2017,True,INFORMATIVE_RESOLUTION,OTHER_GENERAL
th_69940,69940,131823,@AmazonHelp what’s going on? Joke this! https://t.co/85TZcojd0R,69938,"@131823 Sorry to see that, Sean. Can I ask if you contacted us via the link provided in the email?^TI",Thu Nov 30 09:30:45 +0000 2017,True,INFORMATIVE_RESOLUTION,OTHER_GENERAL
th_69943,69943,131824,@AmazonHelp I purchased from Amazon.fr. But I live in Luxembourg.,69945,@131824 Please reach our CS using this link :  https://t.co/hgIrz98cdI,Thu Nov 30 12:49:32 +0000 2017,True,INFORMATIVE_RESOLUTION,OTHER_GENERAL
th_69944,69944,131824,"Hi @AmazonHelp my order has been delayed twice ❗️And when I tried to call your client service, they wanted to transfer my call to Amazon India (whereas I am in Luxembourg !). Any help ?",69942,"@131824 Sorry to hear about the confusion, Charles. What domain did you purchase the order from https://t.co/ykTUEmdsQA, .com., .fr etc?^SM",Thu Nov 30 08:57:07 +0000 2017,True,INFORMATIVE_RESOLUTION,ORDER_TRACKING_DELAY
th_69951,69951,131826,"@AmazonHelp Yes previously - went through the motions suggested, told to wait for 'the dept that deals', got nowhere except same template response. So simple for @115821 to resolve but won't, &amp; so damn frustrating for us at this critical selling period #poorservice",69953,@131826 I'm sorry about this poor experience! We certainly want to assist you with this matter. We'd like to take a closer look into this for you with detailed information from you. Please reach out to us here so that we can further assist you: https://t.co/i7Tkwht3G6 ^GP,Thu Nov 30 17:25:58 +0000 2017,True,INFORMATIVE_RESOLUTION,OTHER_GENERAL
th_69952,69952,131826,"So, we own Past Perfect Music label, the trademark &amp; distrib/manuf. @115821 keep saying ""due to our inability to verify info provided &amp; info re...prior selling history &amp; listings...your (music) listings affected...are inactive"" Why? Loads of our CDs stuck waiting FBA @AmazonHelp",69950,"@131826 Hi, have you had a chance to contact us to assist with this? If so, what did we advise?^PJ",Thu Nov 30 09:23:10 +0000 2017,True,INFORMATIVE_RESOLUTION,OTHER_GENERAL
th_69957,69957,131827,@AmazonHelp Sir waiting for your early action. huge amount is blocked,69959,@131827 I understand how worrisome such a situation can be. I'd like to inform you that we've sent the correspondence to your registered email ID. Kindly check it here: https://t.co/8DAc10S7ww ^EM,Fri Dec 01 09:23:48 +0000 2017,True,INFORMATIVE_RESOLUTION,OTHER_GENERAL
th_69958,69958,131827,@AmazonHelp Sir already reported to the support team and also talk with the costumer service help line nos several times and answer is enquiry is going on. since last 54 days I am very much harrassing becz of a huge amount is blocked. kindly help,69956,"@131827 I’d like to assist you with this, please fill this form: https://t.co/beaaDm0muc and I’ll contact you at the earliest ^RW",Thu Nov 30 08:59:12 +0000 2017,True,INFORMATIVE_RESOLUTION,OTHER_GENERAL
th_69967,69967,131829,"@AmazonHelp customer care calls and gives courier contact and they don't pick up the call. AGAIN. Is this how ""on priority"" works?",69966,"@131829 Apologies for the inconvenience you had with our Courier. We have sent a correspondence to your registered email ID. Please check and reply to the same, we will look into it. ^AH",Thu Nov 30 09:01:52 +0000 2017,True,INFORMATIVE_RESOLUTION,ORDER_TRACKING_DELAY
th_69969,69969,131829,@AmazonHelp done. Hope someone helps and just doesn't give us false promises this time🙄,69968,@131829 Thanks for sharing your details. We'll check and get in touch with you with an update at the earliest. Appreciate your patience until then. ^HS,Wed Nov 29 14:47:12 +0000 2017,True,INFORMATIVE_RESOLUTION,OTHER_GENERAL
th_71823,71823,130691,@AmazonHelp Make sure it gets delivered today. It has been in my city since yesterday early morning. I’m sure it can be done unless you would rather chose to make a fool out of your customers,71825,"@130691 I see that you're concerned about the delivery of your order. As informed earlier, we're working on it and we'll get this issue resolved at the earliest. ^BV",Thu Nov 30 10:31:45 +0000 2017,True,INFORMATIVE_RESOLUTION,ORDER_TRACKING_DELAY
th_71824,71824,130691,@AmazonHelp Are you still appreciating my patience as it’s about to run out. I haven’t received any sort of communication so far. It was supposed to be a friend’s birthday gift which you’ve effectively ruined.,71822,@130691 We value your time and don't intend to keep you waiting. Our team is working on the issue and will connect with you soon. ^CB,Thu Nov 30 10:18:59 +0000 2017,True,INFORMATIVE_RESOLUTION,OTHER_GENERAL
th_71832,71832,132119,@AmazonHelp UPS website says delayed due to unexpected circumstances. Not very helpful.,71831,@132119 I'm sorry about the delay and lack of information. Usually these delays are resolved very quickly and your order could still reach today. Let us know if there are no further updates. ^MI,Thu Nov 30 10:20:11 +0000 2017,True,INFORMATIVE_RESOLUTION,OTHER_GENERAL
th_71837,71837,132120,@AmazonHelp Done. I am awaiting for my refund.......,71836,@132120 Thanks for the heads-up. We'll check this and get back with an update. Keep an eye on your mailbox. ^YP,Thu Nov 30 10:10:41 +0000 2017,True,INFORMATIVE_RESOLUTION,REFUND_RETURN_INQUIRY
th_71848,71848,132122,@AmazonHelp who do i talk to about a possible missing order?,71846,"@132122 Hi Fiorella, hope you are well! You can contact us via this link: https://t.co/JzP7hlA23B. ^JC.",Thu Nov 30 10:19:08 +0000 2017,True,INFORMATIVE_RESOLUTION,ORDER_TRACKING_DELAY
th_71859,71859,132125,"@AmazonHelp @115821 @AmazonHelp why you are wasting my time. daily I am calling you peoples for 40-50 minutes, writing long email, doing social media posts. I am frustrated of doing all this.",71860,@132125 Apologies for the trouble. Kindly reply to the recent mail received from Social Media team. We'll look into this for you. Appreciate your patience. ^RB,Thu Nov 30 11:45:31 +0000 2017,True,INFORMATIVE_RESOLUTION,OTHER_GENERAL
th_71858,71858,132125,@AmazonHelp Again a joke. Where is the pick up team its already 03:30 PM. Whats the time in Amazon Watches??? https://t.co/Gh1FoQST3L,71856,"@132125 Also, please don't provide your order details, we consider it to be personal info. Our page is visible to the public. (2/2)^SF",Thu Nov 30 10:09:20 +0000 2017,True,INFORMATIVE_RESOLUTION,OTHER_GENERAL
th_71864,71864,132125,@AmazonHelp Please let me know a full and final date and time and i will check only after that. Hope this is not that difficult.,71863,"@132125 As informed earlier, our concern team is till working on your concern. We'll get back to you once we have an update on it. We request for your patience and understanding in this matter. ^HS",Wed Nov 29 10:39:22 +0000 2017,True,INFORMATIVE_RESOLUTION,OTHER_GENERAL
th_71866,71866,132125,@AmazonHelp Don't you have any resolution just a standard reply. tell me 24-48 hours means how many days. Not able to meet your 24-48 hours in 2 weeks. https://t.co/BfrLQM5xh9,71865,"@132125 I understand your concern regarding the pickup, Mehar. Please be assured that we're working on it &amp; we'll get back to you with an update soon. Please don't provide your order details, we consider it to be personal information. Our page is visible to the public. ^SY",Wed Nov 29 07:47:15 +0000 2017,True,INFORMATIVE_RESOLUTION,OTHER_GENERAL
th_71868,71868,132125,@AmazonHelp I have already written on your email. This is my hard earned money you are planing with. If you want me to add few more authorities related to eCommerce regulatory. I will be happy to copy all of them including media and your USA Team and competition..,71867,"@132125 I'm sorry it's taking longer than expected for the issue to be resolved. However, our team is actively working on this, you'd receive an update anytime soon. Appreciate your patience and understanding. ^EM",Tue Nov 28 10:16:33 +0000 2017,True,INFORMATIVE_RESOLUTION,OTHER_GENERAL
th_71870,71870,132125,@AmazonHelp I am fed-up with this pathetic service every time they want story from very beginning. I have already called your team 5 times wasted my 3-4 hrs talking them. I will be talking here please let resolve this issue. Also request don't follow this standard response. #GrowUp,71869,"@132125 I'm sorry for the stretch on resolving the concern. As requested, please reply to our email, we'll reach out to you soon. ^AP",Tue Nov 28 08:30:03 +0000 2017,True,INFORMATIVE_RESOLUTION,OTHER_GENERAL
th_71872,71872,132125,@AmazonHelp Good joke. Your customer care team is making fool of customer and you are will set up to snatch our hard earned money. #snatcher https://t.co/eFmWcVjUqU,71871,"@132125 We are following with this. Please reply to the email received from our team, we will check &amp; connect with you accordingly. Please don't provide your order details, as we consider it to be personal information. Our Twitter page is public.​ ^RW",Tue Nov 28 08:12:18 +0000 2017,True,INFORMATIVE_RESOLUTION,OTHER_GENERAL
th_71881,71881,132127,@AmazonHelp Is there an email I can write to later?,71883,@132127 Certainly you can email through our contact us pages here:  https://t.co/JzP7hlA23B. ^MI,Thu Nov 30 10:26:00 +0000 2017,True,INFORMATIVE_RESOLUTION,OTHER_GENERAL
th_71882,71882,132127,"@AmazonHelp Too long to write but when I called it was more of a friendly inquiry and when I hung up I was downright confused, angered and don't know if or when my order will arrive at this point. Horrible call.",71880,@132127 I am very sorry to hear that. Is your current parcel delayed ? Have you been provided with any new tracking information ?  ^CR,Thu Nov 30 10:19:19 +0000 2017,True,INFORMATIVE_RESOLUTION,ORDER_TRACKING_DELAY
th_71885,71885,132127,Very disappointed with @115821 customer service. Terrible experience. The call just got worse and worse.  #AmazonPrime @AmazonHelp,71884,"@132127 I  apologise for the bad experience.We would love to help you out with this, but can you just give us a bit more info first. Thank you.^SM",Thu Nov 30 10:00:57 +0000 2017,True,INFORMATIVE_RESOLUTION,OTHER_GENERAL
th_71892,71892,130666,"@AmazonHelp @115821 @116313 @115830 @115850  Its not any resolution. I have provided you a proper proof you give me details how your team investigated. They did nothing, and making me to pay for their mistakes. Your teams are careless then why i need to pay the loss. Give me my refund.",71893,"@130666 If your concern remains unresolved, please revert to the email correspondence you've received from us. We'll check and get back. ^YP",Thu Nov 30 10:28:32 +0000 2017,True,INFORMATIVE_RESOLUTION,REFUND_RETURN_INQUIRY
th_71895,71895,130666,"@AmazonHelp Dear team amazon, i am not getting any response by ur customer support about reconcern of my issue #emptybox #refund. Please reply revert a proper solution and take action against your seller &amp; delivery team as box was empty as i opened the amazon mi seal. https://t.co/lOXQyJbNJe",71896,"@130666 If you've responded to our correspondence, we'll be sure to work on this and reach out to you. ^VN",Thu Nov 30 16:43:00 +0000 2017,True,INFORMATIVE_RESOLUTION,REFUND_RETURN_INQUIRY
th_71897,71897,130666,"@AmazonHelp Yup, i responded as i got the mail. But didn't get any reply. I request to u sir, please see vedio again and concern over that i have opened company seal and there's no cell phone inside. As its sealed its surely missed at ur seller or delivery place.https://t.co/lOXQyJbNJe",71898,@130666 I understand your concern regarding the missing product. Kindly reply to the latest correspondence from our team and we'll assist you accordingly. ^GD,Thu Nov 30 17:12:27 +0000 2017,True,INFORMATIVE_RESOLUTION,ORDER_TRACKING_DELAY
th_71899,71899,130666,"@AmazonHelp @115821 Hello amazon, hello amazon.. is there anyone to solve my problem... #emptybox  @132130 can you ask amazon about where they missed my product.",71901,"@130666 I'm sorry but the resolution provided to you by our team via email is the best in this situation. For any further assistance, request you to please reply to it. Appreciate your understanding. ^AM",Fri Dec 01 12:22:33 +0000 2017,True,INFORMATIVE_RESOLUTION,OTHER_GENERAL
th_63817,63817,130666,"@115821 @AmazonHelp Sir, i got a mail by ur team again that they cant process my refund. I request you to check the vedio again and reconcern the issue. Its your delivery teams fault of missing the item. Please dont make me to share this empty box vedio all over other sites and higher authorities.",71891,@130666 Resolution provided in the mail is the best we could offer at this point in time. Appreciate your understanding. ^VH,Thu Nov 30 10:00:30 +0000 2017,True,INFORMATIVE_RESOLUTION,REFUND_RETURN_INQUIRY
th_71928,71928,132138,@AmazonHelp why do you stick the labels on the box. This is a gift and can’t get label off. Really disappointed with this shoddy service https://t.co/PLjW8o3gn0,71926,"@132138 Apologizes for any frustration caused Olive. Not all items are shipped with additional packaging, it explains this further here: https://t.co/TOck8KG7S2 ^NV",Thu Nov 30 10:09:10 +0000 2017,True,INFORMATIVE_RESOLUTION,OTHER_GENERAL
th_71935,71935,132140,"@AmazonHelp Good morning, do you have any information about when will Intel Core i5 8400 CPU be available to buy? Thanks!",71932,"@132140 Hi, have we provided a rough availability date on the product detail page? All of our most recent availability information would be on there. Which one of our sites are you uisng? Is it https://t.co/xib1YBfkwP of our others?^PJ",Thu Nov 30 10:08:13 +0000 2017,True,INFORMATIVE_RESOLUTION,OTHER_GENERAL
th_71945,71945,132142,"I've recharged my number using #amazon_pay but I didn't get any confirmation from my subscriber so far &amp; customer care executive told me that they didn't get any amount from Amazon against my recharge, please fix the issue @AmazonHelp @115850 https://t.co/S8vRh21Xil",71944,@132142 We would like to help you. Please share your details with us here: https://t.co/GIJyeYqKE0. We'll get in touch shortly.Please don't provide your order details as we consider it personal information. Our twitter page is visible to public.^CB,Thu Nov 30 10:07:20 +0000 2017,True,INFORMATIVE_RESOLUTION,OTHER_GENERAL
th_71952,71952,132145,@AmazonHelp I have now had an email that has resolved the issue. I appreciate your quick response and the resolution. Thank you.,71951,"@132145 Hi, I am glad that this has been corrected. I hope you have a great week. ^CR",Thu Nov 30 10:04:21 +0000 2017,True,INFORMATIVE_RESOLUTION,OTHER_GENERAL
th_71957,71957,132146,@AmazonHelp Just got an email that it was lost or damaged,71959,@132146 Sorry to hear it Brian. Has a replacement or refund been issued? What did the email advise? ^NV,Thu Nov 30 10:29:18 +0000 2017,True,INFORMATIVE_RESOLUTION,DAMAGED_WRONG_ITEM
th_71960,71960,132146,@AmazonHelp I contacted through amazon chat and the person told me since it was sent to a locker they couldn’t help me.  I cancelled Prime and am disputing the charge for the lost item with my credit card company.  The email said the item was lost or damaged,71961,"@132146 I'm sorry for the hassle! Unforeseen circumstances do occur, but we're here to help clear this up!  I'd like a member of our team to help with this. Pls provide some additional info, &amp; we'll get this sorted out &amp; be in touch w/ you directly: https://t.co/v8snO37xSH  ^KN",Thu Nov 30 11:37:25 +0000 2017,True,INFORMATIVE_RESOLUTION,PRIME_MEMBERSHIP_BILLING
th_71958,71958,132146,"@AmazonHelp Yes, and the app told me it was going to be there by 8, until after 8.  Then it was pushed back two days.   That tells anyone with a brain that your app shouldn’t be telling people that",71955,"@132146 Hi Brian. It sounds like an unexpected delay, it can take some time for the tracking to update. Please keep us posted on when your order does arrive and if you experience any further delays. ^NV",Thu Nov 30 10:03:31 +0000 2017,True,INFORMATIVE_RESOLUTION,PRODUCT_TECH_SUPPORT
th_71967,71967,132147,"@AmazonHelp No all update, had to track the package after it never showed up. AMAZON HAD IT being delivered by 8pm",71966,"@132147 I am sorry for the delay, Ray. Your order will be with you soon, please keep us updated if this does not arrive in the specified time.^SM",Thu Nov 30 10:01:00 +0000 2017,True,INFORMATIVE_RESOLUTION,ORDER_TRACKING_DELAY
th_71979,71979,132151,@AmazonHelp I put something on my wishlist last night for £59.99 (&amp; it's still showing that price atm on my list) click on the actual product &amp; price jumps up to £84.99?,71981,"@132151 Hey Ron, do you have the link to the item on the website? ^RS",Thu Nov 30 10:29:11 +0000 2017,True,INFORMATIVE_RESOLUTION,OTHER_GENERAL
th_71982,71982,132151,"@AmazonHelp Sorry! I don't to hand. It's the 'Lego Star Wars The Last Jedi BB-8'. £59.99 on my wishlist, £84.99 when I click on the link.",71983,"@132151 Hi Ron, thanks for confirming. When you click on the item, and the price increases, can you see who the item is sold by? Is it sold by us, or a seller? ^JC.",Thu Nov 30 10:43:11 +0000 2017,True,INFORMATIVE_RESOLUTION,OTHER_GENERAL
th_71995,71995,132155,@AmazonHelp I am quite surprised that even after seven hours I have not got any call from Amazon. This is just incredible.,71997,"@132155 We're working on your concern. Once we are done with it, we'll connect with you at the earliest. Appreciate your patience until then. ^HS",Thu Nov 30 13:34:52 +0000 2017,True,INFORMATIVE_RESOLUTION,OTHER_GENERAL
th_71998,71998,132155,@AmazonHelp Thank you Amazon. I just received a call from Costa Rica. The person was very helpful and has taken my concerns. I truly appreciate your gesture. I hope the echo improves fast so that I can enjoy it. Very grateful indeed!,71999,@132155 You're welcome. Please be assured we are actively working towards improving and availing more features for the Echo device. Appreciate your understanding. ^EM,Fri Dec 01 04:36:10 +0000 2017,True,INFORMATIVE_RESOLUTION,PRODUCT_TECH_SUPPORT
th_71996,71996,132155,@AmazonHelp I still await a call from your end.,71994,@132155 I understand that waiting can be tiresome. Please be assured that we'll get in touch with you soon. Appreciate your patience. ^BV,Thu Nov 30 09:45:19 +0000 2017,True,INFORMATIVE_RESOLUTION,OTHER_GENERAL
th_72001,72001,132155,@AmazonHelp Actually I have submitted the form. I could fill in the form. Please do see and let me know.,72000,"@132155 We've received your details, Ketan. We'll get back to you at the earliest. ^SC",Thu Nov 30 06:29:04 +0000 2017,True,INFORMATIVE_RESOLUTION,OTHER_GENERAL
th_72004,72004,132155,"@AmazonHelp Since I am filling the form on my iPhone, I am finding it difficult to put the Twitter you are well and hence the form does not go. Can I DM you my number? I am blind.",72002,@132155 You would be unable to open the link from your phone. Kindly fill in the details from a desktop/laptop and we'll reach out to you soon. ^VM,Thu Nov 30 05:45:28 +0000 2017,True,INFORMATIVE_RESOLUTION,OTHER_GENERAL
th_72008,72008,132156,"@AmazonHelp Thank you for getting back. It's definitely not with a neighbour and it's definitely not been left outside anywhere, there's no note to say they tried to deliver or anything like that.",72010,@132156 Please get in touch with us here: https://t.co/JzP7hlA23B so we can assist you further.^CN,Thu Nov 30 12:13:13 +0000 2017,True,INFORMATIVE_RESOLUTION,OTHER_GENERAL
th_72009,72009,132156,"@AmazonHelp I ordered 4 items last week, and Amazon says they all delivered yesterday, but only 3 items came - the PS4 game didn't. Please advise",72007,"@132156 Hi Scarlett, really sorry to hear this! Please check out our help page for when parcels have been marked as delivered, but not received, this will give you all the info you need for the next steps to take: https://t.co/XQBYdYR4no. ^JC",Thu Nov 30 09:57:30 +0000 2017,True,INFORMATIVE_RESOLUTION,ORDER_TRACKING_DELAY
th_69650,69650,131784,@AmazonHelp We now been told the tree will arrive by Dec 8th. That's more than a week than what we were promised when we made the purchase. We could have gone with another provider instead if Amazon had been upfront about this! Now we won't have a tree for the first Advent December weekend!,72017,"@131784 Hello, I am sorry to hear about this delay. You can contact us directly here:  https://t.co/JzP7hlA23B and we can investigate further for you. ^HS",Thu Nov 30 09:49:22 +0000 2017,True,INFORMATIVE_RESOLUTION,OTHER_GENERAL
th_73429,73429,132320,@AmazonHelp If they respond today do you think I can get the exchange in time though?,73431,"@132320 Hi Michael, the seller would be the best person to advise on the timings. ^HS",Thu Nov 30 11:00:44 +0000 2017,True,INFORMATIVE_RESOLUTION,OTHER_GENERAL
th_73432,73432,132320,"@AmazonHelp And if they won't be able to get it for me, will I be able to cancel the exchange request and put a request for a refund in?",73433,"@132320 Hi Michael! As HS said, it would be best to contact the seller since all sellers have their own polices for returns/exchanges. ^JY",Thu Nov 30 11:28:15 +0000 2017,True,INFORMATIVE_RESOLUTION,REFUND_RETURN_INQUIRY
th_73445,73445,132426,"@AmazonHelp Brilliant, one of the items doesn’t work and another has a defect, only the third time in the past week I’ll have to return items 😊",73444,"@132426 Really sorry to hear this, Matthew. Please contact us via this link: https://t.co/JzP7hlA23B. We will do our best to get the returns process sorted for you.",Thu Nov 30 10:46:58 +0000 2017,True,INFORMATIVE_RESOLUTION,REFUND_RETURN_INQUIRY
th_73447,73447,132426,"@AmazonHelp Okay, so package has just been delivered even though I’m sure it says you stop delivery at 8!! 😩😩😩",73446,"@132426 Thank you for letting us know it's arrived. If you would like, you're welcome to provide feedback about your experience to us using the following link: https://t.co/JzP7hlA23B ^ST",Wed Nov 29 20:55:31 +0000 2017,True,INFORMATIVE_RESOLUTION,ORDER_TRACKING_DELAY
th_73456,73456,132428,"@AmazonHelp I just want to return this, pls raise my concern. Not able to do this from my end. Dont expect anything from my end. If this not done then i will make sure will not buy anymore from @115850",73458,@132428 We understand your concern regarding the return of your order. Kindly connect with our support team here: https://t.co/rS49hgaADF and we'll assist you accordingly. ^VH,Thu Nov 30 10:57:48 +0000 2017,True,INFORMATIVE_RESOLUTION,REFUND_RETURN_INQUIRY
th_73457,73457,132428,@AmazonHelp This is what it saying. I just want to replace it. https://t.co/XfheBCVuuy,73455,"@132428 As per the screenshot, the item in picture isn't eligible for return. You can refer to our return policies here : https://t.co/ZcbVGCSREK. Appreciate your understanding here. ^CB",Thu Nov 30 10:35:39 +0000 2017,True,INFORMATIVE_RESOLUTION,OTHER_GENERAL
th_73462,73462,132429,@AmazonHelp No idea. My app tells me it was delivered.,73461,"@132429 Sorry about this, we're unable to access your account via Twitter to look further into this for you. Can you contact us here:  https://t.co/JzP7hlA23B so we can take a look? ^MI",Thu Nov 30 10:49:37 +0000 2017,True,INFORMATIVE_RESOLUTION,ORDER_TRACKING_DELAY
th_73464,73464,132429,@AmazonHelp Hi. I've done that. I've had no delivery card or notification. My neighbours haven't signed for it either. Can you help.,73463,@132429 Sorry to hear you haven't receive your order. What time was your order scanned as delivered?^ES,Thu Nov 30 10:43:24 +0000 2017,True,INFORMATIVE_RESOLUTION,ORDER_TRACKING_DELAY
th_73466,73466,132429,@AmazonHelp good morning. Apparently my package was delivered yesterday.. but I haven't received it. Can you help please?? Thanks,73465,@132429 Sorry to hear that you haven't received it. This page will give you some handy tips in locating parcels scanned as delivered: https://t.co/L76CBge35P. ^MI,Thu Nov 30 10:36:33 +0000 2017,True,INFORMATIVE_RESOLUTION,ORDER_TRACKING_DELAY
th_73473,73473,132431,"Hey @AmazonHelp I made an MP3 purchase about 15 minutes ago, but it is will processing.When can I expect the MP3 to be delivered?I should have £1 digital credit to my account as well so I shouldn't be charged for this track as it's 99p.Any help?",73471,@132431 We can't specify how long it will take to process the transaction through. Once the order is successful you will be able to see any promotional credit used in the order details.Hope this helps!^SM,Thu Nov 30 10:45:33 +0000 2017,True,INFORMATIVE_RESOLUTION,PRIME_MEMBERSHIP_BILLING
th_73486,73486,132434,@AmazonHelp Management of what? What is HR?,73488,@132434 Are you trying to collect an item from an Amazon Hub?^PJ,Thu Nov 30 10:53:34 +0000 2017,True,INFORMATIVE_RESOLUTION,OTHER_GENERAL
th_73489,73489,132434,"@AmazonHelp Yes, but I am not receiving access codes. I cannot login to the Hub website to check my data.",73490,@132434 Can you check your spam or junk folders? You should have received the code via email.^PJ,Thu Nov 30 11:23:55 +0000 2017,True,INFORMATIVE_RESOLUTION,ACCOUNT_LOGIN_SECURITY
th_73491,73491,132434,@AmazonHelp I’ve checked. There’s nothing there. I’m very alarmed that Hub website won’t allow more than 10 characters in the login box,73492,@132434 Sorry to hear that. Could you attempt to access the website using an alternative device or browser?^TI,Thu Nov 30 11:37:09 +0000 2017,True,INFORMATIVE_RESOLUTION,ACCOUNT_LOGIN_SECURITY
th_73493,73493,132434,@AmazonHelp I’ve tried on 2 iOS devices and an OS X laptop. All have the 10 character limit,73494,@132434 Can you please reach out to us directly via the link that ^ES provided so we can look into this for you. There may not be a hub option available but select other instead. ^KI,Thu Nov 30 12:12:57 +0000 2017,True,INFORMATIVE_RESOLUTION,OTHER_GENERAL
th_73487,73487,132434,@AmazonHelp I’ve already done that! There is no way to get help for hub problems there.,73485,@132434 Please reach out to your local management or HR who can further assist you with this.^SM,Thu Nov 30 10:40:50 +0000 2017,True,INFORMATIVE_RESOLUTION,OTHER_GENERAL
th_73498,73498,132435,"@AmazonHelp Already dispatched, so not possible. It’s how I saw it’s coming from the US.",73500,@132435 We'd like to help with this! Please reach out to us here: https://t.co/JzP7hlA23B ^RO,Thu Nov 30 11:35:35 +0000 2017,True,INFORMATIVE_RESOLUTION,OTHER_GENERAL
th_73499,73499,132435,@AmazonHelp A seller. It wasn’t obvious that they’re in the States when ordering.,73497,"@132435 Sorry to hear that. You can contact the seller to see if it's possible to cancel your order, more info on that for you here: https://t.co/lblJ8hPXmg ^TI",Thu Nov 30 10:41:52 +0000 2017,True,INFORMATIVE_RESOLUTION,OTHER_GENERAL
th_73504,73504,132436,@AmazonHelp It was scheduled yesterday but got updated this morning.,73506,@132436 What does the updated tracking on your order say now?^PJ,Thu Nov 30 16:27:40 +0000 2017,True,INFORMATIVE_RESOLUTION,OTHER_GENERAL
th_73505,73505,132436,"@AmazonHelp Hi, after leaving me on D phone on hold 4 over 20 minutes, she dropped the my call &amp; never bothered to return to let me know but insisted my delivery will come by 9pm last night even though I repeated “nobody delivers round here at that time”!! Really upset about her attitude",73503,"@132436 I am sorry to hear about this, Fatima. What day was your order scheduled to be delivered? Has the tracking on your order been updated?^SM",Thu Nov 30 10:35:51 +0000 2017,True,INFORMATIVE_RESOLUTION,REFUND_RETURN_INQUIRY
th_73510,73510,132437,@AmazonHelp We want to add Arabic to all your sites and applications. Can it happen?,73512,@132437 You provide further feedback on this to us directly here: https://t.co/zNI8NNUGbo thank you ^MI,Thu Nov 30 10:57:09 +0000 2017,True,INFORMATIVE_RESOLUTION,OTHER_GENERAL
th_73517,73517,132439,@AmazonHelp Unfortunately it is not. How do I raise this directly?,73519,@132439 You can contact us anytime by going here: https://t.co/JzP7hlA23B ^RB,Thu Nov 30 12:09:36 +0000 2017,True,INFORMATIVE_RESOLUTION,OTHER_GENERAL
th_73532,73532,132441,@AmazonHelp No i ordered one item and it says it has been delivered. Part of the item is missing. This was a gift for someone tomorrow so I needed to receive it by today,73534,"@132441 Thanks for the additional information! We'd like to take a look into this with you! When you get a moment, please contact us via chat or phone: https://t.co/JzP7hlA23B ^SW",Thu Nov 30 12:23:05 +0000 2017,True,INFORMATIVE_RESOLUTION,ORDER_TRACKING_DELAY
th_73536,73536,132442,"@AmazonHelp Trying to register my phone number on my new dots. Get ""The mobile phone number you provided is already in use. Please use a different mobile phone number."" Please help",73535,"@132442 Hi there, I am sorry to hear that, please get in touch with us here:  https://t.co/hApLpMlfHN. We can look into this further for you. ^HS",Thu Nov 30 10:15:31 +0000 2017,True,INFORMATIVE_RESOLUTION,OTHER_GENERAL
th_73538,73538,132443,@AmazonHelp @115850  am yet to hear back from Amazon India or receive a acknowledgement over mail. Slightly more prompt response would be appreciated.,73537,"@132443 Please be assured, our support team will reach out to you with an update on this soon. Appreciate your cooperation. ^HS",Thu Nov 30 10:29:19 +0000 2017,True,INFORMATIVE_RESOLUTION,OTHER_GENERAL
th_73541,73541,132443,@AmazonHelp Have already done that. Request your prompt action,73540,@132443 I'm sure our team would reach out to you soon with an update. Do keep us posted. ^VM,Thu Nov 30 04:31:44 +0000 2017,True,INFORMATIVE_RESOLUTION,OTHER_GENERAL
th_73545,73545,132445,@115830 #AmazonUK @AmazonHelp why is it that when I signed up for Amazon prime you stated free next day delivery but my parcel that was supposed to be delivered today is delayed why,73544,"@132445 Hey I'm sorry to hear this, have you had any updates as to why your order has been delayed?^PJ",Thu Nov 30 10:29:38 +0000 2017,True,INFORMATIVE_RESOLUTION,PRIME_MEMBERSHIP_BILLING
th_73567,73567,132452,@AmazonHelp U was going to announce the result on 30nov,73569,@132452 Could you please help us with the name of the contest you are referring to? ^VH,Thu Nov 30 10:44:58 +0000 2017,True,INFORMATIVE_RESOLUTION,OTHER_GENERAL
th_73568,73568,132452,@115850 @AmazonHelp where are the result of one plus 5t quiz?,73565,"@132452 As we have multiple contests running on Oneplus 5T, could you please let us know which one are your referring to, Sanket? ^RI",Thu Nov 30 10:07:00 +0000 2017,True,INFORMATIVE_RESOLUTION,OTHER_GENERAL
th_73573,73573,132453,@AmazonHelp Thanks for the quick response!,73575,@132453 You're welcome. We hope this gets corrected quickly for you. -Carlos R,Thu Nov 30 10:52:50 +0000 2017,True,INFORMATIVE_RESOLUTION,OTHER_GENERAL
th_73594,73594,132457,@AmazonHelp Can you please update the status? When i will be getting my money back?,73596,"@132457 Usually, the refund is initiated as soon as the product reaches the warehouse. This might take 5 to 10 days. You'll be notified once the refund is processed. Kindly wait till then. ^AU",Sat Dec 02 10:14:26 +0000 2017,True,INFORMATIVE_RESOLUTION,OTHER_GENERAL
th_73609,73609,132463,@AmazonHelp I’d already contact to #amazoncustomerservice but there is not such type of service yet now what?,73611,"@132463 We won't be able to make any changes to orders that are successfully placed, Ankit. However, I'll ensure to share your comments as feedback to our concerned team and get it reviewed. ^RI",Thu Nov 30 10:53:55 +0000 2017,True,INFORMATIVE_RESOLUTION,OTHER_GENERAL
th_73630,73630,132469,"@AmazonHelp Hi there!Can't do so - neglected to mention I'm a Seller and not a regular customer. Well, I'm both. But this was for the Seller side.I understand the 2 halves of Amazon are separate like that so a normal customer procedure wouldn't work.",73632,"@132469 If you are having trouble updating your Seller Account details, can you please reach out to our Seller Support team directly for assistance on this? You can reach them through this link: https://t.co/LMP7So0n2S ^KI",Thu Nov 30 11:10:16 +0000 2017,True,INFORMATIVE_RESOLUTION,OTHER_GENERAL
th_73636,73636,132470,"@AmazonHelp My delivery was scheduled for yesterday (booked it a week ago), and until now I did not receive the parcel",73638,"@132470 I'm so sorry that your parcel is late, Agnes. Do you have any updated tracking information to show when it might arrive? You can see your tracking information here:  https://t.co/aaDyEz1VgE  ^SP",Thu Nov 30 11:13:07 +0000 2017,True,INFORMATIVE_RESOLUTION,ORDER_TRACKING_DELAY
th_73640,73640,132471,@AmazonHelp i sold my product on ur site..the product was taken nd from dat tym neither the product is returned nor my money..take some serious actioc as soon as possible,73642,"@132471 Apologies for the hassle, Shishirkant. Please contact our seller support team here:  https://t.co/5gmq52CClA so we can take a closer look at this and assist you. ^SF",Thu Nov 30 10:51:05 +0000 2017,True,INFORMATIVE_RESOLUTION,REFUND_RETURN_INQUIRY
th_73641,73641,132471,@AmazonHelp not got my money back delayed from last 2 months dont trust this on blindly...,73639,"@132471 Hi Shishir, without providing any account information, can you advise what's happened? ^JC.",Thu Nov 30 10:23:02 +0000 2017,True,INFORMATIVE_RESOLUTION,OTHER_GENERAL
th_74314,74314,132637,@AmazonHelp And then it turns up at 20:30. FFS!,74313,"@132637 Oh my! Thank you for keeping us in the loop, Mark! Please let us know if you have further questions or concerns. We're here to help! ^TG",Thu Nov 30 20:28:54 +0000 2017,True,INFORMATIVE_RESOLUTION,OTHER_GENERAL
th_74581,74581,132443,@AmazonHelp Have shared by details. Await your response,74584,@132443 Thank you for sharing your details. Once we receive them we'll get in touch with you on registered email account. ^RB,Thu Nov 30 13:22:31 +0000 2017,True,INFORMATIVE_RESOLUTION,OTHER_GENERAL
th_74588,74588,132443,@AmazonHelp Hi. Could you please provide an update. Would be useful if you could let me know by when I can expect a refund of the money for which I received trash.,74590,"@132443 Hello Sarath, we have sent a correspondence to your registered email ID. Please check and reply to the same, we will help you. ^AH",Sat Dec 02 08:35:44 +0000 2017,True,INFORMATIVE_RESOLUTION,REFUND_RETURN_INQUIRY
th_74591,74591,132443,@AmazonHelp @115821 @115851 curious to know if ripping off customers by providing well packed trash instead of the ordered product is part of your self proclaimed India strategy to provide a superior customer experience.,74593,@132443 Our team is currently working on this issue and you'll be updated at the earliest. Please keep an eye on your mail box. ^AU,Sat Dec 02 09:09:36 +0000 2017,True,INFORMATIVE_RESOLUTION,OTHER_GENERAL
th_74594,74594,132443,@AmazonHelp More than happy to keep an eye out. Just hope that it is not an automated generic message asking me to wait longer like the ones u have mailed me earlier.,74595,@132443 Please be assured our team will get back to you at the earliest. Appreciate your patience. ^PB,Sat Dec 02 09:25:09 +0000 2017,True,INFORMATIVE_RESOLUTION,OTHER_GENERAL
th_74596,74596,132443,@AmazonHelp Await your response. As required by you have also replied to your earlier generic email.,74597,"@132443 Thank you for the heads up. As you've replied to our email, we'll reach out to you soon. ^AP",Sat Dec 02 10:02:48 +0000 2017,True,INFORMATIVE_RESOLUTION,OTHER_GENERAL
th_74598,74598,132443,@AmazonHelp Still awaiting a reply from your side,74599,"@132443 I understand waiting can be tiresome. Be assured, we'll get in touch with you shortly. ^BV",Sat Dec 02 13:58:05 +0000 2017,True,INFORMATIVE_RESOLUTION,OTHER_GENERAL
th_74600,74600,132443,@AmazonHelp I just got a mail that you guys can't help because the product was received intact condition. What does that mean? I received trash in a well packed box.,74601,"@132443 I'm sorry to see you disappointed with the resolution, you can reply to our correspondence for further clarifications. ^MJ",Sat Dec 02 23:53:44 +0000 2017,True,INFORMATIVE_RESOLUTION,OTHER_GENERAL
th_74602,74602,132443,"@AmazonHelp @115850 @115821 so as per your help team, if a seller packs trash and sends to a customer then it's fine and he is not liable. As long as the packaging is good and product is received in tact, the customer is at risk of receiving trash. Pathetic customer service.",74603,@132443 I understand your point. I request you to please reply to the email you've received stating the same and we'll assist you accordingly. ^NR,Sun Dec 03 00:02:06 +0000 2017,True,INFORMATIVE_RESOLUTION,OTHER_GENERAL
th_74605,74605,132443,@AmazonHelp Have replied to Ur mail. Hope for a more logical response from your side.,74606,"@132443 Thanks for the update, we will reach out to you soon. ^MJ",Sun Dec 03 00:12:48 +0000 2017,True,INFORMATIVE_RESOLUTION,OTHER_GENERAL
th_74607,74607,132443,@AmazonHelp John from your team had requested 24-48 hours for resolution. Instead I received a generic email saying look forward to hearing from you soon. Could u pls help me understand the meaning of the email.,74608,@132443 I'm sorry about the stretch. Our team is following up on this and we'll reach out to you soon with an update. ^SG,Sun Dec 03 13:16:51 +0000 2017,True,INFORMATIVE_RESOLUTION,OTHER_GENERAL
th_74592,74592,132443,"@AmazonHelp Many thanks for the generic automated correspondence. After paying more than Rs.14,000 and receiving a box of trash, I would have expected bit more support that just asking me to wait longer.",74609,@132443 I do understand the response you received is not up to your expectation. Kindly request you to respond to the correspondence you have received. We'll assist you further. ^JS,Sat Dec 02 09:05:25 +0000 2017,True,INFORMATIVE_RESOLUTION,OTHER_GENERAL
th_74583,74583,132443,@AmazonHelp @115850 Going forward please put a disclaimer on your app that a customer might receive trash instead of the product ordered. And also that resolution of the fraud would take forever with the most bureaucratic processes.,74580,"@132443 That's quite a comment, we'd like to take a closer look into this. Please drop in your details here: https://t.co/GIJyeYqKE0 and we'll look into this. ^SU",Thu Nov 30 10:56:22 +0000 2017,True,INFORMATIVE_RESOLUTION,ESCALATION_HIGH_RISK
th_74615,74615,132709,@AmazonHelp Thank you for contacting me. Updated delivery date was yesterday 11/29 and did not arrive. Issue has been resolved after some digging. thank you again!,74614,"@132709 Its been a pleasure assisting you, Michelle .Just give us another shout if you ever need anything else 🙂^SM",Thu Nov 30 11:16:48 +0000 2017,True,INFORMATIVE_RESOLUTION,ORDER_TRACKING_DELAY
th_74621,74621,132711,"@AmazonHelp Ay que majos. En verdad pone que me tiene que llegar a lo largo del día de hoy y que está en camino, supongo que el repartidor tenía que cubrir otras zonas antes. Y fue vendido y enviado por Amazon.",74620,"@132711 Entiendo, en este caso te recomendamos poder esperar al final del día de hoy para la entrega de tu pedido. Si no lo llegas a recibir no dudes en comunicarte con nosotros entrega de tu pedido. ^KA",Thu Nov 30 11:12:45 +0000 2017,True,INFORMATIVE_RESOLUTION,OTHER_GENERAL
th_74638,74638,132715,@AmazonHelp Share the issue on the given link please have look,74640,"@132715 I've checked and we haven't receive your details yet, I request you to share the details once again so that we can assist you further. ^MD",Thu Nov 30 11:36:32 +0000 2017,True,INFORMATIVE_RESOLUTION,OTHER_GENERAL
th_74641,74641,132715,"@AmazonHelp Plz check now i have updated again and my refund/ replace date is 2 dec, then is this possible solved the issue before? https://t.co/m6rGVf7JBq",74642,@132715 We have received your details. We are working on it and we'll contact you soon with an update. ^VH,Thu Nov 30 15:42:29 +0000 2017,True,INFORMATIVE_RESOLUTION,REFUND_RETURN_INQUIRY
th_74647,74647,132716,@AmazonHelp Hoping that you will have a resolution post your discussion with the internal team. Because i am not buying the Kindle again. And I would definitely recommend you to share details like these with the customers before they buy the product.,74646,@132716 I'll be sure to forward the feedback to our concerned team internally. ^AP,Sat Nov 25 08:48:43 +0000 2017,True,INFORMATIVE_RESOLUTION,PRODUCT_TECH_SUPPORT
th_74672,74672,132720,@AmazonHelp I have sent an email. I hope this is resolved asap!,74674,"@132720 Thank you, Sarah! Please be sure to check your e-mail for a response. ^GP",Thu Nov 30 11:36:01 +0000 2017,True,INFORMATIVE_RESOLUTION,OTHER_GENERAL
th_74684,74684,132725,@AmazonHelp The item is being returned undelivered by the courier,74686,"@132725 As the package is returned to the seller, we wouldn't be able to reinstate the order. Kindly place a new order. Further, I've forwarded your feedback internally and we'll ensure this won't be repeated. ^SY",Thu Nov 30 11:18:19 +0000 2017,True,INFORMATIVE_RESOLUTION,REFUND_RETURN_INQUIRY
th_74742,74742,132728,@AmazonHelp Correct too a Zoe in reception . But they must have delivered to wrong building. I’ve been everywhere around the delivery place but can’t find this Zoe,74744,"@132728 I'm so sorry about this, Martin! Please contact us here so we can investigate this further:  https://t.co/JzP7hlA23B ^SA",Thu Nov 30 11:20:10 +0000 2017,True,INFORMATIVE_RESOLUTION,ORDER_TRACKING_DELAY
th_74743,74743,132728,@AmazonHelp good morning the delivery driver has delivered to wrong address and don’t know where he’s delivered too . Please help,74741,"@132728 I'm sorry that your parcel has been delivered to the wrong address, Martin. Just to clarify, your order is showing it was delivered, but you have not received it?",Thu Nov 30 11:04:56 +0000 2017,True,INFORMATIVE_RESOLUTION,ORDER_TRACKING_DELAY
th_74749,74749,132730,"@AmazonHelp Nope everything I've ordered I've received already and their payments are also on my statement, and I have no subscriptions",74751,"@132730 Thank you for letting us know about that! I'm so sorry about this unknown charge! Please contact us here so we may take a closer look into this for you, Aimée:  https://t.co/hApLpMlfHN ^SA",Thu Nov 30 11:12:39 +0000 2017,True,INFORMATIVE_RESOLUTION,OTHER_GENERAL
th_74750,74750,132730,@AmazonHelp I've got a payment about to go on out from my bank for £1 to amazon...i haven't bought anything for £1?! The last thing I bought was paid in full so...?,74748,@132730 Hi. This amount may be an authorization charge: Explains further here: https://t.co/PqiTPd88Xg Have you any pending orders/subscriptions with us? ^NV,Thu Nov 30 11:01:53 +0000 2017,True,INFORMATIVE_RESOLUTION,OTHER_GENERAL
th_74767,74767,132734,@115850 @AmazonHelp I need to contact customer support ASAP regarding bad behaviour of a seller.,74766,"@132734 Apologies for the trouble, Mayank. Please report it to our support team here: https://t.co/vlvfJr4nN9 and we'll take necessary actions to make things right.^AR",Thu Nov 30 10:45:16 +0000 2017,True,INFORMATIVE_RESOLUTION,OTHER_GENERAL
th_74776,74776,132737,"@AmazonHelp Dear @AmazonHelp, I am going to install the product ( as it is very delayed now☹️) and send you the charges for the same. Kindly reimburse the balance in form of amazon pay balance.  Thank you.",74778,"@132737 I understand your concern regarding the installation of your product. Twitter being a social platform, we do not have access to your account. As informed earlier, kindly reply to the email you received from social media team for further assistance. ^MO",Thu Nov 30 17:16:00 +0000 2017,True,INFORMATIVE_RESOLUTION,OTHER_GENERAL
th_74779,74779,132737,@AmazonHelp I have replied to that mail but there is no response from the team.,74780,@132737 Thanks for writing back to us. We'll surely get back to you at the earliest to get this done. Appreciate your patience here. ^BV,Fri Dec 01 11:28:16 +0000 2017,True,INFORMATIVE_RESOLUTION,OTHER_GENERAL
th_74784,74784,132737,@AmazonHelp I have tried multiple times to contact to customer care. But no call is received from their end. Kindly resolve the issue as soon as possible,74783,@132737 I'm sorry you're unable to connect with our support team. Please send us your details using this link: https://t.co/GIJyeYqKE0 and we'll get in touch with you. ^AM,Tue Nov 28 13:35:20 +0000 2017,True,INFORMATIVE_RESOLUTION,OTHER_GENERAL
th_74791,74791,132738,@AmazonHelp Any idea why this can’t be shipped to Northern Ireland? First time this has happened in all my time on Amazon 😞 https://t.co/7O5eVXnmxv,74789,"@132738 Hi Chris, some items aren't available to be delivered to Northern Ireland. You can find out more about delivery restrictions here: https://t.co/jvtsYifws0. ^PJ",Thu Nov 30 10:53:48 +0000 2017,True,INFORMATIVE_RESOLUTION,ORDER_TRACKING_DELAY
th_74794,74794,132740,"@AmazonHelp Hmm, very strange. It seems to work on another browser. Any idea how to fix this bug?",74796,"@132740 I'm glad you're able to locate your orders! As for your browser, here's a list of our supported browsers: https://t.co/HC42nQRFPl ^TK",Thu Nov 30 12:04:31 +0000 2017,True,INFORMATIVE_RESOLUTION,OTHER_GENERAL
th_74797,74797,132740,"@AmazonHelp I am using Firefox, but it still fails to display the orders.",74798,@132740 That's odd! Have you tried clearing the cache andremoving cookies? -RD,Thu Nov 30 13:03:28 +0000 2017,True,INFORMATIVE_RESOLUTION,OTHER_GENERAL
th_74795,74795,132740,@AmazonHelp All my order history is gone. It's been like this since my Prime expired and now I don't know if I have to re-order. Help? https://t.co/zxCIiZFcSc,74793,"@132740 Hi, are you using the app or browser? Have you tried using a different browser or device? ^JC.",Thu Nov 30 10:53:55 +0000 2017,True,INFORMATIVE_RESOLUTION,PRIME_MEMBERSHIP_BILLING
th_74800,74800,132740,"@AmazonHelp No specific date. It just amazes me that I order in advance, but people on a whim can go to a shop and get it before me. https://t.co/jx1hS2Pr3V",74799,"@132740 I definitely understand your frustration! We're excited about it, too! Was your order eligible for release day delivery? You can find more information about release day delivery here: https://t.co/jDca6cwMAr ^TK",Wed Nov 22 12:59:24 +0000 2017,True,INFORMATIVE_RESOLUTION,ORDER_TRACKING_DELAY
th_74811,74811,132744,@AmazonHelp hi! I made an order on Black Friday with a cancelled card and the price has gone back up 🙈 Can I pay with a working card?,74810,"@132744 Hi Laura! You can place the order again however, we won't be able to match the discounted price.^CN",Thu Nov 30 10:54:41 +0000 2017,True,INFORMATIVE_RESOLUTION,ORDER_TRACKING_DELAY
th_74813,74813,132745,@AmazonHelp To whom I have to write back mention the id I will write what you want,74815,"@132745 May I know if you've received any email from our Social media team? If yes, then kindly reply to it with your further insight and we'll reach out to you with an update on it.  ^HS",Thu Nov 30 11:14:35 +0000 2017,True,INFORMATIVE_RESOLUTION,OTHER_GENERAL
th_74814,74814,132745,"@AmazonHelp Mj where is the bull shit update from your side, making false update and running fake offers and website, shame on you",74812,@132745 We wouldn't be able to offer or provide further insight till we receive your write back. We don't have direct access to your Amazon account. Appreciate your understanding here. ^CB,Thu Nov 30 10:39:22 +0000 2017,True,INFORMATIVE_RESOLUTION,OTHER_GENERAL
th_74817,74817,132745,"@AmazonHelp Have u gone mad or you're making me mad, you won't deliver order, won't refund the amount and you doesn't act on complaint just ask to fill or tell details every time I contacted you. Not a single time I got a positive response Sir action taken, if asked it's against your policy",74816,"@132745 I'm sorry to see you disappointed with our support, we have been requesting write back to the social media correspondence you have in your registered email account so that we can gain access to your account. We promise to get back with an update. ^MJ",Sun Nov 26 20:14:39 +0000 2017,True,INFORMATIVE_RESOLUTION,REFUND_RETURN_INQUIRY
th_74820,74820,132745,@AmazonHelp First please send email then only I can reply to you,74819,"@132745 You can check the correspondence we've sent to you here: https://t.co/fYrzNInVt2. If you've already replied to our email, we'll check and get back to you. ^MO",Sun Nov 26 18:44:00 +0000 2017,True,INFORMATIVE_RESOLUTION,OTHER_GENERAL
th_74822,74822,132745,@AmazonHelp That's what I'm saying,74821,"@132745 We'd really like to help you out, Srinu. However, I would request you to reply to the email sent from Social Media team in order to assist you further. ^SM",Sun Nov 26 18:00:09 +0000 2017,True,INFORMATIVE_RESOLUTION,OTHER_GENERAL
th_74826,74826,132745,"@AmazonHelp No new mail received till now, previously you said you're working on it and need some time",74825,"@132745 I understand that you're upset, Srinu. As requested, please respond to the last email that was sent to you by the social media team for further assistance. We will check and assist you further. Appreciate your understanding. ^NK",Sun Nov 26 16:50:06 +0000 2017,True,INFORMATIVE_RESOLUTION,OTHER_GENERAL
th_74829,74829,132745,@AmazonHelp How much more time is required for refunding,74827,@132745 We've sent the correspondence to your registered email address. Request you to check the email and reply to it with your insight for further assistance. ^PR,Sun Nov 26 16:15:45 +0000 2017,True,INFORMATIVE_RESOLUTION,OTHER_GENERAL
th_74836,74836,132745,"@AmazonHelp Provided the same last week till now no update and you are saying we'll contact in 12 hrs, shame on you @AmazonHelp @115850 for giving false commitment and providing worst service. Regards Srinu",74835,@132745 I'm sorry for the confusion. Kindly drop in your details here : https://t.co/beaaDm0muc and we'll have this checked for you. ^SD,Mon Nov 20 20:35:02 +0000 2017,True,INFORMATIVE_RESOLUTION,OTHER_GENERAL
th_74838,74838,132745,"@AmazonHelp Already shared, the order no is 171-9580791-4474727 dated 2nd Nov 2017",74837,"@132745 Twitter being a social platform, we would not be able to directly access your account details. Request you to share the details using the secured link provided earlier and we'll have this checked for you. (1/2) ^SD",Mon Nov 20 20:20:06 +0000 2017,True,INFORMATIVE_RESOLUTION,ORDER_TRACKING_DELAY
th_74841,74841,132745,"@AmazonHelp Regarding order no.  171-9580791-4474727. On 16 nov u r customer representative assured the said order will be delivered within a week, but till now no further updates, again I called customer care now he says it will be dispatched only after 24 nov only. What's wrong with you??? https://t.co/qGQMbBKQ8c",74840,"@132745 I'm sorry for the hassle. Please share your details here : https://t.co/beaaDm0muc and we will be glad to help you. Please don't provide your order details, we consider it to be personal information. Our page is visible to the public. ^SD",Mon Nov 20 19:53:54 +0000 2017,True,INFORMATIVE_RESOLUTION,ORDER_TRACKING_DELAY
th_74845,74845,132746,@AmazonHelp Already reported. Please re-ship my order. I'll not place a fresh order.,74847,"@132746 I'm afraid we'll not be able to reinstate canceled orders for a delivery attempt. However, we'll be sure to review your experience internally as a feedback. We request you to place a fresh order. ^YP",Thu Nov 30 11:21:07 +0000 2017,True,INFORMATIVE_RESOLUTION,ORDER_TRACKING_DELAY
th_74848,74848,132746,@AmazonHelp I was not at home at the time of delivery and the delivery person didn't call me earlier. I expect rescheduling of shipment.What's my fault?,74849,"@132746 also, as informed once the order is marked as canceled we wouldn't be able to reinstate the same. Appreciate your understanding. 2/2 ^KH",Thu Nov 30 11:56:42 +0000 2017,True,INFORMATIVE_RESOLUTION,ORDER_TRACKING_DELAY
th_74846,74846,132746,@115821 @115850 @AmazonHelp How a delivery person cancel an order? Please rethink your shipment policy. Very disappointed today.,74844,@132746 Apologies for the unpleasant experience you had with our delivery associate. Please report this to our support team here:  https://t.co/rS49hgaADF. ^VH,Thu Nov 30 10:31:29 +0000 2017,True,INFORMATIVE_RESOLUTION,REFUND_RETURN_INQUIRY
th_75829,75829,132978,@AmazonHelp Hi I have tried this  fix and the keyboard still doesn't  appear at the bottom of the screen.,75831,@132978 I'm sorry that didn't work. Please reach out to us here for further assistance: https://t.co/hApLpMlfHN ^RB,Thu Nov 30 12:16:23 +0000 2017,True,INFORMATIVE_RESOLUTION,OTHER_GENERAL
th_75830,75830,132978,The keypad on my Kindle fire has disappeared.  The whole thing seems locked.  Anyone out there who can advise? @AmazonHelp,75828,"@132978 I'll be happy to help with this! To confirm, have you had a chance to try a full restart? Many issues with your Kindle can be solved by restarting your device: https://t.co/EVXWEvV6KP. Please keep us posted! ^SD",Thu Nov 30 11:44:56 +0000 2017,True,INFORMATIVE_RESOLUTION,PRODUCT_TECH_SUPPORT
th_75835,75835,132980,@AmazonHelp Already shared the info over the link of my order will not be delivered at 8pm today (your decided delivery time ) then cancel my order refund my money and close my @115850 account permanently i don't wanna use shitty amazon services @115851 @132981,75837,@132980 Thank you for sharing your details. We'll work on this and get in touch with you at the earliest. ^BV,Thu Nov 30 12:01:43 +0000 2017,True,INFORMATIVE_RESOLUTION,REFUND_RETURN_INQUIRY
th_75836,75836,132980,@AmazonHelp What shortly??  Only 2.5 hours remaining for delivery time over and it is impossible you to deliver my package at my door step better to use @118702 @115851 @132981,75834,@132980 We don't have direct access to your Amazon account over Twitter. Please share your information over the link. We'll do our best to make things right. ^CB,Thu Nov 30 11:52:15 +0000 2017,True,INFORMATIVE_RESOLUTION,ORDER_TRACKING_DELAY
th_75839,75839,132980,@AmazonHelp Called up @115850 customer care agent dipika supervisor ajay and manager Sohail is unable to do nothing they said wait for 3 more days you will receive ur product !! Why 3 more days if delivery date is for today ? @118702 @4030 @115851 @132981,75838,@132980 We would like to help you. Please share your details with us here: https://t.co/GIJyeYqKE0. We'll get in touch shortly. ^CB,Thu Nov 30 11:37:24 +0000 2017,True,INFORMATIVE_RESOLUTION,ORDER_TRACKING_DELAY
th_75841,75841,132980,@AmazonHelp Disappointing service from @115850 again delivery boy rejects to deliver my product he said do whatever u want i am not gonna deliver today and last date for delivery is today itself better to use @118702 @4030,75840,@132980 Apologies for the unpleasant experience with the delivery of your order. Could you please confirm if you've reported this to our support team yet? If you haven't please go ahead and report it here: https://t.co/T6y6Xlutbs and we'll take care of it. ^AR,Thu Nov 30 11:12:58 +0000 2017,True,INFORMATIVE_RESOLUTION,ORDER_TRACKING_DELAY
th_75844,75844,132980,@AmazonHelp Now it doesn't matter of previous orders but make sure this will deliver toay itself. Today is last delivery date. IT IS URGENT,75842,@132980 Please wait till the end of the day. I'm positive that the order should be delivered. Thank you for your understanding. ^SC,Thu Nov 30 06:53:16 +0000 2017,True,INFORMATIVE_RESOLUTION,ORDER_TRACKING_DELAY
th_75846,75846,132980,@115850 most of my orders never deliver on time this time make sure this order- 405-3706261-2923513 deliver on time #URGENT @AmazonHelp,75845,@132980 Certainly not the kind of comments we'd like to hear. We always aim to complete the order deliveries by the promised date. I'm sorry we could not meet your expectations. Could you confirm if we happened to miss the mentioned time frame? Do keep us posted.^AR,Thu Nov 30 06:44:05 +0000 2017,True,INFORMATIVE_RESOLUTION,ORDER_TRACKING_DELAY
th_75854,75854,132984,@AmazonHelp Thanks for ur help but solve my problem,75856,@132984 I understand that you're concerned about your account. If an account is on hold an email will be sent to your registered email address mentioning the reason and details about your open orders. Kindly reply to the email for further assistance. ^BV,Thu Nov 30 12:14:32 +0000 2017,True,INFORMATIVE_RESOLUTION,OTHER_GENERAL
th_75857,75857,132984,"@AmazonHelp 17 hour's but not a mail in my mail box for Amazon   today is 5 day and u not solve my problem,Please tell me that's a ur servicesIn india",75858,@132984 Kindly check your junk and spam folders too. ^GK,Fri Dec 01 06:10:35 +0000 2017,True,INFORMATIVE_RESOLUTION,OTHER_GENERAL
th_75859,75859,132984,@AmazonHelp No mail in junk and spam https://t.co/WFEvqr5kXu,75860,@132984 We understand your account has been on hold and you've not yet received an email from our account specialist teams. Once an account is on hold our teams usually take 1-2 weeks for them to review your account and get in touch with you. ^VM,Fri Dec 01 06:27:11 +0000 2017,True,INFORMATIVE_RESOLUTION,OTHER_GENERAL
th_75869,75869,132985,"@AmazonHelp Already did... I hope u guys take care of it properly, coz delivery agency is neither professional nor their the staff. Spoiling your name.",75870,"@132985 I get your concern regarding the delivery of your order. Please don't worry as you've reported it to our support team your concern will be taken care of. Also, as informed we'll have your package delivered to you by 7:00PM. Appreciate your understanding. ^KH",Thu Nov 30 12:41:17 +0000 2017,True,INFORMATIVE_RESOLUTION,ORDER_TRACKING_DELAY
th_75871,75871,132985,"@AmazonHelp Didn't get the package today also, amazed. i waited till 7:15 pm though my office closes at 6 pm. Thank u very much",75872,@132985 We apologize for the delay on the delivery of the package. We would like to take a closer look. Kindly share your details here: https://t.co/GIJyeYqKE0 and we'll reach out to you soon. ^VH,Thu Nov 30 14:44:56 +0000 2017,True,INFORMATIVE_RESOLUTION,ORDER_TRACKING_DELAY
th_75891,75891,132991,"@AmazonHelp All my past orders were being delivered at same address, still couldn't understand the problem.",75890,@132991 I get your concern. Could you please confirm if you've shared the details in the link provided to you earlier? ^SU,Thu Nov 30 11:07:26 +0000 2017,True,INFORMATIVE_RESOLUTION,ORDER_TRACKING_DELAY
th_75894,75894,132991,@AmazonHelp my order is late and courier service says they can't locate my home that too without contacting me. Courier guys does not pick up my call but my earlier orders reached at same location on time. Dont understand the problem now. pl. Look into it.,75892,"@132991 Sorry for the trouble with delivery, Prakhar. We have responded to this query here: https://t.co/YHTV29A2qY. Kindly check.  ^RI",Wed Nov 29 09:35:56 +0000 2017,True,INFORMATIVE_RESOLUTION,ORDER_TRACKING_DELAY
th_75902,75902,132993,@AmazonHelp More than one week still not resolved ..who will bear the loss....Bcoz of amazon i can't get the product #OnePlus5T @132994 @132995,75901,@132993 Could you please confirm if you've received a correspondence from our social media team here: https://t.co/8DAc10S7ww ? ^MN,Tue Nov 28 11:59:34 +0000 2017,True,INFORMATIVE_RESOLUTION,OTHER_GENERAL
th_75904,75904,132993,@AmazonHelp Hope i m not going to get a help from you.Bye,75903,@132993 I understand your disappointment. Our team will get back to you with an update if you've shared your details with us. ^MN,Wed Nov 22 16:58:57 +0000 2017,True,INFORMATIVE_RESOLUTION,OTHER_GENERAL
th_75906,75906,132993,@AmazonHelp I need a compensation for sure.....its purely your fault,75905,"@132993 I'm afraid we do not have a compensation policy. As our team is working on the issue, request you to wait for an update. Further, I'll be sure to pass your feedback to the concerned team internally. Appreciate your understanding. ^NK",Wed Nov 22 16:38:45 +0000 2017,True,INFORMATIVE_RESOLUTION,OTHER_GENERAL
th_75908,75908,132993,@AmazonHelp Just shared....if u can call me i will explain detaily...i will provide my number in personal message,75907,@132993 Thank you for confirming. We'll check and get back to you at the earliest. ^RI,Wed Nov 22 15:51:53 +0000 2017,True,INFORMATIVE_RESOLUTION,OTHER_GENERAL
th_75910,75910,132993,@AmazonHelp I have already spoken to your customer care and it has been escalated too...i cannot repeat it time and time again.Better ask them,75909,"@132993 I understand that you're disappointed, Yuvaraj. We'd like to assist you. Please share your details through the link that was provided earlier so that we can check and help you out accordingly. ^NK",Wed Nov 22 15:39:43 +0000 2017,True,INFORMATIVE_RESOLUTION,OTHER_GENERAL
th_75912,75912,132993,"@AmazonHelp Already spoken to your customer executive detaily to hemalatha supervisor , no solution provided, purely frustrated.very worst experience",75911,"@132993 Sorry your concern hasn't been addressed yet, please share your details here: https://t.co/beaaDm0muc and we'll look into it right away. ^SU",Wed Nov 22 15:06:32 +0000 2017,True,INFORMATIVE_RESOLUTION,OTHER_GENERAL
th_75916,75916,132996,@AmazonHelp I've had two emails to say ita out for delivery (one today one yesterday) and when I click on track parcel it says it was handed to the customer.I have no idea who the courier is to sort this out,75918,@132996 Have you had a chance to look around to see if your parcel has been delivered to a safe place or to a neighbour on your behalf?^PJ,Thu Nov 30 12:39:22 +0000 2017,True,INFORMATIVE_RESOLUTION,ORDER_TRACKING_DELAY
th_75919,75919,132996,"@AmazonHelp It hasn't, plus I was in at the time it was supposedly delivered. Can you tell me the courier?",75920,"@132996 Since we aren't able to view that information via Twitter, and we want to further assist you, please reach out to us so that we can take a closer look into this for you. You can reach out to us here: https://t.co/JzP7hlA23B ^GP",Thu Nov 30 12:56:11 +0000 2017,True,INFORMATIVE_RESOLUTION,ORDER_TRACKING_DELAY
th_75917,75917,132996,@AmazonHelp website says my parcel was 'handed directly to the customer' and it definitely wasn't!,75915,"@132996 I'm sorry you don't have your parcel! We'd like to help! To start, here are some quick tips to help locate a delivered parcel: https://t.co/gq9RKVQhPm ^TK",Thu Nov 30 11:42:11 +0000 2017,True,INFORMATIVE_RESOLUTION,ORDER_TRACKING_DELAY
th_75929,75929,132999,@AmazonHelp I keep getting the DRM message and I have to delete the book off my kindle and redownload it. It's not all of my books but its been happening often. It's just inconvenient when Im on the go and want to read but then I can't because I have to redownload the book.,75931,@132999 Can you contact us directly so that we can look into this for you? You can get in contact via this link: https://t.co/hApLpMlfHN ^KI,Thu Nov 30 11:55:59 +0000 2017,True,INFORMATIVE_RESOLUTION,PRODUCT_TECH_SUPPORT
th_75949,75949,133002,@AmazonHelp The item doesn't appear on that page 😬,75951,@133002 Apologies for the incorrect link! You can submit the packaging feedback here: https://t.co/fxgZ6hTrFA ^JY,Thu Nov 30 11:56:45 +0000 2017,True,INFORMATIVE_RESOLUTION,OTHER_GENERAL
th_75952,75952,133002,"@AmazonHelp Thanks, same thing though - It shows my orders, just not that one. I guess it's not eligible for feedback?",75953,"@133002 Since the package was delivered today, give it some time for that order to appear and try to submit your packaging feedback in a few hours. Should it still not allow you to do so, contact us here https://t.co/JzP7hlA23B and we can assist with the submission. :)^AV",Thu Nov 30 12:09:26 +0000 2017,True,INFORMATIVE_RESOLUTION,OTHER_GENERAL
th_75954,75954,133002,"@AmazonHelp Ok, thanks for the help 👍👍",75955,@133002 No problem! Please keep us informed about this.^PJ,Thu Nov 30 12:20:58 +0000 2017,True,INFORMATIVE_RESOLUTION,OTHER_GENERAL
th_75956,75956,133002,"@AmazonHelp Hiya, it's still not appearing !",75957,@133002 I understand you are still unable to provide feedback on the packaging? Was your order sold and fulfilled by https://t.co/ykTUEmdsQA? ^BD,Fri Dec 01 10:44:04 +0000 2017,True,INFORMATIVE_RESOLUTION,OTHER_GENERAL
th_75958,75958,133002,"@AmazonHelp Yeah, it says ""Sold by: Amazon EU S.a.r.L.""",75959,@133002 Have you contacted us directly on the link provided by my colleague to highlight this issue?^SM,Fri Dec 01 10:52:55 +0000 2017,True,INFORMATIVE_RESOLUTION,OTHER_GENERAL
th_75982,75982,133007,@AmazonHelp It now says 30th-4th December. This isn't good enough. I ordered this tree because it was available on Prime. Can I ask what is the point in paying for a service then not delivering?,75984,"@133007 Hello, Ashleigh! I'm very sorry to hear about the delay! Delivery dates may be slightly extended than what you're normally used to seeing. More about this can be found here: https://t.co/RGfhY4gNy8 Keep us posted on the arrival! ^WB",Thu Nov 30 13:03:12 +0000 2017,True,INFORMATIVE_RESOLUTION,PRIME_MEMBERSHIP_BILLING
th_75983,75983,133007,@AmazonHelp My Christmas tree was meant to be delivered yesterday?!,75981,@133007 Have you had any updates to the tracking of your order?^PJ,Thu Nov 30 11:34:28 +0000 2017,True,INFORMATIVE_RESOLUTION,ORDER_TRACKING_DELAY
th_75993,75993,133008,@AmazonHelp whats the situation with Prime at the moment? Just ordered a few things on Prime one day and they're not coming until Monday.,75992,"@133008 Hi, sorry to hear of the longer wait. As we have had a large volume of orders with Black Friday and Cyber Monday, some orders might take slightly longer. You can find more info here: https://t.co/foZY6baAIl ^ES",Thu Nov 30 11:22:14 +0000 2017,True,INFORMATIVE_RESOLUTION,PRIME_MEMBERSHIP_BILLING
th_75997,75997,133010,@AmazonHelp when give my refund Order date03-Oct-2017Order #404-4257423-7818717,75996,@133010 Please don’t provide your details as we consider them to be personal information. Our Twitter page is visible to public.  (2/2)^YP,Thu Nov 30 11:23:45 +0000 2017,True,INFORMATIVE_RESOLUTION,REFUND_RETURN_INQUIRY
th_76001,76001,133011,"@AmazonHelp The item says “Delivery Date Pending”, I guessed you are out of stock.",75999,"@133011 Hello! Looks like we're currently out of stock, when we have a delivery date we will email you with an update!^CN",Thu Nov 30 11:39:15 +0000 2017,True,INFORMATIVE_RESOLUTION,ORDER_TRACKING_DELAY
th_76003,76003,133011,@AmazonHelp when you guys think you’re gonna ship my nintendo switch? 😫,76002,"@133011 Thanks for reaching out to us today! Has your item missed the delivery date provided in the order confirmation e-mail?  Please let us know, we're here to help in any way we can! ^AZ",Thu Nov 30 11:31:16 +0000 2017,True,INFORMATIVE_RESOLUTION,OTHER_GENERAL
th_76030,76030,133015,Order No: 171-3705259-1179509I have received stone in my delivery box instead of the product which I ordered and amazon specialist team said go to hell after committing me the refund today. @115850 @115851 @AmazonHelp https://t.co/KFdsbH6nAg,76029,"@133015 Please don't provide your order details, we consider it to be personal information. Our page is visible to the public. 2/2 ^HS",Thu Nov 30 11:14:22 +0000 2017,True,INFORMATIVE_RESOLUTION,REFUND_RETURN_INQUIRY
th_76051,76051,133020,@AmazonHelp The date keeps changing. Not happy with service from amazon logistics,76052,"@133020 Sorry to hear that, Matt. Can I ask if the date has changed again since the 30.11.17 to 05.12.17 estimate you were provided?^TI",Thu Nov 30 12:06:31 +0000 2017,True,INFORMATIVE_RESOLUTION,OTHER_GENERAL
th_76053,76053,133020,@AmazonHelp It was originally meant to be 28th and then changed to 29th and last night was changed again.,76054,@133020 Sorry to hear about the delays and updates on your tracking. Who is the carrier of your order? You can check the carrier info here:  https://t.co/aaDyEz1VgE. ^MI,Thu Nov 30 12:13:19 +0000 2017,True,INFORMATIVE_RESOLUTION,OTHER_GENERAL
th_76060,76060,133021,@AmazonHelp I have already filled in your form 2  hours back and i am yet awaiting your call,76062,@133021 As you've already shared your details through the secured link provided earlier. We'll check with it and get back to you with an update at the earliest. Appreciate your patience. ^KH,Thu Nov 30 13:15:50 +0000 2017,True,INFORMATIVE_RESOLUTION,OTHER_GENERAL
th_76061,76061,133021,@AmazonHelp Would be best if you provide a resolution asap...rather dan superfluous tweets,76059,"@133021 We'd like to help you out. However, being on social media, we'll not be able to access your account from here. Kindly fill in your details from the link provided earlier and we'll reach out to you with an update.^AR",Thu Nov 30 10:59:15 +0000 2017,True,INFORMATIVE_RESOLUTION,OTHER_GENERAL
th_76068,76068,133022,@AmazonHelp I feel like you guys are just playing me now. This email makes no sense. https://t.co/YUVxpR37sM,76067,"@133022 Hello, it does seem the parcel should be with you at the latest by tomorrow. If the item is not with you by the end of the day, please do make us aware. Thanks for your patience thus far. ^CR",Thu Nov 30 11:22:53 +0000 2017,True,INFORMATIVE_RESOLUTION,OTHER_GENERAL
th_76073,76073,133022,"@AmazonHelp No, I’ve received nothing. Zero outreach or update. Even when the arrived and realized they forgot the package, no notice or anything. I’m the one calling to ask where my stuff is. Date still says 27th (ordered 23rd). https://t.co/1MExeVS8p7",76072,@133022 I'm sorry for your poor experience. Can you provide info on who the carrier is: https://t.co/Y5jpI9gRhE ^LL,Thu Nov 30 00:01:30 +0000 2017,True,INFORMATIVE_RESOLUTION,ORDER_TRACKING_DELAY
th_76103,76103,133028,"@AmazonHelp It just shows ‘Your video library’, ‘Write a product review’ and ‘Hide Order’. No ‘Cancel item’",76106,"@133028 I'm sorry about that, Suzan! You have 14 days to cancel, unless they started watching it or downloaded it. More information can be found here: https://t.co/2MRQj8Ph2F Thank you! ^WB",Thu Nov 30 11:51:45 +0000 2017,True,INFORMATIVE_RESOLUTION,REFUND_RETURN_INQUIRY
th_77256,77256,117769,@AmazonHelp Haven't even gotten a email yet it hasn't even been dispatched by you guys this is just ridiculous I wouldn't mind at least it being dispatched by now but it hasn't,77258,@117769 What is the delivery date according to the order confirmation e-mail? ^DD,Thu Nov 30 20:38:05 +0000 2017,True,INFORMATIVE_RESOLUTION,OTHER_GENERAL
th_77259,77259,117769,@AmazonHelp It says the 2nd of December....2 days an still not dispatched yet it's been 5 days it didn't take this long when I ordered it off the American site,77260,@117769 Some items may take longer to process and will require a later delivery estimate. Are these headphones in stock on our site? ^WM,Thu Nov 30 20:55:50 +0000 2017,True,INFORMATIVE_RESOLUTION,OTHER_GENERAL
th_77261,77261,117769,@AmazonHelp Yes they are in stock when I purchased them an still are now,77262,"@117769 We always aim to meet the delivery date shown during checkout, before you select ""Place your order"" and are charged. Please keep us posted on the delivery on the 2nd. ^MB",Thu Nov 30 21:09:17 +0000 2017,True,INFORMATIVE_RESOLUTION,OTHER_GENERAL
th_77320,77320,133238,"@AmazonHelp I've already initiated support from a supervisor but there is no connection to the ""station"" where these issues are originating. No control over contractors. I was told by an Amazon rep that the stations only respond ""when they feel like it."" What kind of operation is this?",77323,"@133238 Hi, we'll be happy to look into this in more detail if you can send through the secure form provided by ^GS, thank you. ^TS",Thu Nov 30 12:31:33 +0000 2017,True,INFORMATIVE_RESOLUTION,OTHER_GENERAL
th_77328,77328,133239,@AmazonHelp I’m going around and around since Tuesday with people from overseas that can’t understand what I’m saying and I can’t understand what they are saying. Why can’t I just speak to an American,77330,"@133239 Hello, all of our associates are trained to help you with your query. Can you share with us what is occurring. We will try to help if possible.^CR",Thu Nov 30 12:31:21 +0000 2017,True,INFORMATIVE_RESOLUTION,OTHER_GENERAL
th_77329,77329,133239,@AmazonHelp I need your help. I can’t get anywhere with the “help” from India. I want to speak to an American please!,77327,@133239 Hello! Can you please tell us more about your issue without including any personal or account information? We'd love to help! ^JY,Thu Nov 30 12:22:40 +0000 2017,True,INFORMATIVE_RESOLUTION,OTHER_GENERAL
th_77334,77334,133240,"@AmazonHelp Yes, was originally scheduled today however now expected 2/3 Dec! For an advent calendar not ideal",77336,@133240 Was this item being shipped by Amazon or by a third-party seller? We'd like to help! ^ZW,Thu Nov 30 14:13:43 +0000 2017,True,INFORMATIVE_RESOLUTION,OTHER_GENERAL
th_77337,77337,133240,@AmazonHelp The order is sold by Amazon. Thank you,77338,"@133240 Thanks for confirming, Steffan! Please allow for delivery by 21:00 on the new estimated delivery date. Otherwise, we'll be happy to research other options via phone or chat here: https://t.co/JzP7hlA23B. I hope this helps! ^SD",Thu Nov 30 16:59:19 +0000 2017,True,INFORMATIVE_RESOLUTION,ORDER_TRACKING_DELAY
th_77342,77342,133241,@AmazonHelp I have reported the issue to u now it shuld be ur responsibility to take it further not making ur customer to go here n there to report ur mistakes and pathetic support.,77344,"@133241 I understand your concern regarding the delivery. However, we have a dedicated team to assist you regarding this, request you to reach out to our support team using the link provided earlier. In case of any further concerns, feel free to get in touch with us. ^GD",Thu Nov 30 13:25:51 +0000 2017,True,INFORMATIVE_RESOLUTION,OTHER_GENERAL
th_77345,77345,133241,@AmazonHelp THIS IS UNACCEPTABLE.UR SUPPORT SAID THAT THE ITEM WILL BE DELIVERED BY TODAY BUT NOTHING HAS REACHED TO ME. STOP HUMILIATING UR CUSTOMERS N STOP MAKING FALSE COMMITMENTS.,77346,@133241 We would like to take a closer look at the situation and help you. Please share your details with us here: https://t.co/GIJyeYqKE0. We'll get in touch shortly. ^CB,Fri Dec 01 15:58:56 +0000 2017,True,INFORMATIVE_RESOLUTION,ORDER_TRACKING_DELAY
th_77347,77347,133241,@AmazonHelp How many times I have to give my details. Case is alrdy open with ur support team. Atleast kuch toh kaam karo. I m not here to spoon feed u. Disgusting @115850,77348,@133241 We'll not be able to gain access to your order details on social platform. Please share the required details from the link provided earlier and we'll check this for you. ^YP,Fri Dec 01 16:19:40 +0000 2017,True,INFORMATIVE_RESOLUTION,OTHER_GENERAL
th_77349,77349,133241,@AmazonHelp Wow...then why this Twitter Handle is created.Alrdy provided all the details to ur support teamUpto u if u wanna help and try to solve my issues beyond ur boundaries https://t.co/oNpFViH8ME,77350,"@133241 Please don't provide your order details, we consider it personal information. Our Twitter page is visible to the public. ^AK 2/2",Fri Dec 01 16:40:17 +0000 2017,True,INFORMATIVE_RESOLUTION,OTHER_GENERAL
th_77353,77353,133242,@AmazonHelp I have requested a refund.,77355,"@133242 Hello Tom, please let us know how you get on.- Hal S",Thu Nov 30 12:27:04 +0000 2017,True,INFORMATIVE_RESOLUTION,REFUND_RETURN_INQUIRY
th_77358,77358,133242,@AmazonHelp I have spoken to someone over the phone. They assure me that a refund has been set up and I should see it credit my accoint in 5-7 working days.,77359,@133242 Have you received an e-mail confirmation of the refund? Please be sure to check your spam/junk folder. ^HS,Thu Nov 30 21:32:28 +0000 2017,True,INFORMATIVE_RESOLUTION,REFUND_RETURN_INQUIRY
th_77354,77354,133242,@115830 @AmazonHelp #AmazonPrime #AmazonDelivery Yet again Amazon have lost my order.,77352,"@133242 Hi Tom, I'm sorry to hear this. Have you had any updates to the tracking of your order?^PJ",Thu Nov 30 12:19:13 +0000 2017,True,INFORMATIVE_RESOLUTION,ORDER_TRACKING_DELAY
th_77364,77364,133245,@AmazonHelp Yes I had. Do checkI was awaiting for my package yesterday. U can't understand my disappointment coz of u ppl how the whole plan got spoiled. What about that?,77366,@133245 We apologize for the experience. We never intended this. As you've shared the required details through the link provided we'll check with it and get back to you with an update at the earliest. Appreciate your understanding. ^KH,Thu Nov 30 12:27:58 +0000 2017,True,INFORMATIVE_RESOLUTION,ORDER_TRACKING_DELAY
th_77367,77367,133245,@AmazonHelp Please update me about the refund. Now I can't trust u ppl and again book it to get disappointment. I will now buy From @132994,77368,"@133245 As mentioned earlier, we've received your details and our team is working on it. We'll get back to you soon. ^RI",Thu Nov 30 12:36:16 +0000 2017,True,INFORMATIVE_RESOLUTION,REFUND_RETURN_INQUIRY
th_77365,77365,133245,@AmazonHelp I got this message now do the initiative and thank you for spoiling my day n plan. I have replied to your above link also. https://t.co/aFSHMVseB1,77363,"@133245 I understand your level of disappointment due to this experience, Karan. It was certainly not intended. May I know if you've dropped in your details through the link provided earlier? ^EM",Thu Nov 30 12:13:43 +0000 2017,True,INFORMATIVE_RESOLUTION,OTHER_GENERAL
th_77372,77372,133246,"@AmazonHelp Amazon themselves, cancelled the order and ordered a (more expensive) similar item cause it wasn't to be in stock till first week of January after ordering Wednesday last week and it saying it was to be delivered today. Having so many problems with Amazon recently.",77374,@133246 I'm sorry to hear about this! We are here to help. Please reach out to us here: https://t.co/JzP7hlA23B Thanks for reaching out! ^VR,Thu Nov 30 12:28:43 +0000 2017,True,INFORMATIVE_RESOLUTION,ORDER_TRACKING_DELAY
th_77377,77377,133247,"@AmazonHelp Will do, thank you.",77379,@133247 Anytime! Let us know if you have any other questions or concerns. We are always here for you! ^AL,Thu Nov 30 12:32:14 +0000 2017,True,INFORMATIVE_RESOLUTION,OTHER_GENERAL
th_77405,77405,133250,@AmazonHelp All the time you and your team gives customer only sorry Not solution#uninstallamazon,77407,@133250 I get that you're upset. We'd like to make this right for you. Kindly drop your details here: https://t.co/beaaDm0muc and we’ll get in touch with you soon. ^BV,Thu Nov 30 12:29:11 +0000 2017,True,INFORMATIVE_RESOLUTION,OTHER_GENERAL
th_77410,77410,133250,"@AmazonHelp Now i realllised amazon is only want there profit,They dont compensat to customer,They shout on tv , apni dukan bhaiya apni dukan,But if a problem happen in there end they don't give proper solution , now i know this after 2 days of calling and chatting with customer support",77412,@133250 I have checked and can confirm that we haven't received your details. Kindly share your details using the link provided earlier for us to assist you. ^GD,Thu Nov 30 16:43:28 +0000 2017,True,INFORMATIVE_RESOLUTION,OTHER_GENERAL
th_77413,77413,133250,@AmazonHelp What details you want ?,77414,@133250 Request you to fill in your details as requested in the link so that we can access your account by visiting the link shared earlier. ^RB,Thu Nov 30 17:27:45 +0000 2017,True,INFORMATIVE_RESOLUTION,OTHER_GENERAL
th_77415,77415,133250,"@AmazonHelp I fill all the details in 2 time, i just checked in social media and i amazed how many people is suffering from your so-called customer centric company#UNINSTALLAMAZON",77416,@133250 We've received you details and our team will get back to you with an update shortly. ^MN,Thu Nov 30 17:51:23 +0000 2017,True,INFORMATIVE_RESOLUTION,OTHER_GENERAL
th_77417,77417,133250,"@AmazonHelp @115850  Your customer team is so corrupt and mannerless,If customer want solution on there end they simply cut the call, I want proper solution#UNINSTALLAMAZON",77418,@133250 You will receive an email correspondence from our team here: https://t.co/HObeYwFNxnDo keep a check and you may reply to it for any further assistance. ^RW,Fri Dec 01 04:57:43 +0000 2017,True,INFORMATIVE_RESOLUTION,OTHER_GENERAL
th_77419,77419,133250,"@AmazonHelp And here in twitter @AmazonHelp that's over for me in your end, if you don't want to help customer why you are here in twitterI want information where i can complain in higher athuority#UNINSTALLAMAZON",77420,"@133250 We wouldn't be able to access your Amazon account details on Twitter. In order to help you to the fullest, kindly write back to the email you have received here: https://t.co/8DAc10S7ww and get back to you soon with an update. ^SY",Fri Dec 01 05:24:17 +0000 2017,True,INFORMATIVE_RESOLUTION,OTHER_GENERAL
th_77421,77421,133250,"@AmazonHelp Please don't irritate me,I write 3 times in your given link but no proper solution they provide#UNINSTALLAMAZON",77422,@133250 We've sent the correspondence to your registered email ID. Kindly check it here: https://t.co/8DAc10S7ww and write back to the email. We will respond on the same. ^GK,Fri Dec 01 05:52:49 +0000 2017,True,INFORMATIVE_RESOLUTION,OTHER_GENERAL
th_77424,77424,133250,"@AmazonHelp No, i dont talk privately , i talk here in public, because they dont know what terrible your service and customer support @115850 #UNINSTALLAMAZON",77425,"@133250 Unfortunately, we wouldn't be able to access your account/order info here. Please write back to the email sent by our team for further insight. ^VM",Fri Dec 01 06:26:36 +0000 2017,True,INFORMATIVE_RESOLUTION,OTHER_GENERAL
th_77427,77427,133250,"@AmazonHelp I write 3 time my info in this link,People watch working style @115850 And make dicision@21563",77428,@133250 I would request you to please revert to the email correspondence from our team here: https://t.co/8DAc10S7ww and we'll be glad to help you. ^SI,Fri Dec 01 06:36:11 +0000 2017,True,INFORMATIVE_RESOLUTION,OTHER_GENERAL
th_77429,77429,133250,"@AmazonHelp Ok,One more time i give my info here#UNINSTALLAMAZON",77432,"@133250 You will find the email trail we had exchanged regarding the issue, please revert to the last email and we'll take the issue forward. Thank you for understanding. ^SI",Fri Dec 01 06:49:01 +0000 2017,True,INFORMATIVE_RESOLUTION,OTHER_GENERAL
th_77431,77431,133250,"@AmazonHelp I reply two time this email ,As usual there is no response @115850 #UNINSTALLAMAZON",77433,"@133250 I'm sorry, Twitter being a public platform we do not have access to your order details. The resolution provided over the email is the best we can offer. For further insight please wait for an update. Thank you for understanding. ^SI",Fri Dec 01 07:01:11 +0000 2017,True,INFORMATIVE_RESOLUTION,OTHER_GENERAL
th_77406,77406,133250,"@AmazonHelp  your customer support team prove this all power in your hand and customer is helpless, is there any place or athuority where i can complain your bad customer service",77404,@133250 I'm sorry for the unpleasant experience you had with our support team. Certainly we never expected this. I'll be sure to pass along your experience as a feed back to our team internally so that they can evaluate it to make sure it doesn't happen again. ^HS,Thu Nov 30 12:13:00 +0000 2017,True,INFORMATIVE_RESOLUTION,OTHER_GENERAL
th_77436,77436,133251,@AmazonHelp Yep should have had it Monday,77438,@133251 Were you provided a reason for the delay on the tracking for the order?^PJ,Thu Nov 30 12:25:45 +0000 2017,True,INFORMATIVE_RESOLUTION,OTHER_GENERAL
th_77439,77439,133251,"@AmazonHelp ""we're working to get your package back on track, please come back tomorrow""",77440,@133251 Sorry to hear it Steve. Please keep us posted if it hasn't been delivered by tomorrow for you. ^NV,Thu Nov 30 12:55:47 +0000 2017,True,INFORMATIVE_RESOLUTION,ORDER_TRACKING_DELAY
th_77437,77437,133251,"@AmazonHelp Planet of the apes released Monday. Has been ""in transit"" ever since. Think it might be easier to cancel and go to Tesco",77435,"@133251 I know how frustrating this is! Just to clarify, have we missed the expected delivery date given in the order confirmation e-mail? ^AL",Thu Nov 30 12:18:25 +0000 2017,True,INFORMATIVE_RESOLUTION,REFUND_RETURN_INQUIRY
th_77460,77460,133254,@AmazonHelp I go away tomorrow. There was a reason i chose fastsr delivery. Ive had other orders that I made the day after already arrive. And as far as I can discern from the tracking it's just sat in a warehouse or has been in a van for 2 days. For real?,77462,"@133254 Hi, this is a very busy period and some orders are experiencing slight delays. We understand the frustration this is causing! Please contact us via this link: https://t.co/JzP7hlA23B. We will try our best to get this resolved for you. ^JC.",Thu Nov 30 12:26:15 +0000 2017,True,INFORMATIVE_RESOLUTION,ORDER_TRACKING_DELAY
th_77461,77461,133254,"@AmazonHelp Not a thing. Just the tracking going from dispatched to ""let us know if it's not here by saturday""",77459,@133254 Thanks for that update! We're unable to access your orders or account details via Twitter. Please visit us here for more information: https://t.co/2tLWpVSvWe ^RB,Thu Nov 30 12:15:29 +0000 2017,True,INFORMATIVE_RESOLUTION,ORDER_TRACKING_DELAY
th_77465,77465,133254,"@AmazonHelp package was supposed to arrive last night. Now says don't contact until Saturday, but tracking info hasn't updated in 2 days. Anything you can do or help with? Even an eta?",77464,"@133254 I'm sorry to hear of this, did you get an email advising why it was delayed? ^KI",Thu Nov 30 12:11:59 +0000 2017,True,INFORMATIVE_RESOLUTION,ORDER_TRACKING_DELAY
th_77470,77470,133256,@AmazonHelp @115830 have just made sure I wont order from them again. Awful customer service. An unidentified purchase was made using my card &amp; it was not made from my account. No help has been made to get back my money. Deeply disappointed &amp; angry. Thought more of the company,77469,@133256 Sorry to hear of the poor experience you have had. Could a family member have accidentally placed an order with this payment method?^ES,Thu Nov 30 12:12:46 +0000 2017,True,INFORMATIVE_RESOLUTION,ORDER_TRACKING_DELAY
th_77495,77495,133264,"@AmazonHelp not yet, would a replacement still be of the same amount if one of the items was a part of a lightning deal?",77497,@133264 Great question! Please reach out to us here: https://t.co/JzP7hlA23B so we can look into this together. ^SC,Thu Nov 30 12:17:17 +0000 2017,True,INFORMATIVE_RESOLUTION,OTHER_GENERAL
th_77498,77498,133264,@AmazonHelp ok but this is a link to the UK site and i live in the US,77499,"@133264 Apologies for the incorrect link, Hannah. You can get in touch here: https://t.co/hApLpMlfHN ^TI",Thu Nov 30 13:57:12 +0000 2017,True,INFORMATIVE_RESOLUTION,OTHER_GENERAL
th_77506,77506,133266,@AmazonHelp Yes I am online chat with Preeti from @115821. She is very unhelpful and refuses to help other than getting the parcels delivered tomorrow which is not good enough as I am off today.,77504,"@133266 Hi, a carrier wouldn't return on same day &amp; new attempt would be scheduled for next day. Do you have a safe place or neighbour preference saved? If not, in Your Orders you can click ""Track Item"". On progress tracker page, click ""Provide delivery instructions. ^TS",Thu Nov 30 12:10:32 +0000 2017,True,INFORMATIVE_RESOLUTION,ORDER_TRACKING_DELAY
th_77508,77508,133266,@AmazonHelp I am a prime member. Organised delivery for today. Delivery driver made no attempt to deliver and said no one was home. Apparently now you can't deliver again today even though I am a prime member and organised a day off today to take delivery.,77507,"@133266 Apologies for the trouble caused. It's possible that the carrier may have been in the wrong area, did you contact us regarding this issue? If so, what was advised.^CN",Thu Nov 30 12:05:27 +0000 2017,True,INFORMATIVE_RESOLUTION,PRIME_MEMBERSHIP_BILLING
th_77515,77515,133268,@AmazonHelp Guys yaar even I order shoes of red and black colour and got black and fluorescent colour vo bhi ek number chota,77514,@133268 Apologies for the trouble with an incorrect product delivered to you. Kindly reach out to our support team here: https://t.co/vlvfJr4nN9 and we'll get this checked for you. ^PB,Thu Nov 30 11:24:29 +0000 2017,True,INFORMATIVE_RESOLUTION,ORDER_TRACKING_DELAY
th_77530,77530,133273,"Hey @AmazonHelp, I think you have a problem... I'm not Ann, and I got an email yesterday saying thank you for activating my FireTV stick, that I hadn't yet taken out of the box, so I assume someone now has one attached to my account. #amazon #fail #badsecurity https://t.co/vI6MYW4fGH",77529,@133273 Oh no! This is not what we want to happen! Please reach out to us here https://t.co/hApLpMlfHN via phone or chat so we can get this sorted for you.^AV,Thu Nov 30 12:00:45 +0000 2017,True,INFORMATIVE_RESOLUTION,OTHER_GENERAL
th_77535,77535,133274,@AmazonHelp It must be. I've had the same email address for years and I have tons of old order confirmations in my inbox.,77534,"@133274 Hmm, that's strange! We definitely want to assist you with this. Please reach out to us so that we can further assist you here: https://t.co/jzvkhdlrK5 ^GP",Thu Nov 30 12:09:05 +0000 2017,True,INFORMATIVE_RESOLUTION,ORDER_TRACKING_DELAY
th_77537,77537,133274,@AmazonHelp Trying to reset my password because I don't remember it and the code isn't coming through. Have tried 3 times!! Not in my junk folder either.,77536,@133274 Is the email address you are accessing the same as the one you registered your Amazon account with?^SM,Thu Nov 30 11:59:41 +0000 2017,True,INFORMATIVE_RESOLUTION,ACCOUNT_LOGIN_SECURITY
th_77541,77541,133276,@AmazonHelp So what is the reason in this case.,77540,@133276 I understand your concern. Kindly reach out to our support team here: https://t.co/vlvfJr4nN9 and we'll assist you accordingly. ^GD,Thu Nov 30 11:40:53 +0000 2017,True,INFORMATIVE_RESOLUTION,OTHER_GENERAL
th_77543,77543,133276,@AmazonHelp I went through  the link thanks for the reply . But the price mentioned on the item is just 3 months old as date of import is 08/17 . That too post GST . So there is no question of the price being higher than MRP,77542,"@133276 I get your concern. However, there are multiple factors causing the difference in the MRP, such as 1. Time lag in updating prices post changes in MRP. 2 .Product belonging to a different batch.  3. Manufacturer specifying different MRPs in different regions. ^SG",Wed Nov 29 20:44:24 +0000 2017,True,INFORMATIVE_RESOLUTION,OTHER_GENERAL
th_77547,77547,133277,@AmazonHelp I have contacted through email. Please check and revert.,77546,"@133277 Thank you for the head's up, Akshay. We'll check and get back to you with an update soon. ^SY",Thu Nov 30 12:00:02 +0000 2017,True,INFORMATIVE_RESOLUTION,OTHER_GENERAL
th_77550,77550,133278,@AmazonHelp All I got was a message saying sorry it wasn't delivered and there is no new delivery date from ParcelPool and to wait because it's usually delivered in a few days..,77549,@133278 Thank you for the updated information! We'd like to look into this situation with you and see what options are available. Please use the following link to contact us via phone or chat:  https://t.co/hApLpMlfHN ^MW,Thu Nov 30 12:05:22 +0000 2017,True,INFORMATIVE_RESOLUTION,ORDER_TRACKING_DELAY
th_77570,77570,133284,"@AmazonHelp I've just ordered a couple of things with prime delivery and it's stating 2nd December the delivery will be here by, is that correct? https://t.co/aRKTBhsRzV",77572,"@133284 Hi Ollie, I apologize for the delay. During this busy time of the season, you may find orders being delivered later than you'd expect. You can learn more here: https://t.co/NM40RbdDSd ^VF",Thu Nov 30 12:15:12 +0000 2017,True,INFORMATIVE_RESOLUTION,PRIME_MEMBERSHIP_BILLING
th_77576,77576,133286,@115850 your delivery boy is out for delivery since 10 AM still didn't receive my order. What to do?? @AmazonHelp,77575,"@133286 Orders out for delivery will typically be delivered by end of day, request you to wait till the same. Do keep us posted for further concerns. ^VH",Thu Nov 30 12:00:55 +0000 2017,True,INFORMATIVE_RESOLUTION,ORDER_TRACKING_DELAY
th_77578,77578,132975,"@AmazonHelp You see, it's not just the thrill and the throttle for me. It's the storytelling and the cliffhangers that make it, it. And not sure what the form was about, but filled it nevertheless... https://t.co/Hyexcr1JPZ",77579,@132975 I feel yahh!! The wait still continues!! Thank you keeping us posted. ^BV,Thu Nov 30 12:27:24 +0000 2017,True,INFORMATIVE_RESOLUTION,OTHER_GENERAL
th_77583,77583,133288,@AmazonHelp Done long time back. Almost a month back. No status change,77585,"@133288 We're still sending out invitations, so you don't need to apply again if you already requested for an invitation, stay tuned! ^YP",Thu Nov 30 13:45:51 +0000 2017,True,INFORMATIVE_RESOLUTION,OTHER_GENERAL
th_77586,77586,133288,@AmazonHelp It's been a long wait and it's not feeling good now,77587,@133288 We can connect to the excitement. An invitation will be rolled out soon. Request your patience here. ^CB,Thu Nov 30 14:43:32 +0000 2017,True,INFORMATIVE_RESOLUTION,OTHER_GENERAL
th_77589,77589,133289,"@AmazonHelp No, doveva essere spedito il 28 novembre. Come posso fare se non riesco a essere presente alla consegna?",77591,"@133289 Da Twitter non abbiamo la possibilità di verificare il tuo ordine, in questo caso ti suggerisco di contattare direttamente il nostro Servizio Clienti cliccando qui: https://t.co/u6dV0wvW2c. A presto ^FA",Thu Nov 30 12:08:01 +0000 2017,True,INFORMATIVE_RESOLUTION,OTHER_GENERAL
th_77593,77593,133290,@AmazonHelp then why you unable to change the order status LOST which is showing Delivered to me.Indians are not fools. Please stop making...,77595,@133290 We apologize for the conflicting updates. We have shared your case internally for a review. Going forward we'll ensure that such instances doesn't reoccur. Appreciate your understanding. ^KH,Thu Nov 30 12:35:10 +0000 2017,True,INFORMATIVE_RESOLUTION,ORDER_TRACKING_DELAY
th_77596,77596,133290,@AmazonHelp You DUMB people.Did you understand the FACT.I am still in trouble... Because your FE will ask for the Pickup of Origi al order.. Is not ??After 5 days.. we will on the same page.Mr. @115851 what is going on.Mr. @5339 if u still there #ShameforAmazon,77597,@133290 I get your concern. Kindly fill in your details here: https://t.co/beaaDm0muc and we’ll contact you soon and resolve your issue. ^MN,Thu Nov 30 15:04:05 +0000 2017,True,INFORMATIVE_RESOLUTION,ORDER_TRACKING_DELAY
th_77598,77598,133290,"@AmazonHelp Oh GOD ! again link, fill up and will get the copy-paste emails..Even I am telling you the FACTS about the possibilities.What you guys doing there ? @115850 paying you, for what.. Its mystery.@115851 @115821 @5339 #ShameOnYouAmazon",77599,"@133290 Sorry about the confusion. I see that we've already addressed your issue and sent a correspondence to your registered email Id. The resolution provided over email is the best we can offer. Further, we'll not be able to provide additional assistance on this matter. ^NR",Thu Nov 30 18:35:31 +0000 2017,True,INFORMATIVE_RESOLUTION,OTHER_GENERAL
th_77594,77594,133290,@AmazonHelp Thats why you're not leading.. bcoz you not paying for your fault..you just leaving customers at their end &amp; be yourself remain in comfort zone..My Pay Balance amount transfer in my bank account.You are earning i terest on my money so far.@115851 @115850 @115821,77592,"@133290 As informed earlier, we do not have compensation plans for such instance and we'll forward this feedback internally for improvements. ^SU",Thu Nov 30 11:54:59 +0000 2017,True,INFORMATIVE_RESOLUTION,OTHER_GENERAL
th_77602,77602,133290,"@AmazonHelp @115851 Find my reverts here as well..@115821 @115851 @5339 I can understand the Logistic Issue.... but what resolutions received from Customer Supports are pathetic..So possessive for Rs.298, People Beware.. If you ordering big purchases on @115850 @120781 https://t.co/AZThAXfGxx",77601,@133290 Currently we do not have compensation plans for such instance. We will consider this as feedback and ensure to pass it on internally for improvements. ^RW,Thu Nov 30 07:29:11 +0000 2017,True,INFORMATIVE_RESOLUTION,OTHER_GENERAL
th_77605,77605,133290,"@AmazonHelp I don't care if its visible to public.If things will not going on track, I'll share both the Chats here, for all the world and people can see how your executives do what they want and avoiding customers troubles.@115851 @115821 @115850 @5339",77604,@133290 We've received your details. We'll work on it and get back to you with an update at the earliest. ^NR,Wed Nov 29 18:20:00 +0000 2017,True,INFORMATIVE_RESOLUTION,ORDER_TRACKING_DELAY
th_77607,77607,133290,"@AmazonHelp Ask your executive Mr.Pathan, How can I return the item while its not delivered. He will suffer me again at that time if delivery of new order.Even, You totally failed on your Promise and now taking 2x time.Really.... 3rd Class Resolution@115851 @115850 @76401 https://t.co/hse5oNm6gO",77606,"@133290 Please don't provide your order details, we consider it to be personal information. Our page is visible to the public. (2/2) ^MO",Wed Nov 29 17:42:03 +0000 2017,True,INFORMATIVE_RESOLUTION,REFUND_RETURN_INQUIRY
th_77611,77611,133290,@AmazonHelp Are you really from Amazon.. I have given my order number and you just can't reach to me.. #AmazedYou just doing fraud with Indians... and show yourself clean with your fake database.,77609,"@133290 As informed earlier, we won't be able to access your account details over twitter. The only way we can check your details is when we receive them via secured link shared earlier. Kindly do the needful and we'll help you at the earliest. ^HS",Wed Nov 29 14:35:27 +0000 2017,True,INFORMATIVE_RESOLUTION,ESCALATION_HIGH_RISK
th_77613,77613,133290,"@AmazonHelp There are just few people  who act like a robot.. If I suffer, I can claim compensation..You just updated its delivered for creating your Database perfect..and I have to wait for 5 more days.Now, world will see, what you doing.@115851 @115821 @115850",77612,"@133290 I understand your disappointment, please share your details through the link provided to you earlier so we can help you accordingly. ^MD",Wed Nov 29 13:26:54 +0000 2017,True,INFORMATIVE_RESOLUTION,ORDER_TRACKING_DELAY
th_77615,77615,133290,@AmazonHelp call me on my registered number.,77614,"@133290 We'll certainly arrange a call back for you, Deepak. Kindly share the preferred time along with your details on the link provided earlier. ^SY",Wed Nov 29 12:39:12 +0000 2017,True,INFORMATIVE_RESOLUTION,OTHER_GENERAL
th_77623,77623,133292,@AmazonHelp Okay. I just reported it,77625,"@133292 Thanks for writing back. Once you report to our support team, they will ensure to sort this out for you at the earliest. Do keep us posted for any further concern. ^PR",Thu Nov 30 12:47:12 +0000 2017,True,INFORMATIVE_RESOLUTION,OTHER_GENERAL
th_78679,78679,133551,@AmazonHelp I still have had no one contact myself it’s a complete disregard for the customer here! @115830 @AmazonHelp you should be ashamed!,78681,"@133551 I sincerely understand your frustrations, Gareth and assure you we're here to help as much as we can!  I appreciate your patience as we work through the queue and someone will be in touch as soon as possible. ^SM",Fri Dec 01 11:38:39 +0000 2017,True,INFORMATIVE_RESOLUTION,OTHER_GENERAL
th_78680,78680,133551,@AmazonHelp I have just messaged,78678,@133551 Thanks for letting us know! I can see we've received your message and are currently investigating the issue. ^NM,Thu Nov 30 20:22:08 +0000 2017,True,INFORMATIVE_RESOLUTION,OTHER_GENERAL
th_78684,78684,133551,@AmazonHelp It’s a complete disgrace called put on hold for all in all for nearly 30 mins and been told that there is only one supervisor and have to wait 2 hours for a call back asked if there was a supervisor in another contact centre and told she can’t do that! Not happy at all,78683,@133551 I'd like to have a member of my team look into this. Please send us your details here: https://t.co/3ucZin73bb so we can investigate why there are delays with your orders. Keep us posted! ^FR,Thu Nov 30 20:09:30 +0000 2017,True,INFORMATIVE_RESOLUTION,OTHER_GENERAL
th_78686,78686,133551,@AmazonHelp I know you are missing them and I want to know why as the whole idea of prime is for next day!The order I have placed tonight is expected to be delivered on Monday so definitely not next day! Last weeks were 4 days too it’s not good!,78685,"@133551 If this has been a recurring issue, please let us help by lending you a hand and reviewing this order on your behalf. You can contact our support team via this link: https://t.co/JzP7hlA23B ^WM",Thu Nov 30 19:20:14 +0000 2017,True,INFORMATIVE_RESOLUTION,PRIME_MEMBERSHIP_BILLING
th_78688,78688,133551,@AmazonHelp what is going on with your prime delivery over the last few orders I have done your supposed one day delivery has been 3 or 4 not sure why I pay for Amazon Prime when I don’t get what I pay for!,78687,"@133551 We're here to help, sorry for any inconvenience caused! Are we missing the expected delivery date for your orders? Check: https://t.co/aaDyEz1VgE and let us know. We're here to help! ^JE",Thu Nov 30 19:07:56 +0000 2017,True,INFORMATIVE_RESOLUTION,PRIME_MEMBERSHIP_BILLING
th_78709,78709,133557,"@AmazonHelp The screen shots are available, Return received by the vendor on 21st Nov, 2017, https://t.co/INhX1YXjjK",78711,"@133557 Please don't provide your order details, we consider it to be personal information. Our page is visible to the public. ^MN",Thu Nov 30 13:01:16 +0000 2017,True,INFORMATIVE_RESOLUTION,REFUND_RETURN_INQUIRY
th_78715,78715,133558,@AmazonHelp Not yet. Still waiting for a rescheduled delivery date.,78717,@133558 As soon as there's news you'll receive an update. Please let us know if you encounter any further issues. ^TS,Thu Nov 30 13:01:34 +0000 2017,True,INFORMATIVE_RESOLUTION,ORDER_TRACKING_DELAY
th_78732,78732,133563,"@AmazonHelp Hey, my friend has checked around and with neighbours and no one has seen the package",78730,@133563 Do you know which courier delivered it? ^KI,Thu Nov 30 12:46:26 +0000 2017,True,INFORMATIVE_RESOLUTION,ORDER_TRACKING_DELAY
th_78734,78734,133563,"@AmazonHelp Hey, I placed an order as a gift, the order says it was left in secure location but my friend hasn't received. No option to contact seller on my order page. What can I do to get refund/other one sent? Thanks",78733,@133563 I am sorry your friend is unable to locate the gift! Try these tips and let us know: https://t.co/i28OEI7boI ^DJ,Wed Nov 29 12:19:12 +0000 2017,True,INFORMATIVE_RESOLUTION,REFUND_RETURN_INQUIRY
th_78740,78740,133565,@AmazonHelp order#113-9333218-4668221 not delivered. I left a message via the return button but no one has contacted me. I would like the order to be delivered please,78737,"@133565 Oh no! I'm sorry to hear your order was not delivered! We are unable to view orders via Twitter, but we'd like to help! When you get a moment, please contact us via phone or chat: https://t.co/hApLpMlfHN Thanks! ^SW",Thu Nov 30 12:45:10 +0000 2017,True,INFORMATIVE_RESOLUTION,REFUND_RETURN_INQUIRY
th_78745,78745,133566,@AmazonHelp They said the item was out of stock as of yesterday. However I have a shipping notification from you from November 20 that my order shipped,78747,"@133566 Thank you for the information! Did we reach out to the carrier about the delay? Also, have you tried to refuse the shipment? You can find more information on how to do so here: https://t.co/8RNgMZE0BS. ^AL.",Thu Nov 30 12:51:07 +0000 2017,True,INFORMATIVE_RESOLUTION,ORDER_TRACKING_DELAY
th_78748,78748,133566,@AmazonHelp All I hear is that I should get it my dec 5th but this is a Xmas gift that I am shipping out of country it needs to be mailed by dec 1st,78749,@133566 So sorry about the delay. We do aim to deliver by the delivery date given at the time the order was placed. ^KM,Thu Nov 30 13:04:10 +0000 2017,True,INFORMATIVE_RESOLUTION,OTHER_GENERAL
th_78750,78750,133566,@AmazonHelp So I need to wait for the late item that I no longer need and return it? I needed to send it as a gift out of country n missed the cut off,78751,@133566 Have you contacted the carrier to let them know you no longer want the item? https://t.co/6yLTryxLRD ^DJ,Thu Nov 30 13:18:01 +0000 2017,True,INFORMATIVE_RESOLUTION,REFUND_RETURN_INQUIRY
th_78752,78752,133566,@AmazonHelp I am contacting you as I ordered from your site and you charged my credit card Amazon not a carrier,78753,@133566 I do understand your frustration. Once a package has shipped we are not able to cancel an order. You can refuse the package when it arrives. https://t.co/0IVluS8v2Q ^DJ,Thu Nov 30 13:24:25 +0000 2017,True,INFORMATIVE_RESOLUTION,PRIME_MEMBERSHIP_BILLING
th_78746,78746,133566,@AmazonHelp I needed the item by dec 1 promise date was nov 24. 4 times I requested a refund because item won’t be here until at least dec 5. No refund,78744,@133566 What were you advised by the agents that you spoke with? Did they give a reason for the delay or a revised delivery date?^SM,Thu Nov 30 12:42:37 +0000 2017,True,INFORMATIVE_RESOLUTION,REFUND_RETURN_INQUIRY
th_78771,78771,133570,@AmazonHelp What is the time??,78768,"@133570 I get your concern about the winners list, I'd request you to wait till the end of the day for the results to be announced. ^KH",Thu Nov 30 12:36:39 +0000 2017,True,INFORMATIVE_RESOLUTION,OTHER_GENERAL
th_78810,78810,133574,@AmazonHelp Unfortunately not - You can get a 'Printable receipt' but no VAT invoice?,78812,"@133574 Sorry about that Tom, your unable to print a VAT invoice for a Prime Membership as it is intended for private use only. You can find more info on VAT invoices here: https://t.co/qdGacXfF9X ^MI",Thu Nov 30 12:58:12 +0000 2017,True,INFORMATIVE_RESOLUTION,OTHER_GENERAL
th_78811,78811,133574,@AmazonHelp Please can you tell me where I can find a VAT invoice for an Amazon prime membership?,78809,@133574 You can manage your Prime subscription here. It should have the information you are requesting. If not let us know https://t.co/om8OZbjPjC^DJ,Thu Nov 30 12:38:29 +0000 2017,True,INFORMATIVE_RESOLUTION,PRIME_MEMBERSHIP_BILLING
th_78816,78816,133575,@AmazonHelp sorry but not happy with how my parcel was left https://t.co/X6LjO2llfe,78814,@133575 I'm sorry to hear of this. Were the items damaged at all? ^KI,Thu Nov 30 12:40:58 +0000 2017,True,INFORMATIVE_RESOLUTION,ORDER_TRACKING_DELAY
th_78820,78820,133576,"@AmazonHelp Is it possible to give someone a gift from the Kindle store in the UK, and have it delivered to their device? Seems it's possible for US customers but not available here? You're losing money if this isn't possible!",78818,"@133576 I am sorry, Rob. This feature is not available on our UK site. Hope this info helps!^SM",Thu Nov 30 12:36:09 +0000 2017,True,INFORMATIVE_RESOLUTION,ORDER_TRACKING_DELAY
th_78825,78825,133577,@AmazonHelp Button popped up today for a refund. I requested it. Thanks for the quick replies,78827,"@133577 You're welcome, thanks for keeping us posted on this Justin. ^NV",Thu Nov 30 13:07:28 +0000 2017,True,INFORMATIVE_RESOLUTION,REFUND_RETURN_INQUIRY
th_78826,78826,133577,@AmazonHelp It said it was on its way. It was at a ups warehouse 6 days ago 14 miles from my house. They successfully gave it to USPS to deliver to me. Seriously.,78828,@133577 I'm so sorry for the frustrating experience! We want to take a closer look at the situation. Please reach out to us via phone or chat here and we'll dig into this: https://t.co/hApLpMlfHN,Thu Nov 30 13:04:53 +0000 2017,True,INFORMATIVE_RESOLUTION,OTHER_GENERAL
th_78836,78836,133580,@AmazonHelp Been waiting for a call back 2 weeks and keep getting told I will get one.your chat agents lock me off and do not respond. Your agents abroad do not and have not answered my questions like where are my items?,78834,@133580 Sorry to hear that they haven't provided you with answers. Have you tracked your orders though the website? You can find the tracking info here:  https://t.co/aaDyEz1VgE. ^MI,Thu Nov 30 12:35:13 +0000 2017,True,INFORMATIVE_RESOLUTION,OTHER_GENERAL
th_78843,78843,133580,@AmazonHelp your customer services are a complete joke. How do we get through to a UK complaint team?,78842,"@133580 I'm so sorry for the poor experience! Without giving any specific account details, can you provide me with some information as to what is going on?^AV",Thu Nov 30 12:29:10 +0000 2017,True,INFORMATIVE_RESOLUTION,OTHER_GENERAL
th_78845,78845,133581,@AmazonHelp Hi. Still waiting for those 12hours to come in the clock and I get the cashback which is rightfully mine. Almost 48hours and still no sight of the call,78844,"@133581 We've sent a correspondence regarding this here: https://t.co/8DAc10S7ww.  For further queries, you can reply to the email sent and we'll assist you accordingly. ^VH",Thu Nov 30 12:23:33 +0000 2017,True,INFORMATIVE_RESOLUTION,OTHER_GENERAL
th_78847,78847,133581,"@AmazonHelp This form mentions that I'll be contacted within 12 hours,let's hope it happens as it says",78846,@133581 Thank you for sharing your details. We'll get in touch with you within the mentioned time frame. ^VH,Mon Nov 27 18:37:33 +0000 2017,True,INFORMATIVE_RESOLUTION,OTHER_GENERAL
th_78849,78849,133581,@AmazonHelp Thanks for the reply. On the very same day had a discussion with one of your support executive who said that I would be contacted by your team within 48hours which apparently have not come in your clock I guess.. which timezone do you follow?? It keeps changing with the day?,78848,@133581 I apologize for the delay in resolving this issue. Please fill in your details here: https://t.co/GIJyeYqKE0 so we can assist you. ^PJ,Mon Nov 27 14:55:20 +0000 2017,True,INFORMATIVE_RESOLUTION,OTHER_GENERAL
th_78853,78853,133582,@AmazonHelp Too many steps just to get help. Can you please just forward this complaint to the relevant tech team?,78855,"@133582 Apologies for the trouble. Please drop your details here: https://t.co/jZCbVBIno5 we'll connect with you on this. Further, I'll forward comments on this for improvements. ^RB",Thu Nov 30 13:10:54 +0000 2017,True,INFORMATIVE_RESOLUTION,OTHER_GENERAL
th_78872,78872,133588,"@AmazonHelp No email - the app just says “We’re sorry your package is late. We're working to get your package back on track. Please come back Saturday if you still don't have it and we'll help you out.” On Sat, it will be four days late.” It’s holding me up from sending my wedding invites.",78874,@133588 Thanks for the update. We're here to help! Who is the carrier assigned to deliver your package? You can check this information here: https://t.co/Y5jpI9gRhE. ^LH,Fri Dec 01 00:29:37 +0000 2017,True,INFORMATIVE_RESOLUTION,ORDER_TRACKING_DELAY
th_78875,78875,133588,@AmazonHelp AMZL US. Not a lot of faith in that now,78876,"@133588 Thanks for that info, Christy. I completely understand your concern. Sometimes unforeseen circumstances can cause delivery delays. Please let us know if your order does not arrive by Saturday so that we can take a look into this for you. ^SM",Fri Dec 01 13:20:35 +0000 2017,True,INFORMATIVE_RESOLUTION,OTHER_GENERAL
th_80517,80517,133880,@AmazonHelp Doesn’t sound like it. At all! First line even mentions a box. I got nothing! The photos are exactly how it showed up! https://t.co/ch4IKAW0Sq,80516,@133880 Thank you for bringing this to our attention! We are always looking to improve. Please provide your packaging feedback here: https://t.co/Tbs9f99He6. ^AL.,Thu Nov 30 13:20:11 +0000 2017,True,INFORMATIVE_RESOLUTION,OTHER_GENERAL
th_80521,80521,133881,"@AmazonHelp It was ripped open, have checked that everything is in there. Still doesn’t excuse the fact it’s been opened and rummaged around in AND then your really rude customer service assistants on chat telling me I’m making stuff up...",80523,"@133881 This isn't at all the experience we expect to provide, I'm truly sorry! At the end of the chat, you should've received a survey. The feedback left in this survey will go directly to the representative's leadership for internal review. ^JE",Thu Nov 30 13:27:29 +0000 2017,True,INFORMATIVE_RESOLUTION,OTHER_GENERAL
th_80524,80524,133881,@AmazonHelp I didn’t receive a survey as I as told I was being put through to a manager and then he disconnected the chat completely.,80525,"@133881 I'm so sorry the call was disconnected! You can also leave comments here on packaging feedback: https://t.co/8jynwThdtuIf you need to reach out to us again, you can call or live chat with us here: https://t.co/JzP7hlA23B ^KN",Thu Nov 30 13:36:22 +0000 2017,True,INFORMATIVE_RESOLUTION,OTHER_GENERAL
th_80526,80526,133881,@AmazonHelp That’s it? Pretty poor customer service all round then.,80527,@133881 Please contact us with the link provided so that we can investigate this further.^PJ,Thu Nov 30 13:49:20 +0000 2017,True,INFORMATIVE_RESOLUTION,OTHER_GENERAL
th_80531,80531,133883,"@AmazonHelp I am contacting Amazon since 28/11/2107 but no one helps me. I purchased a mobile on the said date, my Amazon Pay balance deducted but order cancelled, I am still waiting for refund",80533,"@133883 I understand you're disappointed, Asif. I apologize about the experience you had with this order so far. We'd like to assist you. Kindly share your details through the link that was provided earlier so that we can take necessary action from our end. ^NK",Sat Dec 02 16:22:15 +0000 2017,True,INFORMATIVE_RESOLUTION,REFUND_RETURN_INQUIRY
th_80534,80534,133883,"@AmazonHelp OK, I am going use the link but your apology doesn't qualify here, I need my order completed. Why should I pay you more for the same product for no fault of mine.",80535,"@133883 We would our best to make things right for you. Once we have your details with us, we'll work on it right away. ^CB",Sat Dec 02 16:42:58 +0000 2017,True,INFORMATIVE_RESOLUTION,ORDER_TRACKING_DELAY
th_80536,80536,133883,@AmazonHelp How this order got cancelled for 'payment declined' reason where my Amazon Pay Balance was 9300 (2500 in money &amp; 6800 in Gifts and Credit )at the time of order and 8999 was deducted? Even no refund made till now for Gifts &amp; Credit money (Rs. 6800). It's simple fraud by Amazon. https://t.co/dJniR2EwvY,80538,"@133883 If debited, they'll be refunded back to you by your bank itself within 2-4 business days. Please feel free to revise the payment if you are getting a prompt for it so that the order can be placed. ^NR 3/3",Sat Dec 02 23:30:31 +0000 2017,True,INFORMATIVE_RESOLUTION,ESCALATION_HIGH_RISK
th_80541,80541,133883,@AmazonHelp What the hell is this? How come a bank comes into the picture where I paid the whole amount from my Amazon Pay Balance? Make yourself aware about your own Amazon Pay Balance otherwise you can't help anyone.,80542,"@133883 I'm sorry about the previous Tweet, we would like to know your concern in detail. Write to us here: https://t.co/GIJyeYqKE0 &amp; we'll take necessary actions to make things right. ^MJ",Sat Dec 02 23:46:46 +0000 2017,True,INFORMATIVE_RESOLUTION,OTHER_GENERAL
th_80543,80543,133883,"@AmazonHelp I have sent you the details. There is no question of refund now, I want my order completed. Get it?",80544,"@133883 Thanks for sharing your details, appreciate your patience while we help you with the available options. ^MJ",Sat Dec 02 23:57:45 +0000 2017,True,INFORMATIVE_RESOLUTION,REFUND_RETURN_INQUIRY
th_80545,80545,133883,@AmazonHelp I am still waiting for help. How come my balance deducted and it's not there in Amazon Pay Balance Account Statement? It's simple cheat from Amazon India.,80546,"@133883 You must've received a correspondence from us on this. Please find it, here: https://t.co/NTkrxpsbHJ and kindly revert to it if needed. ^YP",Sun Dec 03 15:27:21 +0000 2017,True,INFORMATIVE_RESOLUTION,OTHER_GENERAL
th_80547,80547,133883,"@AmazonHelp What should I do with your correspondence? I need resolution but Amazon people cheating us. I have sent all the details but in vain. It's 6 days now and Amazon is not even responding, I have to call them, pathetic!",80548,"@133883 If you are not happy with the resolution provided in the correspondence, you may reply to the mail with your insight on this and we'll assist you further.  ^VH",Sun Dec 03 16:08:52 +0000 2017,True,INFORMATIVE_RESOLUTION,OTHER_GENERAL
th_80550,80550,133883,@AmazonHelp Do you understand English? How come question of a bank arise? I have paid with Amazon Pay Balance yes you heard it right Amazon Pay Balance. Is this what you offer as help?,80551,"@133883 To assist you regarding this in a better way, please connect with us here: https://t.co/TK4yevTaND ^NR",Sat Dec 02 23:43:25 +0000 2017,True,INFORMATIVE_RESOLUTION,OTHER_GENERAL
th_80537,80537,133883,"@AmazonHelp I have used the link provided by you and sent the details, now do whatever but I want my order completed, how dare you people try to cheat customers in broad day light. I have Amazon Pay screenshots with me.",80552,@133883 Thank you for sharing your details. We'll work on it and get back to you with an update via email soon. ^NR,Sat Dec 02 23:24:09 +0000 2017,True,INFORMATIVE_RESOLUTION,ORDER_TRACKING_DELAY
th_80555,80555,133884,@AmazonHelp It was a gift I received.  I am waiting to reorder the correct size.,80558,"@133884 If you still had questions about the return, we'd like to help out! Please contact us here so we can take a closer look into this for you: https://t.co/hApLpMlfHN ^SA",Thu Nov 30 13:26:19 +0000 2017,True,INFORMATIVE_RESOLUTION,OTHER_GENERAL
th_80557,80557,133884,@AmazonHelp It is going to be a credit on my Amazon account.  No bank no cc,80554,@133884 Refunds are generally returned to the original payment method. Did you original pay with Gift Card Credit or a Credit Card? ^MI,Thu Nov 30 13:21:38 +0000 2017,True,INFORMATIVE_RESOLUTION,OTHER_GENERAL
th_80560,80560,133884,@AmazonHelp is there anyway to get an update on return that was delivered to Amazon 2 days ago?,80559,@133884 Hello! It generally takes 5-7 business days for your bank to process your refund after we received the return. You can track your return here: https://t.co/idZStYBf5n.^CN,Thu Nov 30 13:12:48 +0000 2017,True,INFORMATIVE_RESOLUTION,REFUND_RETURN_INQUIRY
th_80562,80562,116058,@AmazonHelp Tried ordering a briefcase and have called multiple times trying to find out where it is with different answers each time,80564,"@116058 I am sorry you are having a delivery issue with your briefcase Travis! Take a look and see what the tracking is currently showing here  https://t.co/Y5jpI9gRhE Let us know we, are here to help! ^DJ",Thu Nov 30 13:58:23 +0000 2017,True,INFORMATIVE_RESOLUTION,OTHER_GENERAL
th_80565,80565,116058,@AmazonHelp Tracking says it’s been delivered. I was supposed to get a replacement but your staff was less than helpful. I’ve called multiple times and received different answers each time,80566,"@116058 Thanks for that information, Travis. Could you please let us know who the carrier was for this order? You can find that information here: https://t.co/Y5jpI9gRhE ^RB",Thu Nov 30 14:53:00 +0000 2017,True,INFORMATIVE_RESOLUTION,ORDER_TRACKING_DELAY
th_80567,80567,116058,@AmazonHelp I don’t see it,80568,"@116058 When viewing your orders, using the link RB provided, click the option to track your package. The carrier will be listed beneath the tracking status. ^GR",Thu Nov 30 14:57:58 +0000 2017,True,INFORMATIVE_RESOLUTION,OTHER_GENERAL
th_80571,80571,116058,@AmazonHelp It won’t let me fill it out. I can’t get the URL for some reason. I’m on the APP,80572,"@116058 Oh no! I'm so sorry, when you click the link does it do anything? Or do you get an error message? ^VF",Thu Nov 30 15:18:41 +0000 2017,True,INFORMATIVE_RESOLUTION,PRODUCT_TECH_SUPPORT
th_80573,80573,116058,@AmazonHelp I can fill it out but it asks for the Twitter url and I can’t get that so it won’t let me submit it,80574,"@116058 Hey Travis, can you copy and paste in the URL to your own Twitter page? ^JC.",Thu Nov 30 15:44:31 +0000 2017,True,INFORMATIVE_RESOLUTION,OTHER_GENERAL
th_80575,80575,116058,@AmazonHelp Ok. I think I got it to work,80576,"@116058 Thanks, Travis! I can confirm that we do see the completed form and a member of our team will be reaching out to you soon. ^TE",Thu Nov 30 16:18:16 +0000 2017,True,INFORMATIVE_RESOLUTION,OTHER_GENERAL
th_80577,80577,116058,@AmazonHelp I have not been called yet...,80578,@116058 We will be reaching out to you via e-mail once we've had a chance to review the details you've submitted to us. ^AC,Thu Nov 30 22:31:15 +0000 2017,True,INFORMATIVE_RESOLUTION,OTHER_GENERAL
th_80563,80563,116058,@AmazonHelp your cust Serv staff are continuing to jerk me around.... and are not helpful at all with me getting my packages on time.,80561,"@116058 I'm sorry for the poor experience! Without including any account details, can you tell us more about what's happened? ^ZW",Thu Nov 30 13:19:43 +0000 2017,True,INFORMATIVE_RESOLUTION,OTHER_GENERAL
th_80582,80582,133885,"@AmazonHelp I contacted you guys via the link above and the rep told me they contacted the carrier (UPS) and my packages would be delivered today. Unfortunately, here we are, 12 hours later.... still no packages.",80584,@133885 I'm sorry your order has yet to arrive! What does the most recent tracking update from the carrier show here: https://t.co/Y5jpI9gRhE? ^BN,Fri Dec 01 00:55:55 +0000 2017,True,INFORMATIVE_RESOLUTION,ORDER_TRACKING_DELAY
th_80585,80585,133885,@AmazonHelp It has essentially looked like this every day since Monday... https://t.co/xIyeFhpDSq,80586,@133885 Thank you for providing us more information. Please allow us another chance to look into your order: https://t.co/hApLpMlfHN We'd like to ensure this is delivered. I truly appreciate your patience.,Fri Dec 01 01:12:58 +0000 2017,True,INFORMATIVE_RESOLUTION,OTHER_GENERAL
th_80621,80621,133889,"@AmazonHelp Please start with what I entered at https://t.co/vGP02JEJpy this morning, per your request last night. ""I've extended your extended"" was your response to that, without addressing whether or not I would be charged for not returning the items that I did not receive, etc.",80623,"@133889 Hello, please do check your emails as we have responded to your query. Thanks for your patience with this matter. ^CR",Thu Nov 30 13:35:23 +0000 2017,True,INFORMATIVE_RESOLUTION,PRIME_MEMBERSHIP_BILLING
th_80624,80624,133889,"@AmazonHelp Yes, it is that email in which you said “I’ve extended your extended” but not addressed any of the actual issues. Do you really think that you answered my question of whether or not I will be expected to pay for the items by saying “extended your extended”?",80625,"@133889 Because we do not have access to your Amazon account on Twitter, we cannot check into the e-mail to verify what the message was intending to say. Please reply to the e-mail you had received if you need clarification. ^MJ",Thu Nov 30 13:48:09 +0000 2017,True,INFORMATIVE_RESOLUTION,OTHER_GENERAL
th_80626,80626,133889,"@AmazonHelp I see, thanks for clarifying. Props to @115821, then, for hiring humans for this job instead of a bot who could say ""We are sorry that you are having this trouble. Please visit this URL to reach someone who can actually help you"" just as well.",80627,"@133889 No worries at all, Fenestro. If you ever have any further questions, you know where to find us 😊^SM",Thu Nov 30 14:46:19 +0000 2017,True,INFORMATIVE_RESOLUTION,OTHER_GENERAL
th_80622,80622,133889,".@AmazonHelp You say you ""extended my extended"". I don't know what that means or how it helps me. Do I have to return the items that I did not get? Will my packages still get carried by AMZL? All I have is hassle and all you did was send me a nonsense sentence and that you care.",80620,"@133889 Hello, I am sorry to see that you have been having these issues. Without going into personal account info can you tell us more about this please? ^HS",Thu Nov 30 13:15:10 +0000 2017,True,INFORMATIVE_RESOLUTION,REFUND_RETURN_INQUIRY
th_80632,80632,133890,@AmazonHelp Setting up a product. Not finding what I need by trawling through endless help pages that really aren't very helpful.,80633,@133890 Sorry to hear that. What information were we able to provide when you contacted about this issue? Were you provided with steps to take? ^TI,Thu Nov 30 15:44:20 +0000 2017,True,INFORMATIVE_RESOLUTION,OTHER_GENERAL
th_80630,80630,133890,@AmazonHelp This is the number 0870 042 0479,80628,"@133890 Thank you for providing that for us. If you contact us via our website, we will call you back. You can do so via this link: https://t.co/JzP7hlA23B. As per previous correspondence, we have a freephone within the UK. ^JC.",Thu Nov 30 13:12:48 +0000 2017,True,INFORMATIVE_RESOLUTION,OTHER_GENERAL
th_80639,80639,133891,@AmazonHelp how clever. One of your delivery people just left my package on the doorstep without even knocking. Tracking says it was 'handed' to me! Postmen told me it was there!,80638,"@133891 I am sorry to hear this, Eva. Were the contents of the package in perfect condition? Has this issue happened before?^SM",Thu Nov 30 13:12:22 +0000 2017,True,INFORMATIVE_RESOLUTION,ORDER_TRACKING_DELAY
th_80648,80648,133894,"@AmazonHelp I ordered one Nokia 6 using Amazon pay back. I have not yet received the Cashback of Rs.1500 yet. I inquired and requested the same, but after being a high purchase n valued customer the Sandeep a supervisor in Amazon chat team rudely disconnected the chat.",80646,@133894 We're sorry that your issue wasn't addressed. We'll definitely take the required actions. Kindly share the details through the secured link mentioned above. ^PR,Thu Nov 30 13:05:25 +0000 2017,True,INFORMATIVE_RESOLUTION,OTHER_GENERAL
th_80651,80651,133894,"@AmazonHelp @115850 @115821 is it the service provided by supervisor in #Amazon one left chatt without giving solution. I am buyer of https://t.co/WUJPRciLDx n Amazon.in both, 1st time such rude behavior of Amazon,d worst prt he was supervisor.wht D benefits 4 high value cstmr https://t.co/Ge2RRgn84X",80649,"@133894 I'm sorry for the unpleasant experience, please share your details here https://t.co/GIJyeYqKE0, we would look into this. ^MD",Thu Nov 30 12:41:37 +0000 2017,True,INFORMATIVE_RESOLUTION,OTHER_GENERAL
th_80659,80659,133570,@AmazonHelp Where is the result of redtapequiz ?????,80657,"@133570 The results are not out yet, our team is working on it. Results would be declared soon. ^MD",Thu Nov 30 13:05:26 +0000 2017,True,INFORMATIVE_RESOLUTION,OTHER_GENERAL
th_80681,80681,133897,@AmazonHelp Spoke to the delivery guy said he'll be here in 2mins but it's already 15mins!!,80683,"@133897 I understand waiting can be tiresome. However, please be assured that the packages will be delivered by the end of the day. Do keep us posted for further concerns. ^BV",Thu Nov 30 13:29:16 +0000 2017,True,INFORMATIVE_RESOLUTION,ORDER_TRACKING_DELAY
th_80684,80684,133897,@AmazonHelp Who is the customer here?? You people should keep me posted not the other way around! #frustrating #badexperience,80686,"@133897 Out for delivery orders are delivered by 8 pm but may run late at times due to unforeseeable reasons. Please reach us, here: https://t.co/vlvfJr4nN9 and we'll check this for you. ^YP",Thu Nov 30 14:07:22 +0000 2017,True,INFORMATIVE_RESOLUTION,OTHER_GENERAL
th_80690,80690,133892,@AmazonHelp Sure have! Money has been out of account since Friday!,80688,"@133892 When you reached out to us directly, what were you advised? ^CR",Thu Nov 30 13:14:11 +0000 2017,True,INFORMATIVE_RESOLUTION,OTHER_GENERAL
th_80694,80694,133898,Hello @AmazonHelp I made an order on Monday 27th November but the money hasn't been deducted yet is there a problem?!!,80693,"@133898 Hi, payment isn't taken until the order has been dispatched. So there is no need to worry 🙂 ^KI",Thu Nov 30 13:08:48 +0000 2017,True,INFORMATIVE_RESOLUTION,ORDER_TRACKING_DELAY
th_80696,80696,133899,@AmazonHelp @115830 my parcel was apparently delivered yesterday at 4:30 but I have been in... nothing left in the safe place either. Who do I speak to?!,80695,"@133899 I'm sorry you don't have your parcel! We'd like to help with this. To start, here are some quick tips to help locate a delivered parcel: https://t.co/fqzITEhpZJ ^TK",Thu Nov 30 13:11:18 +0000 2017,True,INFORMATIVE_RESOLUTION,ORDER_TRACKING_DELAY
th_80698,80698,133900,@AmazonHelp To be honest ive done this so many times nothing gets resovled,80697,@133900 Sorry to hear this. Please reach out to us here: https://t.co/JzP7hlA23B so we can look into this for you.^ES,Thu Nov 30 13:12:29 +0000 2017,True,INFORMATIVE_RESOLUTION,OTHER_GENERAL
th_80718,80718,130705,@AmazonHelp Why don't u upload the winner list on Amazon App..  And also taking too much time to accounce quiz winner and not accouncing on given time...  Sorry to say that but it looks like it's all fake fake fake fake.... Totally disappointed with d AmazonQuizApp process,80717,@130705 I understand your concern regarding the AmazonQuiz. Please be assured that all promotions and contest on our page are genuine. You can check all the results here: https://t.co/ICRkX2fNTQ Appreciate your understanding. ^KH,Thu Nov 30 12:46:33 +0000 2017,True,INFORMATIVE_RESOLUTION,PRODUCT_TECH_SUPPORT
th_80724,80724,133905,@AmazonHelp Amazon it's already more than 24 hours since I contacted you and yet still no response.,80722,"@133905 You should have received a correspondence to your registered email address, request you to check and reply to the same. You can also find all the emails from us here: https://t.co/5DJ1e0hTXH. ^AR",Thu Nov 30 13:00:49 +0000 2017,True,INFORMATIVE_RESOLUTION,OTHER_GENERAL
th_80742,80742,133570,@AmazonHelp When will the winner name will be announced of oneplus5T app quiz,80741,@133570 We haven't made any announcement yet. Stay tuned to our website for an update. ^MN,Thu Nov 30 12:54:59 +0000 2017,True,INFORMATIVE_RESOLUTION,PRODUCT_TECH_SUPPORT
th_80753,80753,133908,"@115851 Hello Sir, I have complaint regarding Amazon India service but none of the customer care person is of any help. I also do not have Amit Agarwal's or contact details of any key people in India. Please hep!! @119356 @AmazonHelp",80752,@133908 Apologies. Kindly fill in your details here: https://t.co/beaaDm0muc and we’ll contact you soon. ^MN,Thu Nov 30 12:53:36 +0000 2017,True,INFORMATIVE_RESOLUTION,OTHER_GENERAL
th_80760,80760,133917,@AmazonHelp My product was never delivered. I kept calling customer service. They keep asking me to wait for 24 hours. It's been around 240 hours ... I've complained about 5 times now.,80762,@133917 I'm sorry you haven't received your orders yet. Please fill out this form: https://t.co/GIJyeYqKE0 and we'll look into this for you. ^AM,Thu Nov 30 14:59:19 +0000 2017,True,INFORMATIVE_RESOLUTION,ORDER_TRACKING_DELAY
th_80776,80776,133921,@AmazonHelp Did you find the message that you sent ? Can I have the link to that ?,80779,@133921 We apologize for the delay in the response. Be assured that we will get in touch with you at the earliest. ^BV,Thu Nov 30 13:17:27 +0000 2017,True,INFORMATIVE_RESOLUTION,OTHER_GENERAL
th_80781,80781,133921,@AmazonHelp Two days to get a response ? Wow.. must have been a tough question,80782,"@133921 We've sent the correspondence to your registered email ID, Ashvini. Kindly check it here: https://t.co/8DAc10S7ww ^EM",Fri Dec 01 08:04:32 +0000 2017,True,INFORMATIVE_RESOLUTION,OTHER_GENERAL
th_80778,80778,133921,@AmazonHelp Whole day to get back to me ... Unexpected @115850 .,80775,"@133921 You must have received a correspondence to your registered email address, request you to check and reply to the same. You can also find all the emails sent by us here: https://t.co/5DJ1e0hTXH ^AR",Thu Nov 30 12:56:57 +0000 2017,True,INFORMATIVE_RESOLUTION,OTHER_GENERAL
th_80786,80786,133921,@115850 @115821 @AmazonHelp Details added to the link,80784,@133921 Thanks for the update. We've received your details and we'll get back to you at the earliest. ^SC,Thu Nov 30 02:59:56 +0000 2017,True,INFORMATIVE_RESOLUTION,OTHER_GENERAL
th_80804,80804,133927,@AmazonHelp Well it now says being delivered tomorrow. I have to work and wont be home for package. Why guarantee a date if it always changes?,80802,"@133927 I'm very sorry your package has been delayed! If you'd like to discuss the order, please reach out to us here: https://t.co/hApLpMlfHN ^RO",Thu Nov 30 13:00:14 +0000 2017,True,INFORMATIVE_RESOLUTION,ORDER_TRACKING_DELAY
th_80808,80808,133927,@AmazonHelp @115821 if my package is expected to be delivered tomorrow why does it not show shipped yet status?,80807,@133927 Many packages are shipped the day they are delivered. We strive to deliver on the delivery date provided on the confirmation email. Please keep us updated on the packages arrival ^BA,Wed Nov 29 21:40:27 +0000 2017,True,INFORMATIVE_RESOLUTION,ORDER_TRACKING_DELAY
th_80813,80813,133928,@AmazonHelp What ???? what now?..what next?..when will i get my ordered product  ? It was suppose to reach me today..the day is almost over.. It's a gift for someone and tomorrow morning i have to give it to the person,80814,@133928 We can connect to the urgency. Please share your details with us here: https://t.co/GIJyeYqKE0. We'll get in touch shortly. ^CB,Thu Nov 30 14:33:34 +0000 2017,True,INFORMATIVE_RESOLUTION,OTHER_GENERAL
th_80817,80817,133928,@AmazonHelp What a shame...the issue is not yet resolved..no track info from courier after 28th..Ruined someone's birthday gift..,80818,"@133928 Apologies for the bad experience. Could you let us know if you've received a correspondence from us? If yes, you may reply to the correspondence sent by us for further help. Appreciate your patience and understanding. ^AK",Fri Dec 01 12:35:41 +0000 2017,True,INFORMATIVE_RESOLUTION,ORDER_TRACKING_DELAY
th_80811,80811,133928,@115850 @AmazonHelp @115821 @120169 @133929 every time they give same excuse  that no one was available to accept the parcel..and i belive even today as i am expecting a product delivery..they are going to give same excuse as usual...2/2,80809,@133928 Apologies for the trouble with delivery of your product. Have you reported this to our support team here: https://t.co/vlvfJr4nN9?,Thu Nov 30 12:53:28 +0000 2017,True,INFORMATIVE_RESOLUTION,ORDER_TRACKING_DELAY
th_80835,80835,133894,@AmazonHelp I have done that,80836,@133894 Upon checking I see that we haven't received your details yet. Kindly drop your details once again in the link shared earlier and we'll get in touch with you at the earliest. ^BV,Thu Nov 30 14:15:58 +0000 2017,True,INFORMATIVE_RESOLUTION,OTHER_GENERAL
th_80842,80842,133934,@115850 @AmazonHelp Really Pathetic service by Amazon. Delivery was not tried by courier guy and status updated as “Payment Pending: We could not deliver Spigen Ultra Hybrid Case for iP... as payment was not done. Re-attempt: End of next working day”,80841,@133934 I'm sorry about the unpleasant experience with the delivery. Kindly reach out to our support team here: https://t.co/vlvfJr4nN9 and we'll assist you accordingly. ^GD,Thu Nov 30 12:29:55 +0000 2017,True,INFORMATIVE_RESOLUTION,ORDER_TRACKING_DELAY
th_80847,80847,133936,@AmazonHelp Apparently it's been delivered... But it hasn't. Obviously delivered to the wrong address (Not the first time by an Amazon Driver). So now something that I needed for tomorrow is not here. Fantastic...,80849,@133936 Oh no! Thanks for letting us know! Have you tried the steps listed here: https://t.co/5ICQJg4vkM to try to locate the parcel? ^JO,Thu Nov 30 20:34:57 +0000 2017,True,INFORMATIVE_RESOLUTION,ORDER_TRACKING_DELAY
th_80848,80848,133936,@AmazonHelp Please hurry up with your drone delivery technology. The actual human delivery drivers you employ are useless! Next day delivery... Yeah Right!!,80846,@133936 Thank you for reaching out today! Are you currently waiting on an outstanding order? Please let us know. We're happy to help! ^JS,Thu Nov 30 20:28:16 +0000 2017,True,INFORMATIVE_RESOLUTION,ORDER_TRACKING_DELAY
th_81046,81046,133993,@AmazonHelp I m filling this form,81045,@133993 Kindly confirm after you've filled the form. ^NR,Thu Nov 30 20:21:04 +0000 2017,True,INFORMATIVE_RESOLUTION,OTHER_GENERAL
th_81048,81048,133993,@AmazonHelp Plz send me the link,81047,@133993 Please fill this form here: https://t.co/beaaDm0muc and we’ll contact you soon. ^MN,Sun Nov 26 13:59:51 +0000 2017,True,INFORMATIVE_RESOLUTION,OTHER_GENERAL
th_81050,81050,133993,@AmazonHelp I had provided my contact no na plz call me on that number,81049,@133993 We wouldn't be able to call or email until we receive your details from the link provided earlier. As requested earlier share your details on the link so that we can look into the issue and get back to you. ^SH,Sun Nov 26 06:15:26 +0000 2017,True,INFORMATIVE_RESOLUTION,OTHER_GENERAL
th_81052,81052,133993,@AmazonHelp 9619266205 my contact no,81051,"@133993 We cannot access your Amazon account via Twitter. Please share the details through the secure link provided earlier, we'll reach out to you. Please don't provide your order details, as we consider it to be personal information. ^AP",Sun Nov 26 04:49:49 +0000 2017,True,INFORMATIVE_RESOLUTION,OTHER_GENERAL
th_81054,81054,133993,I am rohit vijan i have purchased fit bit altra band so i returned the product on 11 nov and since 24 nov my refund isnt initiated is that lyk this u provide service to customers @AmazonHelp @AmazonHelp @115821 @115850 my contct no 9619266205 https://t.co/cQbCsIUl4z,81053,@133993 I understand your concern regarding the refund. We'd like to assist you with this. Kindly drop your details here: https://t.co/beaaDm0muc and we’ll contact you soon. 1/2 ^BV,Sat Nov 25 12:12:22 +0000 2017,True,INFORMATIVE_RESOLUTION,REFUND_RETURN_INQUIRY
th_81752,81752,134110,@AmazonHelp I had a chat with them. I want it delivered by today or please cancel it.,81754,@134110 Apologies for the delay with the delivery of your order. We'd like to help. Kindly share your details here: https://t.co/cQVomR1pWz and we'll have this resolved at the earliest. ^KH,Thu Nov 30 13:13:00 +0000 2017,True,INFORMATIVE_RESOLUTION,REFUND_RETURN_INQUIRY
th_81757,81757,134110,@AmazonHelp Haven't got any call from you till now. Don't even have the decency to inform me about the current status.,81758,@134110 We apologize for the delay. We are working on your concern and we'll get back to you soon. ^VH,Thu Nov 30 15:13:02 +0000 2017,True,INFORMATIVE_RESOLUTION,OTHER_GENERAL
th_83344,83344,134316,@AmazonHelp I guess you should ask @115817 for a refund since they are going to miss their deadline for  2nd day air,83347,@134316 I do apologize for the delay. The most accurate delivery date will be the one provided in your orders. Please let us know if your package doesn't arrive on the delivery date given. ^VF,Thu Nov 30 14:48:56 +0000 2017,True,INFORMATIVE_RESOLUTION,REFUND_RETURN_INQUIRY
th_83348,83348,134316,@AmazonHelp Well as expected my package did not arrive yesterday which was the original date given for delivery,83349,@134316 I'm sorry about this! We want to be sure you are receiving your parcels when they are expected. Please reach out to us directly here so that we can take a look into this for you: https://t.co/hApLpM3Ejd We'd like to help! ^ZW,Fri Dec 01 13:46:55 +0000 2017,True,INFORMATIVE_RESOLUTION,ORDER_TRACKING_DELAY
th_83346,83346,134316,Is it me or is @115821 prime shipping a bit slower than normal? @AmazonHelp any insight? #nomore2dayshipping?,83343,"@134316 We're here to help! Have we missed an expected delivery date on an order? Please, check: https://t.co/Y5jpI9gRhE and let us know. ^JE",Thu Nov 30 13:54:08 +0000 2017,True,INFORMATIVE_RESOLUTION,PRIME_MEMBERSHIP_BILLING
th_83366,83366,134321,@AmazonHelp @115850 I am not getting any discount option on using ICICI credit card when u have mentioned the same in your terms and conditions. https://t.co/3S66yJalKj,83365,@134321 Please reach out to our support team here: https://t.co/vlvfJr4nN9 for further assistance. (2/2)^GD,Thu Nov 30 13:26:41 +0000 2017,True,INFORMATIVE_RESOLUTION,OTHER_GENERAL
th_83368,83368,134321,"@AmazonHelp See for yourself, I am not getting any discount. As per the image on your T &amp; C page. Discount should be given here only. It means if I opt for a 9 month EMI then  Rs1813 should be discounted from the total bill as that will be the interest charged on EMIs. https://t.co/m0tj7gF96G",83371,"@134321 We'd like to understand this better and assist. Please share your details, here: https://t.co/GIJyeYqKE0. Please don’t provide your details as we consider them to be personal information. Our Twitter page is visible to public. ^YP",Thu Nov 30 14:07:36 +0000 2017,True,INFORMATIVE_RESOLUTION,PRIME_MEMBERSHIP_BILLING
th_83372,83372,134321,@AmazonHelp U people are simply great. I tell u. Slow Claps for u guys. Seriously. How do u ppl manage to provide such shitty customer care service. It must be hell lot of pain. Such efforts. 12 business hours complete nahi hue aapke? I provided this info on Thursday.,83373,@134321 Apologies for any inconvenience you had with us. We have sent a correspondence to your registered email ID. Please respond to the correspondence and we will assist further. ^AH,Sat Dec 02 04:42:11 +0000 2017,True,INFORMATIVE_RESOLUTION,OTHER_GENERAL
th_83376,83376,134321,@AmazonHelp Your customer executive was extremely rude and kept on insulting and disconnected the call when I told her to provide me whatever confirmation she is giving me on call in written. Why are you guys so afraid to give something in written?Fraudsters !!!,83377,"@134321 That's quite a remark! Apologies for the unpleasant experience you had with us. Our team is working on this. Please allow some time, we'll get back to you. Also, I've noted your comments and will forward this feedback internally.  ^SC",Sat Dec 02 11:10:37 +0000 2017,True,INFORMATIVE_RESOLUTION,OTHER_GENERAL
th_83378,83378,134321,"@AmazonHelp I have full audio recording of the call with me. When I asked her to transfer my call, she blatantly refused and disconnected the call.Do you people even review how your executives talk to the customer?",83379,"@134321 We don't advocate such experience at any level, accept our apologies here. Please write back to the e-mail from the Social Media Team and we'll work on it. ^C",Sat Dec 02 11:12:19 +0000 2017,True,INFORMATIVE_RESOLUTION,OTHER_GENERAL
th_83382,83382,134322,@AmazonHelp No. First person gave up and got me a 2nd level. After another 30 minutes he said someone from the teen group would contact me in 24 to 48 hours,83384,@134322 Thank you for clarifying. Please let us know If you are not contacted within that time. We are here for you! ^SC,Thu Nov 30 16:20:35 +0000 2017,True,INFORMATIVE_RESOLUTION,OTHER_GENERAL
th_83385,83385,134322,"@AmazonHelp 48 hours has gone by and I have not heard anything from Amazon after I was told that the ""teen"" group would get with me to resolve my issue. @115851 this is not good customer service. I have an upset daughter.",83386,"@134322 I'm so sorry for this frustrating experience, Gregg. It's never our intention and I'd like a member our team to look into this personally. Plea provide your information here and we'll be in touch: https://t.co/lxyG6uUYWN ^HS",Sat Dec 02 04:18:33 +0000 2017,True,INFORMATIVE_RESOLUTION,OTHER_GENERAL
th_83387,83387,134322,@AmazonHelp @115851 another 14 hours have gone buy and no assistance or resolution on trying to get my daughter's teen account on an HD fire 10. 62 hours and no response is not acceptable....,83389,@134322 I can confirm that our Teen Login team sent you an e-mail regarding this today. You can view the message here: https://t.co/vNsY6r2kqe Please reply to this e-mail with any additional questions you may have. ^RA,Sat Dec 02 19:23:32 +0000 2017,True,INFORMATIVE_RESOLUTION,OTHER_GENERAL
th_83383,83383,134322,@AmazonHelp I did online chat. After 2 people I was told I needed to wait 24 to 48 hours to hear back from the teen group.,83381,"@134322 When you were on the chat, Gregg, did the agent offer any information as to why the Fire HD Tablet would not register on the teen account? ^TH",Thu Nov 30 13:45:45 +0000 2017,True,INFORMATIVE_RESOLUTION,OTHER_GENERAL
th_83392,83392,134322,@AmazonHelp @115821 trying to set up a fire HD for my daughter on teen account. And it won't register. Using chat to resolve issue. 2nd level says another team needs to help and they will contact me in 24-48 hours. Not acceptable.,83391,"@134322 I'm so sorry for the poor experience. We don't have access to your account over Twitter, but we'd love to help. Our technical teams would be in the best position to assist you however, I'd suggest calling us for troubleshooting/options: https://t.co/hApLpMlfHN ^EB",Thu Nov 30 03:50:41 +0000 2017,True,INFORMATIVE_RESOLUTION,OTHER_GENERAL
th_83394,83394,134323,@AmazonHelp I do not have an email regarding that shipment there is an email about the other order I had a problem with but it was with a third party,83396,@134323 So sorry to hear that no emails were received! Have you checked in your orders to see if a replacement order is showing in the list?  https://t.co/Y5jpI9gRhE ^GS,Thu Nov 30 14:01:49 +0000 2017,True,INFORMATIVE_RESOLUTION,ORDER_TRACKING_DELAY
th_83397,83397,134323,@AmazonHelp Yes that is why I am reaching out to you,83398,"@134323 In this case, it would be best for us to take another look at your orders to see what happened. When you have a moment, please call or chat with us here: https://t.co/hApLpMlfHN ^VF",Thu Nov 30 14:06:20 +0000 2017,True,INFORMATIVE_RESOLUTION,OTHER_GENERAL
th_83399,83399,134323,@AmazonHelp Wow could you guys suck anymore you disconnected my chat window when trying to get this resolved,83400,"@134323 I'm so sorry about that! Please give us another chance to help, use the same link provided before. ^MH",Thu Nov 30 17:51:04 +0000 2017,True,INFORMATIVE_RESOLUTION,OTHER_GENERAL
th_83395,83395,134323,@AmazonHelp Spoke to customer service about a shipping problem and they said they sent out a new item but there is no reference to that in my account so I can’t track it,83393,@134323 Was there an e-mail sent to you about the replacement? Make sure to check your junk/spam mail as well. Please keep us posted. ^GP,Thu Nov 30 13:49:45 +0000 2017,True,INFORMATIVE_RESOLUTION,ORDER_TRACKING_DELAY
th_83402,83402,134323,@AmazonHelp why is your customer service so awful,83401,@134323 We never intend for you to have a bad experience with us. We'd like to try to turn this around! Please tell us what's going on without sharing any account information. ^KJ,Thu Nov 30 13:45:15 +0000 2017,True,INFORMATIVE_RESOLUTION,OTHER_GENERAL
th_83404,83404,134324,@AmazonHelp And the other 3 times?,83406,@134324 Sorry to hear that. Can I ask if you contacted us when your orders were delayed before so we could take a look into it for you? ^TI,Thu Nov 30 13:55:00 +0000 2017,True,INFORMATIVE_RESOLUTION,OTHER_GENERAL
th_83405,83405,134324,@AmazonHelp Today makes the fourth time that my order is getting delivered after the date quested when I checked out,83403,"@134324 I'm very sorry that your parcels have been delayed. This is our busiest time of year, and unfortunately that slows everything down a bit. This help link explains our Black Friday and Cyber Monday shipping: https://t.co/ydhrX6i1pf I apologize for any inconvenience.^SP",Thu Nov 30 13:49:37 +0000 2017,True,INFORMATIVE_RESOLUTION,ORDER_TRACKING_DELAY
th_83412,83412,134319,"@AmazonHelp August, I can no longer log into my account to be more specific, I can only provide the date and cost of the items. My account for shut down due to suspicious activity around the same time.",83414,@134319 We'd like to help look into this with you! Please reach out to us by phone here: https://t.co/zYVX1Qi29G ^KJ,Thu Nov 30 13:54:28 +0000 2017,True,INFORMATIVE_RESOLUTION,OTHER_GENERAL
th_83413,83413,134319,@AmazonHelp I have been billed for 2 items I have previously cancelled. I just spent 15mins on the phone before it got cut off. PLEASE HELP,83411,"@134319 Hi, without providing any personal information. Can you let me know when you canceled these items? ^KI",Thu Nov 30 13:49:16 +0000 2017,True,INFORMATIVE_RESOLUTION,PRIME_MEMBERSHIP_BILLING
th_83416,83416,134326,@AmazonHelp Check in your system before asking me.....i submitted the data more than 2 times.if not possible simply reply me that its not possible from our side..... Than after i will take necessary action against it. #Amazonpay #amazonfraud #amazon #worst #service #bewarefromamazon,83418,@134326 As you've shared the required details through the link provided earlier. We'll check with it and get back to you with an update at the earliest. Appreciate your patience. ^KH,Thu Nov 30 14:00:00 +0000 2017,True,INFORMATIVE_RESOLUTION,OTHER_GENERAL
th_83419,83419,134326,@AmazonHelp Your team only best at speaking but i want result.... If today i didn't contact you dont know why my money will be back to my acc. Your whole system is fake..... Your whole team trying to make people fool and make them tired and at least by the end people forget about their money,83420,@134326 We don't intend to keep you waiting. Our team shall reach out to you at the earliest to make things right. ^CB,Thu Nov 30 14:31:49 +0000 2017,True,INFORMATIVE_RESOLUTION,OTHER_GENERAL
th_83421,83421,134326,@AmazonHelp Give me your mail id where i can forward mail regarding this query.....My email id.... __email__ and contact me on 9879103664. And please dont provide me below id its not working.... https://t.co/CzaNRqtmu8,83422,@134326 We've received your details and our team will get back to you with an update shortly. ^MN,Thu Nov 30 14:45:53 +0000 2017,True,INFORMATIVE_RESOLUTION,OTHER_GENERAL
th_83417,83417,134326,@AmazonHelp Till date no any resolution for my query.....it was my last mistake to made transaction through your wallet.....it would be never happen again.shame of your organisation that you can't clear a query in this huge time. #beware from #Amazonpay #amazon india #worst #service,83415,@134326 I can understand your concern here. Please confirm if you've shared your details through the link provided earlier? ^HS,Thu Nov 30 13:28:35 +0000 2017,True,INFORMATIVE_RESOLUTION,OTHER_GENERAL
th_83431,83431,134329,"@AmazonHelp It said I can refuse the delivery when it comes, but I can't because I won't be there",83433,"@134329 Thank you for confirming, Sinead! You can also start a return for the order here: https://t.co/Y8jlx1VvWk. Otherwise, please contact us using the link ^AV provided so that we can research further options with you. I hope this helps! ^SD",Thu Nov 30 13:59:28 +0000 2017,True,INFORMATIVE_RESOLUTION,ORDER_TRACKING_DELAY
th_83432,83432,134329,"@AmazonHelp They won't arrive today because it's saying they haven't even been dispatched, tried to cancel today as they aren't going to arrive on time and was told I can't",83430,"@134329 Hi, were any options discussed when you contacted us? Can the carrier be contacted to arrange a return for refund? ^TS",Thu Nov 30 13:47:22 +0000 2017,True,INFORMATIVE_RESOLUTION,REFUND_RETURN_INQUIRY
th_83441,83441,134331,@AmazonHelp The ‘customers who purchased these items’,83439,@134331 Thank you for clarifying! Here's a link that will help you refine your recommendations: https://t.co/bQl64AkACj Hope this helps! ^SC,Thu Nov 30 13:34:11 +0000 2017,True,INFORMATIVE_RESOLUTION,OTHER_GENERAL
th_83443,83443,134331,@AmazonHelp can the “customers who bought items in your basket” be turned off when I’m items saved for later on the app. It gets in the way.,83442,"@134331 Hey, are you referring to the 'Your recommendations' items displayed on the app, or 'customers who purchased this item also purchased these items' ? ^TP",Wed Nov 29 12:54:17 +0000 2017,True,INFORMATIVE_RESOLUTION,PRODUCT_TECH_SUPPORT
th_83472,83472,134339,@AmazonHelp Here is what I see. I have also received an email saying that it is out of stock and if I want to cancel the order https://t.co/kjyD9OdoPg,83470,"@134339 We will ship the item as soon as possible. Once we have confirmation of a delivery date, it will be provided to you. Keep an eye on your e-mail for updates. ^ZW",Thu Nov 30 13:36:20 +0000 2017,True,INFORMATIVE_RESOLUTION,REFUND_RETURN_INQUIRY
th_83479,83479,134341,@AmazonHelp How do I redeem my promotional rewards !?  I can't find them anywhere !,83477,@134341 Hello! Hope you're having a fantastic day! 😊 You can check your promotional credit balance by the following: https://t.co/qcGXy04Ke8 ^JZ,Thu Nov 30 13:36:18 +0000 2017,True,INFORMATIVE_RESOLUTION,OTHER_GENERAL
th_83482,83482,134342,@AmazonHelp This is what it says! It doesn't make sense because it says it will be delivered the next day but the same day it was 'delivered' https://t.co/DBjgUldaos,83484,@134342 Have you had a chance to look around to see if your order was delivered to a safe-place or to a neighbour on your behalf?^PJ,Thu Nov 30 14:02:33 +0000 2017,True,INFORMATIVE_RESOLUTION,ORDER_TRACKING_DELAY
th_83485,83485,134342,@AmazonHelp Yes I have asked both my neighbours and they have received nothing. Who even delivers parcels at 11pm..? It's ridiculous.,83486,"@134342 Sorry about this situation. Your right the time is very late on that scan, it may be a system error. Can you contact us here:  https://t.co/JzP7hlA23B so we can look into this for you? ^MI",Thu Nov 30 14:16:30 +0000 2017,True,INFORMATIVE_RESOLUTION,OTHER_GENERAL
th_83483,83483,134342,@AmazonHelp hi I have been tracking my parcel and it says delivered at 11:30pm last night but I definitely did not get a delivery. Help,83481,"@134342 Hello, Anika! Thank you for reaching out! I'm sorry you have not received your parcel yet. Have you checked the locations suggested in this link? Let us know! https://t.co/1h5O4yLjDv ^MW",Thu Nov 30 13:32:13 +0000 2017,True,INFORMATIVE_RESOLUTION,ORDER_TRACKING_DELAY
th_83503,83503,134348,"@AmazonHelp 12/1. I was trying to get a status update because it still has not shipped out as of this morning and has not entered “preparing for shipment” stage. This normally means there’s going to be a delay, but I haven’t heard anything. Still says it’s coming tomorrow.",83505,"@134348 Thanks for confirming, Michael! Orders can be shipped on the same day the delivery is scheduled! Please keep us posted on delivery by end-of-day tomorrow. We want to make sure you receive this! ^SD",Thu Nov 30 13:56:41 +0000 2017,True,INFORMATIVE_RESOLUTION,ORDER_TRACKING_DELAY
th_83506,83506,134348,"@AmazonHelp It now says it is coming on Monday, 12/4 instead. Pretty disappointing that I ordered this in September and release day shipping isn’t happening.",83507,"@134348 I do apologise for the delay Michael. Please keep us posted on the progress of your order, and let us know if there is anything further we can do.^SM",Thu Nov 30 14:04:23 +0000 2017,True,INFORMATIVE_RESOLUTION,OTHER_GENERAL
th_83504,83504,134348,"@AmazonHelp @115821 @115828 contacted you yesterday about this, and today over live chat. No one can tell me if there is a shipping delay or what is going on with my Xenoblade 2 preorder. Ordered on 9/29. Any help? https://t.co/RuTbRY9Hzl",83502,"@134348 Hey, Michael! I'm so sorry about the delay with your order. What was the original estimated delivery date provided at checkout? Let us know! We'd like to help! ^DY",Thu Nov 30 13:29:58 +0000 2017,True,INFORMATIVE_RESOLUTION,ORDER_TRACKING_DELAY
th_83512,83512,134349,@AmazonHelp Can Redmi 4A be ordered any time on Thursday or just at 12.00?,83511,@134349 The sale starts at 12.00 and ends till the stock lasts. ^MD,Thu Nov 30 13:05:45 +0000 2017,True,INFORMATIVE_RESOLUTION,OTHER_GENERAL
th_83514,83514,119629,"@115850 @AmazonHelp, where can i find the results of the various contest you hold on the app.",83513,@119629 You may visit the link here: https://t.co/RijpzwhH21 to know about the contest winners. ^RB,Thu Nov 30 13:11:18 +0000 2017,True,INFORMATIVE_RESOLUTION,PRODUCT_TECH_SUPPORT
th_83518,83518,134351,@AmazonHelp Just to say thank you for responding promptly and so politely and trying hard to find out what was going on; I appreciate your effort. 👍👍,83522,@134351 You're so welcome! We're always here to help. ^GP,Thu Nov 30 14:42:42 +0000 2017,True,INFORMATIVE_RESOLUTION,OTHER_GENERAL
th_83520,83520,134351,@AmazonHelp Package appeared! 😁 Carried out extensive door-to-door enquiries &amp; it was handed to someone in another part of the street last night. No communication - just shoved into her hands! Driver then ran off &amp; ignored her calling him.,83523,"@134351 Great news!!! Thanks for letting us know too, appreciate you keeping us posted. Please also provide feedback on this delivery experience to us via: https://t.co/JzP7hlA23B we can ensure it is highlighted to the carrier. Thank you. ^NV",Thu Nov 30 14:39:17 +0000 2017,True,INFORMATIVE_RESOLUTION,ORDER_TRACKING_DELAY
th_83521,83521,134351,@AmazonHelp I've contacted you via email.,83517,@134351 Great we will be replying as soon as possible. ^CR,Thu Nov 30 13:28:14 +0000 2017,True,INFORMATIVE_RESOLUTION,OTHER_GENERAL
th_83526,83526,134351,@AmazonHelp I have just tried that &amp; was advised that no action could be taken until Friday 01 December.,83524,"@134351 It's never our intention to cause any frustration, as we strive to get your orders to you by the date given. However, unforeseen circumstances can cause delays. Most deliveries can arrive the next day after the scan. Please let us know when your items arrive! ^FR",Wed Nov 29 21:11:57 +0000 2017,True,INFORMATIVE_RESOLUTION,OTHER_GENERAL
th_83530,83530,133909,@AmazonHelp Yes I arranged a time. No phone call. Email was sent by Account Specialist. And the best part you taken the money for the order........ I’m really disappointed,83529,"@133909 Hello, Greg!  Please reach out to us here: https://t.co/G6aFKY9HvU so we might further research what is going on with your account.  Thank you! ^WB",Thu Nov 30 13:13:25 +0000 2017,True,INFORMATIVE_RESOLUTION,ORDER_TRACKING_DELAY
th_83525,83525,134351,"@AmazonHelp All I would like you to do is find out who delivered the package and get them to tell you WHERE they delivered it to!  It should not be marked as ""handed to recipient"" when it has not been handed to the recipient.",83533,"@134351 Hi, unfortunately we don't have access to your account via twitter, so we wouldn't be able to check. Please check out this link for more info on how to find a parcel marked as delivered: https://t.co/nqrpNHfxKe. ^JC.",Thu Nov 30 13:21:10 +0000 2017,True,INFORMATIVE_RESOLUTION,ORDER_TRACKING_DELAY
th_83535,83535,134352,@AmazonHelp being a prime customer i never expected this irresponsibleness from amazon guys!! chances are amazon going to loose one customer today. can you please share the delivery guys contact,83538,@134352 We can't access your account details over Twitter. Allow our support team to investigate this. You can report this here: https://t.co/R3EfhzgU8B. ^CB,Thu Nov 30 13:43:52 +0000 2017,True,INFORMATIVE_RESOLUTION,PRIME_MEMBERSHIP_BILLING
th_83539,83539,134352,@AmazonHelp that is why i have provides my order ID.,83540,"@134352 I'd like to have a closer look into this for further assistance. Would you mind sharing the required details, here: https://t.co/GIJyeYqKE0? Please don’t provide your details as we consider them to be personal information. Our Twitter page is visible to public. ^YP",Thu Nov 30 14:07:57 +0000 2017,True,INFORMATIVE_RESOLUTION,ORDER_TRACKING_DELAY
th_83536,83536,134352,@AmazonHelp it means i have to be here in office for 9pm?? is your EOD is 9pm??,83541,@134352 I'm sorry for the delivery experience of your order. We'd like to have a closer look into this. Please connect with our support team here: https://t.co/vlvfJr4nN9 and we'll assist you. ^HS,Thu Nov 30 13:33:42 +0000 2017,True,INFORMATIVE_RESOLUTION,OTHER_GENERAL
th_83545,83545,133926,@AmazonHelp Have already share the order ID. U can check,83546,@133926 We do not have access to your account details over twitter. Please share your details from the secured link provided by me earlier and we'll look into your concern. Appreciate your understanding. ^HS,Thu Nov 30 13:32:42 +0000 2017,True,INFORMATIVE_RESOLUTION,ORDER_TRACKING_DELAY
th_84122,84122,134498,@AmazonHelp And now you're going back on that promise. A promise made no fewer than four times.,84132,"@134498 Hi Alicea, I am sorry to see this please follow this link: https://t.co/mk7tow11c4. Fill out the requested information and someone from our specialist team will be in contact. ^HS",Thu Nov 30 13:51:44 +0000 2017,True,INFORMATIVE_RESOLUTION,OTHER_GENERAL
th_84134,84134,134499,@AmazonHelp Thanks for getting back to me. Unfortunately I can't seem to find a list within that? Finding it hard to upload products when a Browse Node is required but I have no way of knowing which one to use.,84136,"@134499 Hi there!  I'm not sure if this direct link will work, but please try it: https://t.co/2vnO0fc36x  If it doesn't open, let us know!  ^SP",Thu Nov 30 13:51:45 +0000 2017,True,INFORMATIVE_RESOLUTION,OTHER_GENERAL
th_84135,84135,134499,@AmazonHelp Hi. Can you tell me where to find a full list of Amazon UK Browse Nodes? Thanks! :),84133,"@134499 Hi Alex, you can find some helpful information via the links here: https://t.co/flWcQ9W7FM 😊^TS",Thu Nov 30 12:55:41 +0000 2017,True,INFORMATIVE_RESOLUTION,OTHER_GENERAL
th_84261,84261,134539,@115830 @AmazonHelp Hopefully I'll be proven wrong!,84260,@134539 Couriers can deliver until 21:00 pm. Keep us posted about your delivery! We're here to help! ^KN,Thu Nov 23 11:27:41 +0000 2017,True,INFORMATIVE_RESOLUTION,OTHER_GENERAL
th_86012,86012,134783,@AmazonHelp I've already done all of this. Just give me a refund. You guys shld also be compensating me for this unwanted stress and disgust. #Cheaters,86014,@134783 I can understand your situation. Kindly fill in your details here: https://t.co/beaaDm0muc and we’ll contact you soon. ^MN,Thu Nov 30 14:35:00 +0000 2017,True,INFORMATIVE_RESOLUTION,REFUND_RETURN_INQUIRY
th_86015,86015,134783,@AmazonHelp I've filled in the details on link. Wht i have faced is #ridiculous &amp; I seek a refund + compensation on account of stress caused by you. I've been a regular customer of Amazon and never did I think you guys wld fill in crap in my parcel box instead of actual product #cheaters,86016,@134783 Thanks for confirming. We have received your details. We'll get back to you at the earliest. ^JS,Fri Dec 01 03:50:23 +0000 2017,True,INFORMATIVE_RESOLUTION,REFUND_RETURN_INQUIRY
th_86017,86017,134783,@AmazonHelp Your agent who had come to pick up the parcel refused to take it saying it's impossible Amazon would change the product. I'm totally distressed because of you #cheaters,86019,"@134783 That's odd! I'm sorry for the trouble with the pick up. Our team is currently looking into this, you'd receive an update anytime soon. Further, I've passed on your experience as a feedback internally, we'll ensure such instances aren't repeated in the future. ^EM",Fri Dec 01 04:52:34 +0000 2017,True,INFORMATIVE_RESOLUTION,ORDER_TRACKING_DELAY
th_86018,86018,134783,@AmazonHelp When will you get back? Do you realise what you guys have done? Send coconuts in place of actual product which is already paid. Is this how you treat customers??? #cheaters,86020,"@134783 I certainly understand the gravity of this situation. Hence, please be assured you we'll get this sorted out at the earliest. Appreciate your patience while we work on this for you. ^EM",Fri Dec 01 05:18:06 +0000 2017,True,INFORMATIVE_RESOLUTION,OTHER_GENERAL
th_86024,86024,134783,@AmazonHelp How long for your team to get back? Don't you have a timeframe?,86025,@134783 Our team would get back to you with an update anytime within 6-12 hours. Appreciate your patience. ^EM,Fri Dec 01 09:26:11 +0000 2017,True,INFORMATIVE_RESOLUTION,OTHER_GENERAL
th_86013,86013,134783,@AmazonHelp I paid and ordered footwear and this is what you deliver??!!! I am totally disgusted and shocked! Give me a refund right now! #Cheaters https://t.co/l6tYHkUFzi,86011,@134783 Apologies for the trouble with the order received. Certainly not an intended experience for our customers. We'd like to help. Kindly report it to our support team here: https://t.co/vlvfJr4nN9 and we'll have this resolved at the earliest. ^KH,Thu Nov 30 14:00:49 +0000 2017,True,INFORMATIVE_RESOLUTION,REFUND_RETURN_INQUIRY
th_86039,86039,134787,"@AmazonHelp All of the above. If things are not going to arrive by the guaranteed delivery date, then maybe it shouldn't be ""guaranteed"".",86036,"@134787 I'm so sorry about your experience! If the item you're ordering is out of stock or unavailable to ship immediately, you may not receive the item in two business days, you can learn about how our shipping dates are calculated here: https://t.co/cTYxqKRg4i",Thu Nov 30 14:15:27 +0000 2017,True,INFORMATIVE_RESOLUTION,ORDER_TRACKING_DELAY
th_86046,86046,134788,"@AmazonHelp Since last 3 days I am receiving the message that my order will be delivered today, but was never delivered. This is my order number 114-5609495-6960236",86048,"@134788 Oh no! I'm so sorry your package has not been delivered to you! Since we do not have access to your account via Twitter, please reach out to us here https://t.co/hApLpMlfHN. We're here to help!^AV",Thu Nov 30 14:42:16 +0000 2017,True,INFORMATIVE_RESOLUTION,ORDER_TRACKING_DELAY
th_86047,86047,134788,@AmazonHelp so Amazon doesn't own any responsibility for the delay? Why it's me who should always follow up and not Amazon? Quite a pathetic response from your customer service representative. https://t.co/Ql5AOZbWkf,86045,"@134788 I'm so sorry for the poor experience! We don't have account/order access via Twitter, but we'd like to help. To clarify, what does the current tracking show? Was delivery ever attempted, or has there been a delay? You can find tracking here: https://t.co/Y5jpI9gRhE ^KN",Thu Nov 30 13:46:56 +0000 2017,True,INFORMATIVE_RESOLUTION,ORDER_TRACKING_DELAY
th_86063,86063,134791,@AmazonHelp Everything is correct as I've said the payment for another item is been taking as it is so that's not the issue,86065,@134791 Thank you for clarifying! Only your bank can tell you why your card has been declined. Your bank may require your verbal authorisation to proceed with a transaction. Learn more here: https://t.co/93qX3a3Vu3 Hope this helps! ^SC,Thu Nov 30 16:09:03 +0000 2017,True,INFORMATIVE_RESOLUTION,OTHER_GENERAL
th_86067,86067,134791,@AmazonHelp To say Iv 3 days to pay and I've been trying since yesterday and YOUR SYSTEM WONT LET ME!!! so I think it's because it's not willing to give me the original deal and considering I've been told Iv 3 days it SHOULD be honoured,86068,@134791 I know how frustrating this is! We would like another chance to look into this in real time for you. Please reach out to us when you have a moment: https://t.co/JzP7hlA23B ^AL,Thu Nov 30 16:35:06 +0000 2017,True,INFORMATIVE_RESOLUTION,OTHER_GENERAL
th_86069,86069,134791,@AmazonHelp I already have an been told it's been handed over to tech team an to expect a call by 8:00pm but can you garentee you will honour it and il get my item at the original price I was paying,86070,@134791 We want to help get this resolved for you! Thank you for your patience with our tech team. -RD,Thu Nov 30 16:47:56 +0000 2017,True,INFORMATIVE_RESOLUTION,OTHER_GENERAL
th_86077,86077,134792,@AmazonHelp That didn’t answer my question. How is it 2 day Shipping if it’s actually 4 Days?,86080,@134792 Some items may require additional processing time. Shipping refers to transit time once your item has shipped in business day. Have we missed the expected delivery date with a current order? You can check here  https://t.co/Y5jpI9gRhE ^DJ,Thu Nov 30 14:25:22 +0000 2017,True,INFORMATIVE_RESOLUTION,OTHER_GENERAL
th_86081,86081,134792,@AmazonHelp Nope. It’s just a little disingenuously say 2 day when it’s 4 day.,86082,@134792 Two-Day Shipping refers to the transit time in business days after an order has shipped. Please keep an eye out on your e-mail for any updates. ^CO,Thu Nov 30 14:34:30 +0000 2017,True,INFORMATIVE_RESOLUTION,OTHER_GENERAL
th_86078,86078,134792,@AmazonHelp does Saturday not count as a day anymore? Trying to figure out how something ordered today w 2 day Shipping won’t be here until Monday...4 days from now.,86076,@134792 I'm so sorry! Some items take a little longer to process than others. We aim to deliver by the date given in your order confirmation e-mail. Please let us know if you don't get your order by then! ^TK,Thu Nov 30 14:20:07 +0000 2017,True,INFORMATIVE_RESOLUTION,OTHER_GENERAL
th_86088,86088,134794,"@AmazonHelp Thanks, do you know if there are any coming back in stock? I really wanted the exclusive one, but stupidly kept putting it off.",86090,@134794 We don't have access to that information. Please keep an eye out on the website for any updates. ^CO,Thu Nov 30 14:35:50 +0000 2017,True,INFORMATIVE_RESOLUTION,OTHER_GENERAL
th_86089,86089,134794,"@AmazonHelp Hi, is this completely out of stock now? I was going to order it to come tomorrow, but it now says its unavailable on the app. https://t.co/mfDaoZpdnO",86087,"@134794 Hello, Nick! Thanks for reaching out! Currently there is no stock available for the Amazon Exclusives version. The regular version is still available here: https://t.co/gzv6qNoWEl ^GS",Thu Nov 30 14:18:05 +0000 2017,True,INFORMATIVE_RESOLUTION,ORDER_TRACKING_DELAY
th_86096,86096,134796,"@AmazonHelp More like the description of what was in the box and what arrived is the issue, like expensive items vanished",86098,"@134796 So sorry to hear that Claire, have you gone already through our returns center to check if replacements are available for the missing/wrong items?^MA",Sat Dec 02 07:28:47 +0000 2017,True,INFORMATIVE_RESOLUTION,ORDER_TRACKING_DELAY
th_86099,86099,134796,@AmazonHelp Yes for some but now I have missed out on some of the Black Friday deal as they can’t be replaced :(,86100,"@134796 Hello Clare, I am sorry to hear that. Pease contact our customer service team here:  https://t.co/JzP7hlRCV9. We will assist you further. ^HS",Sat Dec 02 07:47:47 +0000 2017,True,INFORMATIVE_RESOLUTION,OTHER_GENERAL
th_86107,86107,134799,"@AmazonHelp Amazon says it’s on the way, Canada Post only says they received electronic information. Today is business day 2 and the rep says I’ll get the package by December 4. Certainly not very enticing to get me to pay for a prime membership 🙄",86109,"@134799 I'm sorry your package is arriving later than expected, Bailey! What was the original estimated delivery date provided in your order confirmation e-mail? That information can also be found here: https://t.co/PyACxvY8Qo ^TH",Thu Nov 30 14:22:48 +0000 2017,True,INFORMATIVE_RESOLUTION,PRIME_MEMBERSHIP_BILLING
th_86110,86110,134799,"@AmazonHelp It was December 4 but still, I chose 2 day shipping on it!",86111,@134799 Sorry to hear of the delay. Prime 2 day shipping is after dispatch. You can find more info here: https://t.co/Db6lM29MaA ^ES,Thu Nov 30 14:30:14 +0000 2017,True,INFORMATIVE_RESOLUTION,OTHER_GENERAL
th_86112,86112,134799,"@AmazonHelp Yes, it was dispatched Tuesday. So today is the second business day and no sign of it. CS live chat didn’t help at all 🙄",86113,@134799 I understand your frustration. Please let us know if your items don't arrive by the delivery date of December 4th. ^VF,Thu Nov 30 14:36:38 +0000 2017,True,INFORMATIVE_RESOLUTION,OTHER_GENERAL
th_86114,86114,134799,@AmazonHelp How do I go about closing my account?,86115,@134799 We can help with that! You can learn about closing your account and how to do so here: https://t.co/0YOv8BlZqc I hope this helps! ^JE,Thu Nov 30 14:42:59 +0000 2017,True,INFORMATIVE_RESOLUTION,OTHER_GENERAL
th_86119,86119,134800,"@AmazonHelp Just found out UPS showed up and left a notice about me not being here to receive the package, they did not even ring the bell.",86121,@134800 Did they state on the slip if they were coming back tomorrow for a redelivery? ^GP,Thu Nov 30 14:24:44 +0000 2017,True,INFORMATIVE_RESOLUTION,ORDER_TRACKING_DELAY
th_86122,86122,134800,"@AmazonHelp Yes but the issue is that the ""attempt"" today. Would there be no way for them to try again today. i can't pick up a package if they don't ring the bell to let me know they are here to deliver it.",86123,@134800 We wouldn't be able to request redelivery for today unfortunately. Delivery should be automatically attempted again tomorrow for you. ^NV,Thu Nov 30 14:35:07 +0000 2017,True,INFORMATIVE_RESOLUTION,ORDER_TRACKING_DELAY
th_86125,86125,134801,"@AmazonHelp The UPS tracking says tomorrow. That is from the UPS website. Your representatives ASSURED me, in writing, that it would come today. I don't understand how they can get away with that. This experience has been awful.",86127,@134801 What was the original delivery date provided in your order confirmation e-mail? We'd like to help! ^ZW,Thu Nov 30 15:01:55 +0000 2017,True,INFORMATIVE_RESOLUTION,ORDER_TRACKING_DELAY
th_86129,86129,134801,"@AmazonHelp Nov. 30. But it didn't ship until Nov. 29 afternoon and we are in a rural, underserved area. UPS now shows Dec. 1 for delivery.",86130,"@134801 Have you contacted the carrier directly? If so, what did they advise? ^MW",Thu Nov 30 15:18:13 +0000 2017,True,INFORMATIVE_RESOLUTION,ORDER_TRACKING_DELAY
th_86132,86132,134801,"@AmazonHelp And when I complained, they were unhelpful and blase. They told me even today that it might arrive today. Despite UPS telling me that it wouldn't. They are rude and ill informed. And they lied.",86133,"@134801 Hi Ryan, really sorry that you've had a bad experience trying to get your issue resolved. Please allow us another opportunity to look into this for you: https://t.co/CYqkdUakWJ ^JC.",Thu Nov 30 15:28:00 +0000 2017,True,INFORMATIVE_RESOLUTION,OTHER_GENERAL
th_86126,86126,134801,"@AmazonHelp No one was conciliatory, no one apologized for the blatant lying (which is recorded in chat transcripts), and I won't get my package on time. This isn't the first time. @115821 doesn't care about delivery in rural areas. Prime or not.",86124,"@134801 Hello Ryan, we're sorry that you did not receive your package and we understand your frustration with us regarding the time frame of delivery. We would like to assist. What is the UPS tracking showing? Have you received an email from us stating a delay in delivery? ^TE",Thu Nov 30 14:10:07 +0000 2017,True,INFORMATIVE_RESOLUTION,PRIME_MEMBERSHIP_BILLING
th_86143,86143,134804,"@AmazonHelp He wasn’t able to contact @122232. Twice. I tried by myself. A voicemail said that if I’ve not received today by 1pm (which happens to be the case), I should tomorrow.",86146,@134804 I'm very sorry about the delay. Have you checked your Tracking directly on the DPD website is see if there is any further info? Sometimes they have updated quicker than through your orders. ^MI,Thu Nov 30 14:22:38 +0000 2017,True,INFORMATIVE_RESOLUTION,OTHER_GENERAL
th_86148,86148,134804,"@AmazonHelp It was the first thing I did, but there wasn’t any further info. Not it says the parcel is prepared for delivery later today, hopefully. Thanks very much.",86149,"@134804 We'd like to make sure that your order arrives to you safe and sound, please keep us posted on this delivery! ^FR",Thu Nov 30 14:59:46 +0000 2017,True,INFORMATIVE_RESOLUTION,ORDER_TRACKING_DELAY
th_86150,86150,134804,"@AmazonHelp It just arrived, safe and sound! Thank you very much for dealing with that.",86151,@134804 Excellent! Thank you very much for the update. Glad your order arrived! ^TK,Thu Nov 30 19:55:06 +0000 2017,True,INFORMATIVE_RESOLUTION,ORDER_TRACKING_DELAY
th_86157,86157,134806,@115850 @AmazonHelp do you take any action when delivery boy falsely claims that he attempted delivery,86156,"@134806 We will certainly take the required action. As you have shared the details, the team will look into it and do the needful at the earliest. Appreciate your understanding. ^PR",Thu Nov 30 14:06:10 +0000 2017,True,INFORMATIVE_RESOLUTION,ORDER_TRACKING_DELAY
th_86169,86169,134811,@AmazonHelp no it actually arrived two days early! that’s why i said i’m not complaining! sorry,86168,"@134811 Sorry for the confusion on this. I am glad to see that we over delivered in this case, if you ever have an issue to raise you know where to find us  :D",Thu Nov 30 14:08:19 +0000 2017,True,INFORMATIVE_RESOLUTION,ORDER_TRACKING_DELAY
th_86177,86177,134813,@AmazonHelp also Variety of information given by Customer service about single offer which to trust,86178,"@134813 I apologize for any confusion, we'd like to check this and help. Please share your details here https://t.co/GIJyeYqKE0 and we'll reach out to you accordingly. ^MD",Thu Nov 30 14:41:17 +0000 2017,True,INFORMATIVE_RESOLUTION,OTHER_GENERAL
th_86179,86179,134813,@AmazonHelp sent to the link provided by u,86180,@134813 Thanks for the confirmation. Our team will check all the details and reach out to you soon. ^PR,Thu Nov 30 15:02:36 +0000 2017,True,INFORMATIVE_RESOLUTION,OTHER_GENERAL
th_86190,86190,134816,@AmazonHelp I chatted with Melwin. They assured me that the package would be delivered and that I would receive an email from them. Neither happened.,86187,@134816 Were you given an updated delivery date or an additional notice of delay? What was the delivery date the agent you spoke to provided? We'd like to help! ^ZW,Thu Nov 30 14:07:56 +0000 2017,True,INFORMATIVE_RESOLUTION,ORDER_TRACKING_DELAY
th_86195,86195,134816,"@AmazonHelp Okay, see if you have a way to get through to them. I sure can't. :(",86191,@134816 Do you mind getting in touch with us so we can look at our options together? You can do so here:  https://t.co/Q7Ftz6nj80. ^DY,Tue Nov 28 15:45:32 +0000 2017,True,INFORMATIVE_RESOLUTION,OTHER_GENERAL
th_86198,86198,134816,"@AmazonHelp ""In Transit: Delivery attempted"" IntelCom's site &amp; tracking ID not working &amp; I've already been on hold 20min today and longer yesterday.",86196,@134816 Please update us once your call is complete! We'd love to help. ^AP,Tue Nov 28 15:39:51 +0000 2017,True,INFORMATIVE_RESOLUTION,ORDER_TRACKING_DELAY
th_86207,86207,134818,"@AmazonHelp Yesterday, yes. But it was supposed to have already arrived by then! Can this item be delivered today? Or a similar one? Thank you.",86209,@134818 Please contact us directly using the following link: https://t.co/oGDklGgbCZ so we can look into this for you.^SM,Thu Nov 30 14:41:03 +0000 2017,True,INFORMATIVE_RESOLUTION,ORDER_TRACKING_DELAY
th_86213,86213,134819,@AmazonHelp Cannot contact as my access blocks site.,86215,"@134819 While https://t.co/RMXGdmhl2d is a wholly-owned subsidiary of https://t.co/nUUp5MLhYl, it operates as an independent site. You can reach an https://t.co/RMXGdmhl2d customer service representative at 888-283-5051. They're available 24 hours a day, 7 days a week. ^TG",Thu Nov 30 15:01:05 +0000 2017,True,INFORMATIVE_RESOLUTION,OTHER_GENERAL
th_86223,86223,134821,"@AmazonHelp Yesterday November 29th. It left for delivery yesterday morning, 4hrs later it was back at amazon facility",86225,@134821 Can you tell us who the carrier is for this order? You can find that information here: https://t.co/Y5jpI9gRhE ^KN,Thu Nov 30 14:51:20 +0000 2017,True,INFORMATIVE_RESOLUTION,ORDER_TRACKING_DELAY
th_86226,86226,134821,@AmazonHelp It doesn’t say. Just shipped by Amazon Logistics. Kinda ironic and not logical,86227,@134821 Thank you for that info! We'd like to take a look at this with you so please provide your information here: https://t.co/F0gYfLKAWR ^DD,Thu Nov 30 17:41:40 +0000 2017,True,INFORMATIVE_RESOLUTION,ORDER_TRACKING_DELAY
th_86228,86228,134821,@AmazonHelp I’m doing all of this by my phone. I can’t copy some of the information,86229,@134821 Enter as much detail as you can using the link provided by ^DD. This will ensure our team will be able to get this escalated for you. ^NC,Thu Nov 30 18:13:16 +0000 2017,True,INFORMATIVE_RESOLUTION,OTHER_GENERAL
th_86235,86235,134823,@115821 @AmazonHelp  is there a way i can receive a tracking number for the product i recently bought?,86234,@134823 You can view your tracking details here: https://t.co/Y5jpI9gRhE Please let us know if we can help with anything else. 😊 ^CO,Thu Nov 30 14:02:57 +0000 2017,True,INFORMATIVE_RESOLUTION,ORDER_TRACKING_DELAY
th_86243,86243,134827,@AmazonHelp Every item I’ve ordered in the last 2 weeks. Placed an order today said delivery tomorrow then at payment changes to 4th just one example. Not sure why I’m paying for prime....,86245,"@134827 We're always striving to improve our customers' experiences and feedback like yours is appreciated. I know we'd be happy to look into this, as well as pass feedback on to the courier. To reach out to us directly by phone or chat, click here: https://t.co/JzP7hlA23B ^TG",Thu Nov 30 15:29:07 +0000 2017,True,INFORMATIVE_RESOLUTION,PRIME_MEMBERSHIP_BILLING
th_89084,89084,135274,@AmazonHelp Did all of that... &amp; product has now gone... this is approximately the 3rd time since last week that this has happened... perhaps worthwhile to flag to your IT department?,89086,@135274 The item in your cart is different from the item that is on sale. Only some Bomb Cosmetics Gift Packs are on sale. Please let us know if we can help with anything else. ^CO,Thu Nov 30 15:03:20 +0000 2017,True,INFORMATIVE_RESOLUTION,OTHER_GENERAL
th_89091,89091,135275,@AmazonHelp This is what I’m doing now,89090,@135275 We do not have access to your account information for security reasons. Please contact us directly using the following link: https://t.co/oGDklGgbCZ.^SM,Thu Nov 30 14:49:05 +0000 2017,True,INFORMATIVE_RESOLUTION,OTHER_GENERAL
th_89093,89093,135275,"@AmazonHelp was told you would call me back within four hours, been over 24 and still no call...",89092,@135275 Oh no! I'm sorry you haven't received a callback! Have you had a chance to reach back out to us for an update? ^JO,Thu Nov 30 14:42:57 +0000 2017,True,INFORMATIVE_RESOLUTION,OTHER_GENERAL
th_89095,89095,135276,"@AmazonHelp For me personally, the issue is that they consistently (almost 100% of the time) deliver my packages to a house with the same number one street over. We have called Amazon several times and the problem isn't getting solved.",89094,@135276 We want to investigate this further with you. Please reach out to us using this secure link: https://t.co/S3bh24MqSI ^GR,Thu Nov 30 14:48:06 +0000 2017,True,INFORMATIVE_RESOLUTION,OTHER_GENERAL
th_89103,89103,135279,"@AmazonHelp I don't like playing games, and I just tried to contact USPS. But I couldn't get a hold of them last night or this morning. @AmazonHelp",89105,@135279 We'd like to help! Please reach us by phone or chat: https://t.co/hApLpMlfHN so that we can further investigate with you. ^KJ,Thu Nov 30 15:01:04 +0000 2017,True,INFORMATIVE_RESOLUTION,OTHER_GENERAL
th_89108,89108,135279,@AmazonHelp And I'm on the phone with you guys right now. :),89110,@135279 Thanks for letting us know. Please keep us updated with the outcome. ^LI,Thu Nov 30 16:52:36 +0000 2017,True,INFORMATIVE_RESOLUTION,OTHER_GENERAL
th_89111,89111,135279,"@AmazonHelp Thanks for the help and the great service! I wanted to pick it up myself, but the lady was, I guess, able to only request another drop off for today. So, hopefully, this drop off is a better experience. Will update later on when I get home at 10PM. 😂 (16 hr day today)",89112,"@135279 You are very welcome, Lionel! Please let us know keep us updated so we can make sure you're taken care of. 😊 ^JD",Thu Nov 30 22:37:15 +0000 2017,True,INFORMATIVE_RESOLUTION,OTHER_GENERAL
th_89113,89113,135279,@AmazonHelp Just got home... and my sis informed me that IT NEVER CAME!! Our USPS delivery person WAS here.. but didn't deliver it... seriously..,89114,@135279 Sorry to hear it Lionel. Have you gotten in contact with us about this new 'attempt' via: https://t.co/hApLpMlfHN ^NV,Fri Dec 01 06:07:17 +0000 2017,True,INFORMATIVE_RESOLUTION,ORDER_TRACKING_DELAY
th_89116,89116,135279,"@AmazonHelp I specifically called you guys, during my break(11/30), at 845AM.. the lady on the phone got in touch with @118706 AND emailed me stating: another redelivery is in place and WILL be there from 5-6PM TODAY!",89117,"@135279 I'[m sorry for the continued issues. If you would prefer to pick up the package instead, you can contact your local USPS to arrange that they hold it there for you. Likewise, late packages usually show up within 24 hours. Please keep us updated on this. ^SG",Fri Dec 01 06:11:29 +0000 2017,True,INFORMATIVE_RESOLUTION,OTHER_GENERAL
th_89119,89119,135279,@AmazonHelp Worst experience ever. I don't understand carriers accepting jobs they cannot do. I would rather have had @115817 over @118706 ANY DAY OF THE WEEK,89120,@135279 I'd like to have a member from my team investigate this further. Please provide your details here: https://t.co/ZoYF246aac and your earliest convenience. Thanks in advance! ^EZ,Fri Dec 01 23:20:03 +0000 2017,True,INFORMATIVE_RESOLUTION,OTHER_GENERAL
th_89124,89124,135280,@AmazonHelp ETA for delivery changed to next Tuesday/Wednesday. please check the DM for order details. Thnx in Adv.,89123,@135280 We've responded to you over DM kindly check and reply. ^MN,Thu Nov 30 14:44:52 +0000 2017,False,PURE_DM_REQUEST_NO_GUIDANCE,ORDER_TRACKING_DELAY
th_89126,89126,135280,"@AmazonHelp The estimated delivery is this weekend, no you haven't missed it. I noticed the change now, could See the product has been dispatched after I tweeted. Will get back to you if I need further help. Thnx :)",89125,@135280 We do our best to meet the estimated delivery date of the order. Feel free to reach out for any further support and you're most welcome :) ^CB,Wed Nov 29 11:17:32 +0000 2017,True,INFORMATIVE_RESOLUTION,ORDER_TRACKING_DELAY
th_89185,89185,135290,@AmazonHelp Yes I did recieve a confirmation email the same day I made the call (Nov.17) but still my prime was not canceled when I called back on Nov.27 now I have two “confirmation” emails,89187,@135290 I'm sorry for the trouble with your cancellation. We'll do our best to help! You can check the status of your Prime membership here: https://t.co/yss7mIWcKY ^SG,Fri Dec 01 05:22:50 +0000 2017,True,INFORMATIVE_RESOLUTION,PRIME_MEMBERSHIP_BILLING
th_89190,89190,135291,"@AmazonHelp I already emailed and got a copy paste response also listed the wrong product and then credited with £5, all i wanna know is where my package is.",89192,"@135291 I see! Thanks for the information, Lucas! Would you be able to contact us by phone or chat for real-time assistance with this delivery? You can contact us here: https://t.co/JzP7hlA23B and we will look into the matter thoroughly! ^FR",Thu Nov 30 15:48:50 +0000 2017,True,INFORMATIVE_RESOLUTION,ORDER_TRACKING_DELAY
th_89191,89191,135291,"@AmazonHelp I am aware of this, I live in a flat and no option was suitable. For some reason I wasn't allowed to deliver it at a post office which is what I normally do. What annoys me more is you chose @116324 to deliver. They are notoriously bad. Evidentially so. 🙄",89189,"@135291 We'd like to help out any way we can, but do not have access to account information here on Twitter. If you could reach us by Phone or Chat: https://t.co/JzP7hlA23B we would be happy to explore all of our options for you! Keep us posted, Lucas! ^FR",Thu Nov 30 14:43:20 +0000 2017,True,INFORMATIVE_RESOLUTION,OTHER_GENERAL
th_89198,89198,135292,"@AmazonHelp placed with delivery for Wed by 8pm, A confirmation last night now says Thur by 8pm, and the rep said Thur by noon",89196,@135292 I'm truly sorry for the inconsistent information. Deliveries will be made by carriers up to 21:00. ^JZ,Thu Nov 30 14:39:54 +0000 2017,True,INFORMATIVE_RESOLUTION,ORDER_TRACKING_DELAY
th_89202,89202,135293,"@AmazonHelp The account specialist did have a look - as long as I don't provide the details is stays locked. I will NOT provide the details, so you can keep the account and have fun with it! All I want is my giftcard money back which I'm entitled too as nothing will be ordered (ever again!)",89204,"@135293 Unfortunately we cannot pay out the value of your gift card. Please find the complete T&amp;C here: https://t.co/jYS5OWl3sZ If you cancel an order the value of the gift card will be transferred back to your Amazon account, which is why it is necessary to get it unlocked. ^LN",Thu Nov 30 14:56:20 +0000 2017,True,INFORMATIVE_RESOLUTION,OTHER_GENERAL
th_89206,89206,135293,@AmazonHelp Hello Amazon. My creditcard issuer was so kind to provide me with an authorization code as you did made a reservation on my creditcard account the minute I placed the order. That code should help you to verify that the card belongs to me and my address - where can I send it to?,89211,@135293 Any information provided regarding the account will need to be sent as a direct response to the email that you received from our Account Specialists. They'll then be able to direct you further. ^GS,Thu Nov 30 16:06:57 +0000 2017,True,INFORMATIVE_RESOLUTION,ORDER_TRACKING_DELAY
th_89212,89212,135293,@AmazonHelp Eeuhmm nope as replying to the accountspecialist e-mail bounces back as it is send from an no-reply address - running around in circles here! Can an actual person from the right departement contact me please - I getting tired of this - honestly.,89213,"@135293 Ok, please contact us, the Amazon.de Social Media Team via https://t.co/cUDnC8mjd7 You can skip the login via ""die Anmeldung überspringen"". We would assist you in this case. ^MS",Thu Nov 30 16:20:09 +0000 2017,True,INFORMATIVE_RESOLUTION,OTHER_GENERAL
th_89203,89203,135293,"@AmazonHelp  - dear Amazon help - HELP! I'm dealing with Amazon for more than over a week now trying to cancel my order that has been partially paid with a giftcard and partially with a creditcard, but Amazon does not accept the creditcard payment 1/2",89201,@135293 Sorry to hear hat your account is blocked. Have you received an email from the Accounts Specialist team about this? We won't be able to access your account until it has been reviewed by an Account Specialist. ^RS,Thu Nov 30 14:34:07 +0000 2017,True,INFORMATIVE_RESOLUTION,REFUND_RETURN_INQUIRY
th_89217,89217,135294,@AmazonHelp I just need to know how to turn off pop up notifications on my devices linked to my amazon account when something is shipped or delivered.,89219,"@135294 If you'd like to remove this notification on a device with the Amazon app, you can do so from the app's menu. Please choose Settings &gt;  Notifications &gt; Shipment Notifications. If you have an Alexa device, please follow the steps listed here: https://t.co/S2BmcBLWLy ^RA",Thu Nov 30 14:54:01 +0000 2017,True,INFORMATIVE_RESOLUTION,ORDER_TRACKING_DELAY
th_89220,89220,135294,@AmazonHelp Yes I just figured out on my that I will need to update this on all of my devices. after 1.5 hrs and 6 reps I got it myself. I'm furious and will be making the rest of my holiday purchases elsewhere.,89221,"@135294 I'm sorry for the poor experience, Terra. You're always welcome to leave feedback about the agents you spoke with on the e-mail that is sent after calls or chats. This goes directly to the agent's leadership. Please let us know if you have further concerns. ^TG",Thu Nov 30 15:09:52 +0000 2017,True,INFORMATIVE_RESOLUTION,OTHER_GENERAL
th_89218,89218,135294,Oh @AmazonHelp your support has failed me this morning and I'm terribly disappointed. Normally I rave about Amazon customer service but not today.,89216,"@135294 This is definitely something we do not like to hear! Without providing any personal or account information, can you let us know what's going on? We'd love to help! ^JY",Thu Nov 30 14:41:50 +0000 2017,True,INFORMATIVE_RESOLUTION,OTHER_GENERAL
th_89245,89245,135301,"@AmazonHelp No, but that isn't the point, if I cant trust you to package things properly then I will go elsewhere",89247,@135301 Understandable. Could you please provide packaging feedback here https://t.co/er0nUJBAOj.^AV,Thu Nov 30 14:50:04 +0000 2017,True,INFORMATIVE_RESOLUTION,ORDER_TRACKING_DELAY
th_89246,89246,135301,"@AmazonHelp Not impressed with the poor standard of packaging on my order, see image, if this happens again I will cancel my Prime membership and never order from Amazon again https://t.co/XgNlxKogUL",89244,@135301 Thank you for reaching out to us. Was the book you ordered damaged in transit to you? ^GR,Thu Nov 30 14:37:52 +0000 2017,True,INFORMATIVE_RESOLUTION,PRIME_MEMBERSHIP_BILLING
th_89275,89275,135304,"@AmazonHelp Hi, is it possible for @115830  to individually wrap small items (for stocking fillers) I'm thinking?",89273,"@135304 Hey Matt, certain items are eligible for gift wrapping. More info on that here: https://t.co/43N43PLclN ^TI",Thu Nov 30 14:39:25 +0000 2017,True,INFORMATIVE_RESOLUTION,OTHER_GENERAL
th_89281,89281,135293,"@AmazonHelp A de account, search under my name and you will find them - again, all I want is to cancel the order, get my giftcard amount back asap.",89282,"@135293 If you do not send the requested documents, the order will be canceled automatically after five days. But, as long as you do not send the information, the account will not be unblocked and you won’t be able to access the gift card amount. ^AW",Thu Nov 30 14:52:46 +0000 2017,True,INFORMATIVE_RESOLUTION,REFUND_RETURN_INQUIRY
th_89215,89215,135293,@AmazonHelp @AmazonHelp Meanwhile my account is blocked and it stays blocked until I have send some creditcard statement which I refuse to do so and I want to cancel the order and get the amount from my giftcard back - Just that simple!,89280,"@135293 I'm sorry you're having trouble with your account. Which Amazon account are you using? (https://t.co/nUUp5MLhYl, Amazon.de, Amazon.UK, etc.)",Thu Nov 30 14:35:31 +0000 2017,True,INFORMATIVE_RESOLUTION,REFUND_RETURN_INQUIRY
th_89287,89287,135306,"@AmazonHelp Thanks, but that doesn't help--it's a prime now order, so the main amazon page doesn't accept packaging or other feedback on it.",89285,"@135306 Oh! So sorry about that! To leave feedback, feel free to reach out to the Prime Now team here: https://t.co/65pMvgAIVj ^MH",Thu Nov 30 14:35:38 +0000 2017,True,INFORMATIVE_RESOLUTION,PRIME_MEMBERSHIP_BILLING
th_89294,89294,135307,@AmazonHelp a package of mine was suppose to come yesterday by 8 PM. It didn’t now it says before Saturday. This is ridiculous considering I’m paying for Prime. Please assist.,89293,@135307 I'm sorry for the delay. We'd like to review your delivery and available options. Please contact us here: https://t.co/hApLpMlfHN ^RA,Thu Nov 30 14:25:43 +0000 2017,True,INFORMATIVE_RESOLUTION,PRIME_MEMBERSHIP_BILLING
th_89316,89316,135314,"If I hear “it’s not our fault your package is late” one more time from @115821, I’m done with #Prime. @AmazonHelp",89314,@135314 I'm sorry your order is arriving later than expected. What information did we provide when you spoke with us? Have you been given an updated delivery date? ^RA,Thu Nov 30 14:33:39 +0000 2017,True,INFORMATIVE_RESOLUTION,PRIME_MEMBERSHIP_BILLING
th_89319,89319,135315,@AmazonHelp Yeap I am contacting the carrier now. Thanks for the support. I have no problem with DHL with the exact same address. Not sure what is Aramex problem,89321,@135315 You're welcome! Thanks for keeping us updated. Let us know if you encounter any trouble with your orders. ^EB,Fri Dec 01 00:29:33 +0000 2017,True,INFORMATIVE_RESOLUTION,ORDER_TRACKING_DELAY
th_89323,89323,135316,@AmazonHelp Now even doremon first season not available @119625 @115850..... First Darker then black now this. So what are you having CID and Tarak Mehta?,89322,@135316 Thank yo u for flagging this to us. I'll forward your feedback internally for a review. ^MN,Thu Nov 30 14:13:21 +0000 2017,True,INFORMATIVE_RESOLUTION,OTHER_GENERAL
th_89329,89329,135313,@AmazonHelp your company's reputation by doing business with unprofessional postal services. Courier: Amazon Transportation ServicesTracking #: 521691347415,89333,"@135313 We're working to resolve this soon for you. Kindly wait for our team to reach out to you with an update. Also, please don't provide your order details, we consider it to be personal information. Our page is visible to the public.^GD",Thu Nov 30 15:37:38 +0000 2017,True,INFORMATIVE_RESOLUTION,ORDER_TRACKING_DELAY
th_89337,89337,135318,@115850 @AmazonHelp Looks like tempered or cut from bottom. Please check photo and let me know if it is real or not? https://t.co/O5vBfIf0kL,89336,"@135318 Product looks fine, Kashyap. In case if you are facing any issue with the item, I request you to get in touch with our support team here: https://t.co/vlvfJr4nN9 so we can help you accordingly.  ^RI",Thu Nov 30 13:47:25 +0000 2017,True,INFORMATIVE_RESOLUTION,OTHER_GENERAL
th_89344,89344,135321,@AmazonHelp Noooo it’s Monday it’s just i’d have expected them to be dispatched by now as they normally are. If they haven’t been dispatched by Monday is there anyway to chase it?,89346,"@135321 Yes. If you haven't received an update by Saturday, please reach out to us here: https://t.co/JzP7hlA23B so we may get a resolution for you. ^SY",Fri Dec 01 12:49:41 +0000 2017,True,INFORMATIVE_RESOLUTION,OTHER_GENERAL
th_89345,89345,135321,@AmazonHelp you guys are taking longer than usual to take money from my account and two of my orders are taking longer than usual to be dispatched... could you provide an update? Thanks :),89343,@135321 the delivery date given in checkout/confirmation e-mail? We aim to meet this date! You'll be able to find this information here: https://t.co/srrQP9bAXT Let us know. We're here to help any way we can! 2/2 ^KN,Thu Nov 30 14:21:41 +0000 2017,True,INFORMATIVE_RESOLUTION,OTHER_GENERAL
th_89351,89351,135323,@AmazonHelp Already did that and they keep telling me to wait and that has been 4wks. CS keeps telling me it is due to a system error. What error?,89350,"@135323 Can you get in touch with us, the social media team, we would to like to take a closer look at your case. You can reach us here: https://t.co/br7bhrlJn8",Wed Nov 29 14:01:50 +0000 2017,True,INFORMATIVE_RESOLUTION,OTHER_GENERAL
th_90202,90202,135570,@AmazonHelp I received nothing in spam and there was no message from the operator. However I received your message at 1am - 8hrs after my enquiry. I don’t understand why your operator couldn’t do this for me. Many thanks for your assistance,90201,@135570 Reach us here please: https://t.co/JzP7hlA23B so we can look into this for you again.^CD,Thu Nov 23 13:41:05 +0000 2017,True,INFORMATIVE_RESOLUTION,OTHER_GENERAL
th_90204,90204,135570,@AmazonHelp I was sent a label to return a faulty order. I was told to take the parcel to any post office. However the post office are unable to accept it as the label states it’s to be returned to a “pass my parcel” unit.,90203,"@135570 I'm terribly sorry for the misinformation! ""Pass my Parcel"" is one of our main return https://t.co/yyXMCAfQKk's some information about the ""Pass my Parcel"" process: https://t.co/200sXZFeZp If you're unable to access one of these locations, please let us know.^WT",Wed Nov 22 23:23:34 +0000 2017,True,INFORMATIVE_RESOLUTION,REFUND_RETURN_INQUIRY
th_91243,91243,131812,@AmazonHelp Amazon is not replaceing with orginal product! Tommrow we be posting it live in news,91245,@131812 We're following up on your query here: https://t.co/oNMJ7xgUS2. Request you to check with the same. ^GD,Thu Nov 30 15:28:16 +0000 2017,True,INFORMATIVE_RESOLUTION,OTHER_GENERAL
th_91244,91244,131812,Amazon Selling Fake Bose Speakers in India #Not offering Replacement #Fake Discount @AmazonHelp @ Amazon Scam in India #Poor CX #@5340 @131283 @132458 @132460 @119341 @115851 @121927 @135788 @5341 @135789 @135788 @5342 @1755,91242,@131812 Apologies for the unpleasant experience. We've responded to you here : https://t.co/0VU3p1Z7Gh. Kindly reach out to us in the link provided for further assistance. ^PR,Thu Nov 30 15:02:23 +0000 2017,True,INFORMATIVE_RESOLUTION,OTHER_GENERAL
th_91248,91248,135790,"@AmazonHelp I ordered roughly 11 items that were separated in to 3 packages. One is currently out of stock, one was dispatched and the other should have arrived today, but was never dispatched. I had an email after I ordered saying someone accessed my account.. (1/2)",91247,@135790 We want to make sure both your shipping issue and account log-ins are looked into. Please reach out to us via phone here and we'll see what's going on: https://t.co/JzP7hlA23B ^MJ,Thu Nov 30 15:13:30 +0000 2017,True,INFORMATIVE_RESOLUTION,ORDER_TRACKING_DELAY
th_91251,91251,135790,"@115830 @AmazonHelp I have an issue with my orders, I spoke on the phone yesterday and they said I would receive an email investigating the issue. It’s been 24+ hrs and I still haven’t received anything.",91249,"@135790 Sorry to hear that, Georgia. Without revealing any personal information, can you tell me a bit more about the issue?^TI",Thu Nov 30 15:02:43 +0000 2017,True,INFORMATIVE_RESOLUTION,OTHER_GENERAL
th_91253,91253,135791,"@AmazonHelp 2 chats and 6 phone transfers later, I finally managed to find a supervisor who was willing to escalate a technical issue with my order.  ""Yes I can transfer you to someone who can help"" was code for putting you back in the queue for another peon order rep.",91255,"@135791 Hi Jason, sorry to hear you've not had a pleasant experience. Without posting account information, can you let us know what you've been advised? ^JC.",Thu Nov 30 15:52:52 +0000 2017,True,INFORMATIVE_RESOLUTION,ORDER_TRACKING_DELAY
th_91256,91256,135791,@AmazonHelp I finally made it to a supervisor and they entered a ticket for your technical team...  one week and 8 different reps later.,91257,@135791 Please fill out the survey we send to you by e-mail after you contact us. Your feedback will be reviewed and addressed. I'm glad you were able to get your issue addressed with leadership. ^CO,Thu Nov 30 17:30:26 +0000 2017,True,INFORMATIVE_RESOLUTION,OTHER_GENERAL
th_91254,91254,135791,Is there any worse phone call to make than to @AmazonHelp ?I don't think so.,91252,"@135791 I'm sorry to hear this. Without posting account information, such as an order number or your e-mail address, would you tell us what happened? We want to help! ^GR",Thu Nov 30 15:23:16 +0000 2017,True,INFORMATIVE_RESOLUTION,OTHER_GENERAL
th_91259,91259,135792,"@AmazonHelp Mobile via iPhone, it’s ever since I’ve upgraded I can’t place an order, access 1click, add to wish list or use contact us",91261,@135792 Please uninstall and reinstall the app. Let us know if the issue continues after this step is taken. ^CL,Thu Nov 30 22:51:18 +0000 2017,True,INFORMATIVE_RESOLUTION,ORDER_TRACKING_DELAY
th_91272,91272,135794,@AmazonHelp It was a joke 😔😔,91274,@135794 What options did they give you when you contacted them? ^DJ,Thu Nov 30 15:37:45 +0000 2017,True,INFORMATIVE_RESOLUTION,OTHER_GENERAL
th_91280,91280,135796,@AmazonHelp Is this what your looking for? https://t.co/vIzG190ZpG,91281,"@135796 If nothing was missing or damaged, please take a few minutes to set up a Safe Place for your future deliveries, here: https://t.co/dCDoUQnLmO  This will hopefully stop the delivery agents from leaving your parcels exposed.  ^SP (2/2)",Thu Nov 30 16:02:27 +0000 2017,True,INFORMATIVE_RESOLUTION,OTHER_GENERAL
th_91284,91284,135797,@AmazonHelp A mixture of both. It keeps saying 'out for delivery' then 'returned' or 'refunded' even though I'm in with a baby all day (and even had other amazon parcels delivered on the same day!). We buy Prime for a reason and it's getting stupid. Noone can explained why it keeps happening,91286,"@135797 Oh no! When an order misses the delivery date, have you reported it to us? If so, what options were we able to offer? Please be sure to let us know! We're here to help. ^TG",Thu Nov 30 15:31:42 +0000 2017,True,INFORMATIVE_RESOLUTION,PRIME_MEMBERSHIP_BILLING
th_91287,91287,135797,"@AmazonHelp Yes, reported every one of the above. Multiple times &amp;requested a reason for 'failed to deliver'. Had 2 products re-ordered twice, but most just get a 'refund' notice- no further action, usually a week or two later after being PROMISED it will be delivered 24-48 hours later...",91288,@135797 We'd like a member of our team to look into this with you. Please fill in your details here: https://t.co/I40Lb1RvgX so we can look take a closer look. ^MT,Thu Nov 30 21:25:56 +0000 2017,True,INFORMATIVE_RESOLUTION,REFUND_RETURN_INQUIRY
th_91291,91291,135798,"@AmazonHelp Primer capítulo de la segunda temporada de Mozart in the jungle, el consumismo lo dejo para otro día 😜",91289,@135798 Una serie increíble. ¿Qué es lo que más te ha gustado de Mozart in the Jungle? 😉 ^LG,Thu Nov 30 15:22:31 +0000 2017,True,INFORMATIVE_RESOLUTION,OTHER_GENERAL
th_91295,91295,135799,"@AmazonHelp Thanks. So, in summary, your tracking system is not to be relied upon for accuracy?",91297,"@135799 Our tracking system isn't an exact prediction, but a good estimate that regularly provides up to date information on your orders.^PJ",Thu Nov 30 15:25:50 +0000 2017,True,INFORMATIVE_RESOLUTION,ORDER_TRACKING_DELAY
th_91296,91296,135799,"@AmazonHelp Package due to be delivered today. Two hours ago your tracking page said ""Driver is making 3 deliveries before yours"", now it says there are ""7 deliveries before yours"". Is it being delivered in a DeLorean per chance? #backtothefuture #timemachine",91294,"@135799 Hey, apologies that your package is stuck in time and space! Packages can get re-routed due to bad traffic, construction, or weather. Sometimes the delivery schedule needs to be juggled. You should still receive your package today! ^JC.",Thu Nov 30 15:04:59 +0000 2017,True,INFORMATIVE_RESOLUTION,ORDER_TRACKING_DELAY
th_91303,91303,135800,"@AmazonHelp An item was missing from a multi-order box. The gift receipt is there, but the item isn't. Can you point me to a link where I can resolve this?",91301,@135800 I do apologize about the missing item! You can definitely reach out to us for further assistance here: https://t.co/hApLpMlfHN ^GP,Thu Nov 30 15:08:40 +0000 2017,True,INFORMATIVE_RESOLUTION,ORDER_TRACKING_DELAY
th_91313,91313,135804,So @AmazonHelp today is currently the 30th and I have yet to receive my package..... https://t.co/VL6D70XVoY,91312,"@135804 Truly sorry for the wait, this isn't the delivery experience we strive for! With Twitter, we can't access order info. Was this order shipped by Amazon, or directly from a seller? Check here: https://t.co/PyACxvY8Qo and please, let us know. We're here to help! ^JE",Thu Nov 30 15:18:48 +0000 2017,True,INFORMATIVE_RESOLUTION,ORDER_TRACKING_DELAY
th_91325,91325,135808,"@AmazonHelp 10% cashback on debit card payment while COD , i did two times got nothing yet",91327,@135808 Apologies for the trouble with your cashback. Have you reported this to our support team here: https://t.co/vlvfJr4nN9? ^RB,Thu Nov 30 16:33:54 +0000 2017,True,INFORMATIVE_RESOLUTION,OTHER_GENERAL
th_91328,91328,135808,"@AmazonHelp i did this same thing 2 times , why your team is not looking into this ?",91329,@135808 I'd like to have a closer look at the cashback issue. Please share your details in this link here: https://t.co/GIJyeYqKE0 and I'll reach out to you. ^KA,Fri Dec 01 05:43:07 +0000 2017,True,INFORMATIVE_RESOLUTION,OTHER_GENERAL
th_91330,91330,135808,"@AmazonHelp i did it , have a look now",91331,"@135808 We've received your details. Our team is currently looking into this, you'd receive an update anytime soon. Appreciate your patience. ^EM",Fri Dec 01 06:22:00 +0000 2017,True,INFORMATIVE_RESOLUTION,OTHER_GENERAL
th_91326,91326,135808,"@AmazonHelp @115821  you dont even do what you promise 🙄why the hell i am still waiting for my cashback .. ? you will give or not ? yes or no ? poor support , poor services ... #PoorAmazon",91324,@135808  We apologize for the hassle sorrounding the cashback. Could you please help us with the name of the cashback and we'll assist you accordingly. ^VH,Thu Nov 30 14:51:29 +0000 2017,True,INFORMATIVE_RESOLUTION,OTHER_GENERAL
th_91381,91381,134785,@AmazonHelp My brother ordered me earphones from his mobile. I got them. They are not working now. And i cant return them as i didnt ordered them. My brother is out of town for some important work and wont be return for a week. I need earphones as i am going to tour with my friends,91383,@134785 I get your concern.  Please contact us here: https://t.co/rS49hgaADF so that we can assist you accordingly. ^MN,Thu Nov 30 15:26:28 +0000 2017,True,INFORMATIVE_RESOLUTION,REFUND_RETURN_INQUIRY
th_91389,91389,134785,@AmazonHelp But no one is responding to calls. I think that i lost my money by buying from amazon next time @118702,91390,@134785 We've received your details and working on this for you. We'll be sure to reach out to you soon with an update; appreciate your patience. ^VN,Thu Nov 30 16:28:22 +0000 2017,True,INFORMATIVE_RESOLUTION,OTHER_GENERAL
th_91391,91391,134785,@AmazonHelp @115850 problem not solved yet. No one contacted me yet. I think i lost my money.,91392,@134785 You would have received a correspondence to your registered email ID. Kindly check it here: https://t.co/8DAc10S7ww and reply us with your concerns. ^SC,Fri Dec 01 03:12:45 +0000 2017,True,INFORMATIVE_RESOLUTION,OTHER_GENERAL
th_91395,91395,134785,@AmazonHelp I don't have the details of that account. Does that mean i wont be eligible for a refund. If you want to check that much i have product. Send a delivery boy and i will return it!!,91396,"@134785 Unfortunately, our return process doesn't work that way. The account holder from the order was placed should fill in the details so that we could cross-check the same information and assist you further. (1/2) ^VM",Fri Dec 01 03:58:10 +0000 2017,True,INFORMATIVE_RESOLUTION,REFUND_RETURN_INQUIRY
th_91382,91382,134785,@115850 i cannot call the coustomer care as they are saying that we couldn't find your order and call gets disconnected. Actually this is my 3rd tweet and no one is responding!! Very disappointed from amazon coustomer care @AmazonHelp,91380,@134785 We apologize for the experience you had. Could you please elaborate on your concern for us to assist you accordingly. ^VH,Thu Nov 30 14:46:38 +0000 2017,True,INFORMATIVE_RESOLUTION,ORDER_TRACKING_DELAY
th_91408,91408,135814,@AmazonHelp I've already been on your live chat without any help. I've now filled in the form above.,91407,@135814 Thank you for letting us know. Someone will reach out to you as soon as possible. ^AL,Thu Nov 30 15:13:40 +0000 2017,True,INFORMATIVE_RESOLUTION,OTHER_GENERAL
th_91410,91410,135814,"Shocked and appalled at my @115830 delivery driver opening my front door, letting himself into my home and placing packages within my hallway! A total invasion of privacy and also illegal! Wife and 3 year old son left very shaken @AmazonHelp",91409,"@135814 I am sorry to hear about this, Daniel. We would like to take a closer look into this for you, please click on the following link https://t.co/tkLCr7DNil and my team will be in touch as soon as they can.^SM",Thu Nov 30 14:58:01 +0000 2017,True,INFORMATIVE_RESOLUTION,ORDER_TRACKING_DELAY
th_91413,91413,135815,@AmazonHelp Did all that (aren't YOU the carrier?).,91412,"@135815 Thanks for confirming. We don't have account or order access via Twitter, but we'd like to take feedback about this and see what options we may have available. When you have a moment, reach us via phone or chat: https://t.co/JzP7hlA23B Keep us posted on this! ^KN",Thu Nov 30 15:10:15 +0000 2017,True,INFORMATIVE_RESOLUTION,ORDER_TRACKING_DELAY
th_91417,91417,133264,an update to my issue from before: @AmazonHelp has like really good customer service thanks yall!,91416,"@133264 Thanks for keeping us in the loop! I'm glad to hear this has been sorted. If anything else pops up, we're always here to help. ^RA",Thu Nov 30 15:13:28 +0000 2017,True,INFORMATIVE_RESOLUTION,OTHER_GENERAL
th_91427,91427,135817,@AmazonHelp so my package was to be delivered by 8:00 today. It’s 8:20 still not here. Now I just get an alert it won’t be here until Saturday. That’s not why I signed up for Prime....,91426,"@135817 I'm so sorry for the delay with your order! Though delays are possible, they should be rare. We always strive to make the provided delivery date. To confirm, has a carrier been assigned to your shipment: https://t.co/Y5jpI9gRhE? ^ST",Wed Nov 29 04:21:45 +0000 2017,True,INFORMATIVE_RESOLUTION,PRIME_MEMBERSHIP_BILLING
th_91434,91434,135819,@AmazonHelp I won’t be renewing my amazon prime this year with you as the service has not been the best !,91432,@135819 I'm sorry to hear that Gavin! Is there something we can help out with? We want to make sure you're taken care of! ^MJ,Thu Nov 30 14:58:21 +0000 2017,True,INFORMATIVE_RESOLUTION,PRIME_MEMBERSHIP_BILLING
th_91437,91437,135820,@AmazonHelp This is what you all sent me. https://t.co/LgVpUHHxsy,91436,"@135820 Sorry to hear that, Kierra. Please let us know if your order does not arrive by your revised delivery date. ^TI",Thu Nov 30 15:04:09 +0000 2017,True,INFORMATIVE_RESOLUTION,OTHER_GENERAL
th_91441,91441,135821,@AmazonHelp Good morning! Package didn't show up yesterday. Now have the attached showing. A bit concerned because this happened with a Kindle I bought a couple of years back and it never showed up. https://t.co/uxxa5rGzBF,91443,"@135821 Top of the morning, Danielle. I apologise for the delay, If your order has not arrived by the 6th please get back in touch with us, and we will assist you further. Thanks for your patience.^SM",Fri Dec 01 08:41:34 +0000 2017,True,INFORMATIVE_RESOLUTION,ORDER_TRACKING_DELAY
th_91445,91445,135821,My @115830 @AmazonHelp package says it is arriving today but it hasn't updated to say it is out for delivery. Should I be concerned?,91444,"@135821 I'm sorry for the trouble! We don't have access to account information via Twitter, but we'd still like to help. What does the current tracking information state here: https://t.co/aaDyEz1VgE? Let us know! ^TG",Thu Nov 30 14:48:00 +0000 2017,True,INFORMATIVE_RESOLUTION,ORDER_TRACKING_DELAY
th_91447,91447,135822,@AmazonHelp Wrong item delivered yet charged for it,91450,"@135822 Oh no! I'm sorry for the troubles with this delivery! We want you to have a pleasant experience with us, so let's take a look to see what options we have for you!  Can you tell me which Amazon site you order from? ^FR",Thu Nov 30 15:54:25 +0000 2017,True,INFORMATIVE_RESOLUTION,PRIME_MEMBERSHIP_BILLING
th_91449,91449,135822,@AmazonHelp shocking just shocking the pantomime I’ve just been through.......,91446,@135822 Would you mind telling us what's happened? Please don't include any account details. ^RA,Thu Nov 30 15:09:22 +0000 2017,True,INFORMATIVE_RESOLUTION,OTHER_GENERAL
th_91459,91459,130274,@AmazonHelp Now I'm seeing that you're charging my card twice for the order you haven't even delivered yet??????,91457,"@130274 Hi, may be an authorisation. Please check out this link for more info on why authorisations occur:https://t.co/AyKOcCfq3A. ^JC.",Thu Nov 30 14:52:45 +0000 2017,True,INFORMATIVE_RESOLUTION,ORDER_TRACKING_DELAY
th_91462,91462,130274,"@AmazonHelp It's all screwed up. 4 boxes of coffee, 1 box delivered, 3 not. Says it's processing, but both ""orders"" (only 1 order placed) show the same delivery photo of only 1 box. Wtf?",91460,"@130274 We'd like to look into this further with you. When you have a moment, please contact us by phone or chat here: https://t.co/EKXRLsnxJu ^AC",Thu Nov 30 01:29:56 +0000 2017,True,INFORMATIVE_RESOLUTION,ORDER_TRACKING_DELAY
th_91466,91466,135825,@AmazonHelp I can't contact you by phone or chat at the link you provided because that's for https://t.co/cWKeP4tYQd. I don't have an account there and don't live in the UK. Could you provide another option? I'm still getting his emails about every purchase.,91465,@135825 I'm so sorry for the incorrect link! Here is the correct one: https://t.co/hApLpMlfHN ^MH,Thu Nov 30 14:54:59 +0000 2017,True,INFORMATIVE_RESOLUTION,OTHER_GENERAL
th_91468,91468,135825,"@AmazonHelp Can you remove my email address from order #204-1416984-2493927 and that person's associated Amazon UK account? It's an elderly man who gives people/companies my email address all the time, and I'm having a hard time stopping him.",91467,@135825 Hello! This is an issue that requires accessing the account. We are unable to access any account via Twitter. Please contact us by phone or chat here: https://t.co/JzP7hlA23B Let us know if you need anything else! ^DA,Tue Nov 28 20:14:21 +0000 2017,True,INFORMATIVE_RESOLUTION,ORDER_TRACKING_DELAY
th_91470,91470,135826,"@AmazonHelp Pls sort ASAP, i need to place order",91472,@135826 I understand your concern regarding the pricing issue. Kindly confirm reporting this to our support team in the link shared earlier. ^BV,Thu Nov 30 15:09:24 +0000 2017,True,INFORMATIVE_RESOLUTION,ORDER_TRACKING_DELAY
th_91475,91475,135827,"@AmazonHelp i ordered it monday, got 2 day shipping and was supposed to get it wednesday, the expected delivery time was friday (today) and now its december 5th LOL",91477,@135827 I'm so sorry for any trouble! Please do keep us up to date on the status of the package! ^BL,Sat Dec 02 02:01:46 +0000 2017,True,INFORMATIVE_RESOLUTION,ORDER_TRACKING_DELAY
th_91482,91482,135829,@AmazonHelp Theres no option there when purchesed item didnt say it coukd take so long and it hasnt said about the tracking even tho i asked,91484,@135829 We'd like to help you in real-time! Please reach out to us by phone or chat here: https://t.co/hApLpMlfHN ^KJ,Thu Nov 30 16:33:03 +0000 2017,True,INFORMATIVE_RESOLUTION,ORDER_TRACKING_DELAY
th_91486,91486,135830,"@AmazonHelp question, how come your courier failed to gain access to my property in spite of the fact I’m currently sitting in my home and just tested my doorbell. Deliberately waiting for this delivery, not ideal!!!",91485,@135830 I'm so sorry to hear about the experience you've had! Please contact us via phone or chat so we can explore available options with you! You can contact us here:  https://t.co/JzP7hlA23B ^MW,Thu Nov 30 14:57:32 +0000 2017,True,INFORMATIVE_RESOLUTION,ORDER_TRACKING_DELAY
th_91488,91488,134798,"@AmazonHelp order  402-5978645-1673946, i've already sent a mail thrice. but no response. The cashback is still pending.",91490,"@134798 We apologize that you haven't received your cashback. Kindly share your details here: https://t.co/beaaDm0muc and we'll contact you soon. Please don't provide your order details, we consider it to be personal information. Our page is visible to the public. ^VH",Thu Nov 30 15:39:22 +0000 2017,True,INFORMATIVE_RESOLUTION,ORDER_TRACKING_DELAY
th_91491,91491,134798,@AmazonHelp I really don't care. I've filled up the form. Let's see how long it'a going to take you to respond this time.,91492,@134798 Thank you for sharing your details. We'll reach out to you within 6-12 hours from the time we receive them. ^AP,Fri Dec 01 07:08:37 +0000 2017,True,INFORMATIVE_RESOLUTION,OTHER_GENERAL
th_91506,91506,135838,"@AmazonHelp @115851 @115850 @4773 @AmazonHelp  now see 4 more Screenshot of Order ID-4__credit_card__. __email__, Reg Mob-9717597841.i am perpetually contacting Amazon to Deliver this product on High But ATS failed to Deliver.Need Token of Apology for this Rs1000 Gift https://t.co/4BtNTr9Ixl",91507,"@135838 I'm sorry for the delay of your order. We'd like to look into it. Please share your details here: https://t.co/beaaDlIL5C we'll reach out to you soon. Also, please don't provide your order details, as we consider it to be personal information. ^AP",Sat Dec 02 04:57:00 +0000 2017,True,INFORMATIVE_RESOLUTION,ORDER_TRACKING_DELAY
th_91508,91508,135838,"@AmazonHelp What's this, I have already paid for Order.No Support from Amazon.My money got stuck.Worst Shopping Experience Ever.Placed Order on 21Nov,Still not Delivered, Paid Rs13996 for Order-4__credit_card__.If I know my order is going to delay, I wll never purchas from Amazon.Deceived.",91509,"@135838 Apologies! We'd like to assist you with this issue. Kindly drop your details here: https://t.co/beaaDm0muc and we'll contact you soon. Please don't provide your order details, we consider it to be personal information. Our page is visible to public. ^BV",Sat Dec 02 18:48:20 +0000 2017,True,INFORMATIVE_RESOLUTION,ORDER_TRACKING_DELAY
th_91514,91514,135839,"So, @AmazonHelp. I've tried 2 browsers and my cart is just showing a blank page. I have 24 items in my cart ready to finish my Christmas shopping.",91512,"@135839 Thank you for contacting us. We are here to help, Joedee! If your Shopping Cart is empty or items are missing from it, it is likely that you are not logged in to your account. Learn more here: https://t.co/T3MpdQx0Pc Let us know if this helps! ^SC",Thu Nov 30 14:53:44 +0000 2017,True,INFORMATIVE_RESOLUTION,OTHER_GENERAL
th_91520,91520,135841,@AmazonHelp So it now appears my parcel is lost. Ordered on prime last Friday and not delivered. Shockingly poor service https://t.co/6L6OHr52jv,91522,"@135841 Hello Simon, sorry your parcel has not arrived yet. If you could reach out to us here: https://t.co/JzP7hlA23B or in the 'Contact us' link provided in the app, we can go over the options available to you for your order. ^TE",Fri Dec 01 12:15:17 +0000 2017,True,INFORMATIVE_RESOLUTION,PRIME_MEMBERSHIP_BILLING
th_91521,91521,135841,@AmazonHelp @115830 How can I tell if my parcel has been delivered if the tracker has stopped and not been updated since Sunday? Was shipped on Prime and is very late now https://t.co/Mk7dWb6NUv,91518,"@135841 I am sorry to hear this, Simon. If you have not received this item by tomorrow, please contact us directly using the following link: https://t.co/oGDklGgbCZ so we can look into this for you.^SM",Thu Nov 30 14:52:33 +0000 2017,True,INFORMATIVE_RESOLUTION,PRIME_MEMBERSHIP_BILLING
th_91525,91525,135842,"@AmazonHelp Nope. Nothing. Just “carrier delay.” And now we’re up to three. Three prime orders, three “guaranteed” delivery dates, three misses.",91527,@135842 Thanks for the additional information! Are you having this issue with one specific carrier or with multiple carriers? ^SW,Thu Nov 30 18:24:06 +0000 2017,True,INFORMATIVE_RESOLUTION,PRIME_MEMBERSHIP_BILLING
th_91528,91528,135842,"@AmazonHelp Usually these problems are with amazon logistics. This time its Amazon logistics, ups, and usps. One shipment each.",91529,"@135842 If you fill out the link provided by ^ML above, we can make sure this is escalated for you. ^VS",Thu Nov 30 20:10:33 +0000 2017,True,INFORMATIVE_RESOLUTION,OTHER_GENERAL
th_91526,91526,135842,"@AmazonHelp I am so angry. The second package is already delayed and I *must* have this one today. 2 orders, 2 delays. What’s even the point of prime???",91523,"@135842 I'm sorry to hear of this, is there a note on the tracking saying why it is delayed? ^KI",Thu Nov 30 14:55:42 +0000 2017,True,INFORMATIVE_RESOLUTION,PRIME_MEMBERSHIP_BILLING
th_91533,91533,135842,@AmazonHelp What I told you—“wait until maybe Saturday.” Tracks to Amazon logistics. Other pkg due tomorrow must arrive on time or I have a problem. ☹️ https://t.co/ZqzZCwk8Xn,91531,"@135842 I'd like a member of our Amazon Logistics team to look into this with you further. When you have a moment, please add additional details here: https://t.co/rYkn09YUw5 ^ML",Thu Nov 30 04:30:38 +0000 2017,True,INFORMATIVE_RESOLUTION,OTHER_GENERAL
th_93468,93468,136256,@AmazonHelp I ordered something that is Prime on 11/20. It's 11/30 and I still don't have it. And your customer service rep just hung up on me!!!,93470,"@136256 Hello, I'm sorry for the delay. What was the original delivery date you received in your confirmation email?",Thu Nov 30 15:59:48 +0000 2017,True,INFORMATIVE_RESOLUTION,PRIME_MEMBERSHIP_BILLING
th_93471,93471,136256,"@AmazonHelp It was originally 11/28. The Salvation Army is set to pick up gifts on today ... And I don't have the gift, so my Angel's gift is incomplete.",93472,@136256 I'm so sorry about that! That definitely is not the experience we want from you. Was the agent you spoke to previously able to offer any resolution at all before the disconnect? ^DY,Thu Nov 30 16:06:50 +0000 2017,True,INFORMATIVE_RESOLUTION,OTHER_GENERAL
th_93473,93473,136256,"@AmazonHelp No, a resolution was not offered, nor did they attempt to call me back.",93474,@136256 Can you tell us what was advised when you spoke with us? ^BG,Thu Nov 30 16:44:47 +0000 2017,True,INFORMATIVE_RESOLUTION,OTHER_GENERAL
th_93483,93483,136258,@AmazonHelp Thanks for replying. The order says Delivered 16 Nov 2017Your parcel was delivered. But it never arrived. My order number is ORDER # 205-3068924-3695517.,93485,"@136258 Thanks for confirming! We don't recommend sharing order/personal information, since Twitter is a public platform. You can reach us here via phone or chat and we'll explore options together: https://t.co/JzP7hlA23B Let us know if you need further help! ^KN",Thu Nov 30 17:04:55 +0000 2017,True,INFORMATIVE_RESOLUTION,ORDER_TRACKING_DELAY
th_93494,93494,136261,@115821 @AmazonHelp I don't understand why I pay annually for prime shipping when 3/7 orders don't even arrive on time?? I feel like I'm expecting these delay emails now 🚫 is this happening to other people? https://t.co/DSK7f888zk,93493,"@136261 I'm sorry to see your order has been delayed. We aim to meet the delivery date provided during checkout, but unexpected delays may occur. Have we provided you with a new delivery date here: https://t.co/Y5jpI9gRhE? ^RA",Thu Nov 30 15:51:17 +0000 2017,True,INFORMATIVE_RESOLUTION,PRIME_MEMBERSHIP_BILLING
th_93507,93507,136266,@AmazonHelp Indeed I tried my two regular delivery addresses. I can set the future delivery for either address when setting up a new order but cannot edit anything after the fact (such as ordering a subscribed item immediately),93509,"@136266 Please let us look into this with you. To enable us to do so, use the following link:  https://t.co/JzP7hlA23B ^DO",Thu Nov 30 16:24:50 +0000 2017,True,INFORMATIVE_RESOLUTION,ORDER_TRACKING_DELAY
th_93513,93513,136268,@AmazonHelp do you not give a time slot for delivery? I’ve been waiting all day and mine hasn’t come,93512,"@136268 Currently, we don't offer specific time slots for delivery. Parcels can be delivered any time until 21:00, depending on the courier. Please let us know when the parcel arrives!  ^GR",Thu Nov 30 15:49:16 +0000 2017,True,INFORMATIVE_RESOLUTION,ORDER_TRACKING_DELAY
th_93527,93527,136272,@AmazonHelp I placed an order on Monday with guaranteed delivery on Wednesday the 29th. I am still waiting for them to be delivered.,93529,@136272 I'm sorry to hear about this delay! Can you let us know which carrier was assigned to deliver your order? You can find this under tracking details here: https://t.co/z356GbxC3C ^JS,Fri Dec 01 02:19:09 +0000 2017,True,INFORMATIVE_RESOLUTION,ORDER_TRACKING_DELAY
th_93530,93530,136272,@AmazonHelp The order says “shipped with AMZL US”,93531,@136272 Thank you for checking! We'd like to take a closer look into this. Please provide your order details for us here: https://t.co/pj5ZkZ4qKU ^MB,Fri Dec 01 02:24:55 +0000 2017,True,INFORMATIVE_RESOLUTION,ORDER_TRACKING_DELAY
th_93534,93534,136273,@AmazonHelp I would not like to reach you by phone. I have called 5-6 times in the last month and the CSR just reads from a script and blames the carrier.,93532,"@136273 Could you please fill out some details here: https://t.co/R55eEQwSEs so that we can investigate this further for you, Eric?^PJ",Thu Nov 30 15:34:12 +0000 2017,True,INFORMATIVE_RESOLUTION,ORDER_TRACKING_DELAY
th_93537,93537,136273,@AmazonHelp Latest example. Yes this is a Prime item. https://t.co/aBIOp7d9CY,93536,"@136273 Oh! I see! Thanks for the information, Eric! If you'd like to reach out to us by phone, we will be happy to investigate this for you! You can contact us here: https://t.co/hApLpMlfHN and voice your concerns about the late deliveries! Please keep us posted! ^FR",Thu Nov 30 15:25:16 +0000 2017,True,INFORMATIVE_RESOLUTION,PRIME_MEMBERSHIP_BILLING
th_93541,93541,136273,@AmazonHelp Can you please just answer my question? Yes you missed the delivery date. Its become a pattern. Do you have a link to the official 2 day shipping policy for Prime members?,93538,"@136273 I'm sorry we missed the delivery date, Eric! That's certainly not what we want for our customers. We're here to help! Please check out our Prime Shipping Help Page here: https://t.co/NVxKi0eT9l. You can also reach us directly here: https://t.co/hApLpMlfHN ^NS",Thu Nov 30 00:29:53 +0000 2017,True,INFORMATIVE_RESOLUTION,PRIME_MEMBERSHIP_BILLING
th_93543,93543,136273,"@AmazonHelp Please explain why as a Prime member, 2 day shipping on items is shipped UPS ground? Further explain why even when I paid extra for overnight it was shipped UPS ground? This happens all the time.",93542,@136273 Oh no! Did we miss the delivery date listed here:  https://t.co/Y5jpI9gRhE ? ^TL,Wed Nov 29 23:39:16 +0000 2017,True,INFORMATIVE_RESOLUTION,PRIME_MEMBERSHIP_BILLING
th_93545,93545,136274,"@AmazonHelp It happens for a variety of reasons. Sometimes it the carriers fault, other times the item sells out after I buy it, but my order gets held up instead.",93547,"@136274 Have you spoken with anyone in Customer Service concerning these orders, Mitsy? We'd like to help in any way we can! ^AZ",Thu Nov 30 15:52:55 +0000 2017,True,INFORMATIVE_RESOLUTION,ORDER_TRACKING_DELAY
th_93548,93548,136274,"@AmazonHelp I have, and I was usually just offered an extra month of prime for free. I was also told conflicting information about the 2 day shipping policy a few times.",93549,"@136274 I do apologize for that, Mitsy! Definitively, shipping &amp; estimated delivery date information can be found here: https://t.co/I2ETn44d4h and here: https://t.co/z2ynDcB3KZ. On the carrier-related issues, have you noticed it's with any one specific carrier? ^AZ",Thu Nov 30 16:17:35 +0000 2017,True,INFORMATIVE_RESOLUTION,PRIME_MEMBERSHIP_BILLING
th_93550,93550,136274,"@AmazonHelp No, I haven’t. My bigger frustration though, is orders being in stock when I order then being pushed days later.",93551,@136274 Do you currently have any packages that have been delayed or haven't shipped yet? Please reach out to us for assistance if you do. I know it's frustrating and I offer my most sincere apology for any inconvenience. (2/2) ^SP,Thu Nov 30 16:38:08 +0000 2017,True,INFORMATIVE_RESOLUTION,ORDER_TRACKING_DELAY
th_93572,93572,136281,"@AmazonHelp I've just checked and I haven't received anything in any of my mail boxes. I can view the code online however. I've had lots of amazon locker problems recently. Most have been minor and not very important, but it might be worth looking into given how frequently they're occurring",93574,@136281 Thank you for that information. Please reach out to us here: https://t.co/PoPYwr447z so we can look into this further. ^SC,Thu Nov 30 19:42:49 +0000 2017,True,INFORMATIVE_RESOLUTION,OTHER_GENERAL
th_93573,93573,136281,"@AmazonHelp Hi, I had a parcel delivered to a Amazon locker 2 hours ago but still haven't been emailed or texted with the code.",93571,"@136281 Hi, have you checked your junk/spam folder to see if your e-mail has ended up there? ^KI",Thu Nov 30 15:37:29 +0000 2017,True,INFORMATIVE_RESOLUTION,ORDER_TRACKING_DELAY
th_93588,93588,136285,"@AmazonHelp All it says  is ""Tuesday, November 28Package has left seller facility and is in transit to carrierUS"" and it hasn't changed at all. It was supposed to be delivered today. Seems like my prime membership doesn't matter or the $900+ bucks I spent",93590,@136285 Could you please contact us so that we can look into this further for you? You can reach us here: https://t.co/CYqkdUakWJ. ^PJ,Thu Nov 30 15:47:36 +0000 2017,True,INFORMATIVE_RESOLUTION,PRIME_MEMBERSHIP_BILLING
th_93591,93591,136285,@AmazonHelp Already did... Now that 12 hour wait game and probably no update,93592,"@136285 In some cases, tracking information may not update until closer to the item's arrival time. I'm glad you've contacted so we can investigate this. Please keep us posted on the outcome. ^RA",Thu Nov 30 16:27:10 +0000 2017,True,INFORMATIVE_RESOLUTION,OTHER_GENERAL
th_93596,93596,120686,@AmazonHelp Is there any winner announcement today for the contests you have put,93598,@120686 We're working to get the winners list out soon. Kindly wait for the results to be declared; appreciate your patience. ^VN,Thu Nov 30 16:13:23 +0000 2017,True,INFORMATIVE_RESOLUTION,OTHER_GENERAL
th_93599,93599,120686,@AmazonHelp Thank you. Requesting you to display winner names on twitter,93600,@120686 The winner's list will be shared on our page. Kindly visit our page to check the winner details once results are out. ^RB,Thu Nov 30 16:34:36 +0000 2017,True,INFORMATIVE_RESOLUTION,OTHER_GENERAL
th_93608,93608,136288,"@AmazonHelp Yes! regardless of the jargon you have just mentioned, I am paying for a service and expect it to be done! I needed my item by Wednesday and it still hasn't arrived. Poor service",93610,@136288 Have you had any further update to the tracking on your order? Have you been given a reason for the delay?^PJ,Thu Nov 30 15:46:45 +0000 2017,True,INFORMATIVE_RESOLUTION,ORDER_TRACKING_DELAY
th_93617,93617,136291,"@AmazonHelp Yeah, all of them and I still have no parcel. What's going on!?",93619,"@136291 Hi, what date was the parcel delivered? You can check here: https://t.co/POYWE5ernt ^SM",Thu Nov 30 16:49:30 +0000 2017,True,INFORMATIVE_RESOLUTION,ORDER_TRACKING_DELAY
th_93620,93620,136291,@AmazonHelp Says Monday but I don't have it. I'm confused,93621,@136291 What does tracking say who the carrier is here: https://t.co/Y5jpI9gRhE? ^MH,Thu Nov 30 17:14:30 +0000 2017,True,INFORMATIVE_RESOLUTION,OTHER_GENERAL
th_93618,93618,136291,@AmazonHelp you tell me my parcel got delivered but no trace of it. Can someone tell me where it is please?,93616,"@136291 Hey, Tom! Here's a few steps to help you find your missing parcel: https://t.co/61W5LU2J4r. Have you tried these? ^DY",Thu Nov 30 15:39:31 +0000 2017,True,INFORMATIVE_RESOLUTION,ORDER_TRACKING_DELAY
th_93644,93644,136295,"@AmazonHelp On one order yes, but generally things are soooo slow lately. Especially when they go via surepost",93646,@136295 Do you see a new delivery date: https://t.co/Y5jpI9gRhE? Did you receive a reason for the delay? ^CO,Thu Nov 30 20:46:04 +0000 2017,True,INFORMATIVE_RESOLUTION,ORDER_TRACKING_DELAY
th_93647,93647,136295,"@AmazonHelp And another one guys. I ordered a same day delivery yesterday, and it was meant to come yesterday. It arrived just now, a day late. Can I please get a refund on my Prime subscription?",93648,@136295 Thank you for letting us know. We'd like to review your delivery and available options here: https://t.co/hApLpMlfHN ^SC,Fri Dec 01 17:35:36 +0000 2017,True,INFORMATIVE_RESOLUTION,PRIME_MEMBERSHIP_BILLING
th_93665,93665,136303,hello Amazon help me my prime video not working please help @115850 @AmazonHelp https://t.co/2dfzHk3jwl,93664,@136303 We apologize for the hassle. Kindly connect with us here: https://t.co/rS49hgaADF and we'll assist you accordingly. VH,Thu Nov 30 15:02:29 +0000 2017,True,INFORMATIVE_RESOLUTION,PRIME_MEMBERSHIP_BILLING
th_93667,93667,136304,@AmazonHelp General customer support has no idea what I’m talking about and is just offering me the standard prime extension. I want the problem fixed not bribes to make me go away. Who do I need to speak with that’s a specialist in this area?,93669,"@136304 You mentioned the past delivery issues were with the same carrier, have you had a chance to contact the carrier directly for more information about the delays? If so, what insight did they provide? ^LI",Thu Nov 30 15:51:23 +0000 2017,True,INFORMATIVE_RESOLUTION,PRIME_MEMBERSHIP_BILLING
th_93670,93670,136304,"@AmazonHelp Had a conference call with your customer service rep and UPS. Amazon is creating shipping labels too late. So I ordered a package on Nov 28, Amz said it would be delivered the 30th, but Amz isn’t creating a label until 5:30pm on the 29th so UPS thinks it should be delivered 12/1",93671,"@136304 This is certainly not the experience we'd want you to have! I'm sorry about that. Just for claarification, are you in need of a return mailing label? ^GP",Thu Nov 30 16:19:01 +0000 2017,True,INFORMATIVE_RESOLUTION,ORDER_TRACKING_DELAY
th_93668,93668,136304,@AmazonHelp Another delayed shipment. Who do I need to call to fix this?,93666,@136304 Please contact us here: https://t.co/hApLpMlfHN so we can make sure this is addressed. ^CO,Thu Nov 30 15:30:59 +0000 2017,True,INFORMATIVE_RESOLUTION,OTHER_GENERAL
th_93682,93682,136304,"@AmazonHelp Yes, but this is becoming unacceptable. Every other order from you is late. Spoke to a rep and saw that one part of my order was available via @117795 but wouldn’t schedule the delivery for today.",93681,@136304 When your package are being delayed are you noticing that it is with a certain carrier? We would like to help in any way possible! ^LS,Wed Nov 29 18:50:43 +0000 2017,True,INFORMATIVE_RESOLUTION,ORDER_TRACKING_DELAY
th_93684,93684,136304,"Another delayed @115821 Prime shipment. Hey @AmazonHelp, you should probably stop guaranteeing two day delivery when in the past year about 75% of my orders have been delayed.",93683,@136304 So sorry your order was delayed! Did you receive an e-mail providing a new delivery date?  ^LS,Wed Nov 29 18:35:14 +0000 2017,True,INFORMATIVE_RESOLUTION,PRIME_MEMBERSHIP_BILLING
th_93701,93701,136312,@AmazonHelp Was delivered by Amazon Logistics! Don’t have time to inspect it thoroughly now. Box clearly shows it’s a telescope and has a ‘This way up’ label in it. Mad beyond belief about this!,93703,"@136312 We want to make sure this doesn't happen on your future deliveries. As we cannot access your account via Twitter, please contact us here: https://t.co/JzP7hlA23B , so that we may have a chance to submit the carrier feedback. -RD",Thu Nov 30 15:48:45 +0000 2017,True,INFORMATIVE_RESOLUTION,ORDER_TRACKING_DELAY
th_93704,93704,136312,"@AmazonHelp And if it does prove to be broken, how do I get a replacement in time for her birthday tomorrow morning?!? I really don’t care about future deliveries right now as I’ll be shopping elsewhere if I have nothing to give her when she wakes up tomorrow",93705,"@136312 If the telescope is damaged in any way, you would need to reach out to us via the link provided in the previous reply and we can look into what options are available. ^TE",Thu Nov 30 16:02:45 +0000 2017,True,INFORMATIVE_RESOLUTION,DAMAGED_WRONG_ITEM
th_93706,93706,136312,@AmazonHelp And you’ll get me a replacement tonight? I’m currently taking my kids to their after school clubs so won’t be able to check until at least 7pm. Later if I need to assemble the telescope first to check.,93707,"@136312 We won't be able to tell you what is available for your order since we don't have access to account information here. When you have time, please reach out and we can look into this for you. ^VS",Thu Nov 30 16:27:02 +0000 2017,True,INFORMATIVE_RESOLUTION,OTHER_GENERAL
th_93713,93713,136313,@AmazonHelp It's on web browser so I'll just put up with it for now and when I restart my laptop at some point I'll see what happens,93715,@136313 Please keep us updated on this! We want to be sure this works properly for you. ^MT,Thu Nov 30 16:28:58 +0000 2017,True,INFORMATIVE_RESOLUTION,OTHER_GENERAL
th_93720,93720,136316,"@115850  @115851  @AmazonHelp  Waited for the product to be delivered whole day, and ate the end of the day just got greeted with text saying ""delivered"", while still did not receive the product, just ruined my whole day.",93719,"@136316 I'm sorry for the inconvenience, Please contact us here https://t.co/vlvfJr4nN9, our support team would assist you accordingly. ^MD",Thu Nov 30 15:01:07 +0000 2017,True,INFORMATIVE_RESOLUTION,ORDER_TRACKING_DELAY
th_93728,93728,136318,@AmazonHelp Updated delivery date was yesterday (not sure why it wasn’t Tuesday) but still nothing. Carrier appears to be AMZL US. Tracking#TBA570338285000.,93727,@136318 A specialist from my team would like to reach out to you and look into his in real time. Please share a little info here: https://t.co/lKucnMgalq ^JZ,Thu Nov 30 15:24:16 +0000 2017,True,INFORMATIVE_RESOLUTION,ORDER_TRACKING_DELAY
th_95290,95290,136723,"@AmazonHelp Is this the info you need?""Sold by: Amazon EU S.a.r.L.Carrier: Amazon Logistics, Tracking #: AL0079321173""",95292,"@136723 Yes, thank you! Please contact us, the Amazon.de Social Media Team, via https://t.co/br7bhrlJn8 We would like to take a closer look into this. ^SK",Thu Nov 30 16:18:23 +0000 2017,True,INFORMATIVE_RESOLUTION,ORDER_TRACKING_DELAY
th_95291,95291,136723,"@AmazonHelp As said, I've lived in The Netherlands, Spain and UK and used Amazon in all these countries without a single problem. But here in Germany, here the delivery service of Amazon is deplorable. Please, take seriously the service. Never my package was delivered at some unknown's home",95289,@136723 Can you tell me who was the delivery service assigned with your delivery? ^AW,Thu Nov 30 16:07:48 +0000 2017,True,INFORMATIVE_RESOLUTION,ORDER_TRACKING_DELAY
th_95297,95297,136723,@AmazonHelp Always problems with the deliveries. A delivery was supposed to be done today at 9pm and no guy came to home and the site says it's been already  delivered. Where? To whom? Nobody came home 💁,95293,@136723 Please reach out to us here: https://t.co/5RHhEVutwe My colleagues are able to further investigate and get back to you. Regards ^MI,Wed Nov 29 21:39:22 +0000 2017,True,INFORMATIVE_RESOLUTION,ORDER_TRACKING_DELAY
th_95337,95337,136732,"@AmazonHelp As per https://t.co/Ongr9eOJJm , this feature is not yet supported. When will this work in India?",95336,"@136732 We do not have any announcement about it yet. However, I'll pass along your comment as a feedback to our team internally for a review. ^HS",Thu Nov 30 15:40:51 +0000 2017,True,INFORMATIVE_RESOLUTION,OTHER_GENERAL
th_95295,95295,136723,"@AmazonHelp I sent the message and apparently they ""need to ask the carrier and the deliveryman where your order is."". Really? If the deliveries are done as expected nobody should have to ask the carrier and deliveryman where the delivery is.",95341,@136723 I am really sorry that I cannot tell you more. My colleagues looked into your case and can give the best answer concerning your problem. I hope you will get your delivery very soon! ^AW,Thu Nov 30 16:03:51 +0000 2017,True,INFORMATIVE_RESOLUTION,ORDER_TRACKING_DELAY
th_95344,95344,136733,@AmazonHelp I have contacted to ask if I can collect as I am happy to do so. And am being told that isn't possible.,95346,@136733 Please give us a chance to look at this with you. Please call us here: https://t.co/JzP7hlA23B ^MH,Thu Nov 30 16:10:04 +0000 2017,True,INFORMATIVE_RESOLUTION,OTHER_GENERAL
th_95348,95348,136734,"@AmazonHelp No luckily, as they are Xmas prezzies! And my driveway is wide open so the bins are not concealed! Second time now, tho last time they were put in the bin!",95350,"@136734 I'm glad to hear your items aren't damaged, Samantha! Do you have a designated safe place? You can learn more about setting unattended delivery preferences here: https://t.co/0dJTLZcOYt ^SW",Thu Nov 30 18:12:10 +0000 2017,True,INFORMATIVE_RESOLUTION,OTHER_GENERAL
th_95372,95372,136737,@AmazonHelp I already got to chat with one of your reps. Is there a way for me to get a refund without having to ship the LENS CAPS back to the US? Thanks,95374,@136737 I'm glad you've contacted us. What information were we able to provide during our chat? ^RA,Thu Nov 30 16:21:29 +0000 2017,True,INFORMATIVE_RESOLUTION,REFUND_RETURN_INQUIRY
th_95376,95376,136737,@AmazonHelp The rep said I must ship back the lens caps to the US. Is there no other way? The shipping from the Philippines is gonna cost more than the lens caps themselves. Thanks,95381,@136737 Hey Martin. Was the order sold directly by us or one of our sellers?^TI,Thu Nov 30 16:27:22 +0000 2017,True,INFORMATIVE_RESOLUTION,OTHER_GENERAL
th_95382,95382,136737,@AmazonHelp I just found out it was by a seller named Sandra Gray Store. The feedbacks in their page are very similar to mine. https://t.co/10wlEPJS0T,95383,@136737 Hi Martin! Have you tried contacting the seller to see what options they might offer? ^RB,Thu Nov 30 16:41:55 +0000 2017,True,INFORMATIVE_RESOLUTION,OTHER_GENERAL
th_95407,95407,136743,@AmazonHelp can you explain why you just sent me one CD in a box bigger than my TV?! This is beyond ridiculous. https://t.co/gGKKDFH8XD,95406,@136743 We're always looking to improve! Please send us packaging feedback here: https://t.co/lSVN3kb44b ^GR,Thu Nov 30 16:01:12 +0000 2017,True,INFORMATIVE_RESOLUTION,OTHER_GENERAL
th_95416,95416,136747,@AmazonHelp I need help. I still don’t have my package and UPS is not helping. They claim to have attempted delivery even though I’ve been home waiting for this package. This happened both yesterday and today. I don’t know what to do next. I’m beyond frustrated at this point,95415,"@136747 Thanks for the update, Jo! Can you please reach out to us here via phone so that we can work with you directly to get this situation resolved?  https://t.co/hApLpMlfHN ^GS",Thu Nov 30 15:54:47 +0000 2017,True,INFORMATIVE_RESOLUTION,ORDER_TRACKING_DELAY
th_95435,95435,136751,"@AmazonHelp Ordered products using Prime that was sold and shipped by Amazon. #1 the shipping was delayed , #2 Package is missing , Customer care rep wants me to contact AMZ-L .Amazon Logistics does not have phone support available. So much for prime member benefits !",95434,@136751 I'd like to have a member of our team take a closer look at this for you. Please provide us with detailed order information here: https://t.co/PaLVU1WasT ^KP,Thu Nov 30 15:56:33 +0000 2017,True,INFORMATIVE_RESOLUTION,PRIME_MEMBERSHIP_BILLING
th_95439,95439,136752,"@AmazonHelp Whether I say loop or repeat, it only plays the song once. And this only started happening about 8 days ago.",95441,"@136752 Hmm, that's interesting! Have you tried any other troubleshooting? Also, are the Alexa skills enabled? Here's more about enabling those skills here: https://t.co/D6jhX8REYX ^GP",Thu Nov 30 16:14:02 +0000 2017,True,INFORMATIVE_RESOLUTION,OTHER_GENERAL
th_95442,95442,136752,@AmazonHelp No that's why I reached out. What other troubleshooting should I do? I'm using a Tap and have an Amazon Music Unlimited account. thanks.,95443,@136752 Let's take a deeper look into this in real-time via phone or chat here: https://t.co/hApLpMlfHN ^ML,Thu Nov 30 21:10:12 +0000 2017,True,INFORMATIVE_RESOLUTION,OTHER_GENERAL
th_95440,95440,136752,"@AmazonHelp Loop isn't working Repeat this song works but only plays song once. I used 2 say "" Play X song on repeat."" &amp; the song would play over &amp; over",95438,@136752 What happens when you attempt the loop command on a particular song? Is the command ignored? Full list of Alexa commands for music control can be found here: https://t.co/YhFmFu31gi ^TE,Thu Nov 30 15:36:51 +0000 2017,True,INFORMATIVE_RESOLUTION,OTHER_GENERAL
th_96630,96630,137087,"@AmazonHelp One by Amazon EU S.a.r.L., the other BigMouth International Ltd",96632,@137087 Thanks for the information! Have you received any messages concerning the delay? Please use the following link to check: https://t.co/xHdVEIWNkm ^MW,Thu Nov 30 16:55:48 +0000 2017,True,INFORMATIVE_RESOLUTION,OTHER_GENERAL
th_96635,96635,137087,@AmazonHelp I've no idea who,96636,@137087 You can find the carrier information by navigating here: https://t.co/aaDyEz1VgE ^TE,Thu Nov 30 17:22:36 +0000 2017,True,INFORMATIVE_RESOLUTION,OTHER_GENERAL
th_96645,96645,137090,"@AmazonHelp HI Amazon, where can I change my country of residence? Thanks",96643,"@137090 Hello Joe, can you please explain more? ^ARC",Thu Nov 30 16:33:47 +0000 2017,True,INFORMATIVE_RESOLUTION,OTHER_GENERAL
th_96656,96656,137095,@AmazonHelp Order# 406-5891211-7505954 no action has been taken it is unmoved from 2 days ! I want to deal this issue in public and will have conversation here only! @115850,96658,"@137095 Orders will be delivered by the estimates provided, could you please let us know if we happen to miss the estimated delivery date? Also, please don't provide your order details, we consider it to be personal information. Our page is visible to the public. ^VH",Fri Dec 01 14:07:17 +0000 2017,True,INFORMATIVE_RESOLUTION,ORDER_TRACKING_DELAY
th_96657,96657,137095,Order #406-5891211-7505954 wow now Even Amazon is not keeping promises!!@115850 @AmazonHelp @115851,96655,"@137095 We would like to help you, kindly elaborate on your concern for us. Please don't provide your order details as we consider it personal information. Our twitter page is visible to public.^CB",Thu Nov 30 16:27:01 +0000 2017,True,INFORMATIVE_RESOLUTION,ORDER_TRACKING_DELAY
th_96676,96676,137098,"@AmazonHelp You can help by fixing your estimates, oh and make my order free while you’re at it https://t.co/bu2aFrg9g9",96678,"@137098 Do you see a new delivery date here: https://t.co/PyACxvY8Qo? Has the order shipped? If so, who's the carrier? ^CO",Thu Nov 30 16:44:46 +0000 2017,True,INFORMATIVE_RESOLUTION,ORDER_TRACKING_DELAY
th_96679,96679,137098,"@AmazonHelp Says tonight at 9pm, hasn’t shipped yet, I’m not hopeful 🙁 Canada Post is prolly handling it",96680,@137098 It's not uncommon for items to ship and arrive the same day! Keep us posted! ^KJ,Thu Nov 30 16:53:07 +0000 2017,True,INFORMATIVE_RESOLUTION,ORDER_TRACKING_DELAY
th_96687,96687,137100,"@AmazonHelp My situation has already been reported twice, so it's well documented there with you guys. At any rate, however, here a post of the full situation on Facebook: https://t.co/u2rQCI719t",96689,"@137100 Hi, thanks for the update, we've received the details. ^HS",Thu Nov 30 16:43:47 +0000 2017,True,INFORMATIVE_RESOLUTION,OTHER_GENERAL
th_96696,96696,137102,@AmazonHelp The company closes at 5pm. Will it be rescheduled or go to the nearest collection point?,96698,"@137102 Have you selected a safe place for your order to be delivered to? If not, it will automatically go out for delivery again tomorrow.^PJ",Thu Nov 30 16:40:39 +0000 2017,True,INFORMATIVE_RESOLUTION,OTHER_GENERAL
th_96699,96699,137102,@AmazonHelp If I changed the delivery address now will it still be delivered today or tomorrow?,96700,"@137102 My apologies, but Orders that have entered the dispatch process can't be modified. Please go here for more information: https://t.co/GiqHnibFzV ^RB",Thu Nov 30 16:52:05 +0000 2017,True,INFORMATIVE_RESOLUTION,ORDER_TRACKING_DELAY
th_96697,96697,137102,"@AmazonHelp It just says Dispatched, Expected by 30 Nov",96695,@137102 Deliveries continue through to 21:00. Please keep us informed of this order's arrival. Thank you. ^DO,Thu Nov 30 16:36:56 +0000 2017,True,INFORMATIVE_RESOLUTION,OTHER_GENERAL
th_96706,96706,137103,"@AmazonHelp Yes, i just want to listen to CTRL by @137104 with ease.",96705,@137103 We'd like to take a closer into this and all available options here: https://t.co/hApLpMlfHN ^LI,Thu Nov 30 16:30:49 +0000 2017,True,INFORMATIVE_RESOLUTION,OTHER_GENERAL
th_96711,96711,137105,"@AmazonHelp But I don't want a refund, I want a replacement. Is that not possible? I don't see that option. The TV doesn't seem to be available right now, and even if it was it wouldn't be the same price.",96709,@137105 Please visit our Online Returns Center to see what options are available to you. You can find it here: https://t.co/TrQVvk8Z02 ^RB,Thu Nov 30 16:32:40 +0000 2017,True,INFORMATIVE_RESOLUTION,REFUND_RETURN_INQUIRY
th_96719,96719,137106,"@AmazonHelp The website says with courier, but not out for delivery. Considering this was ordered 3 days ago via a prime membership doesn't really seem acceptable.",96718,@137106 I'm certainly sorry the package has been delayed! Does the tracking show an updated expected delivery date? ^RO,Thu Nov 30 16:18:29 +0000 2017,True,INFORMATIVE_RESOLUTION,PRIME_MEMBERSHIP_BILLING
th_96724,96724,137107,"@AmazonHelp  @115821 placed an order, paid for expedited shipping. Wasn't delivered by 9PM as promised. How do I request refund of paid shipping that didn't happen? Thanks.",96723,@137107 My apologies that you didn't receive your order on time. Please visit us here for more information and further assistance: https://t.co/0wGxbfcqY8 ^RB,Thu Nov 30 16:30:17 +0000 2017,True,INFORMATIVE_RESOLUTION,REFUND_RETURN_INQUIRY
th_96732,96732,137110,"@AmazonHelp Not in my confirmation email, but on the order screen. Things I ordered on Monday are arriving today and tomorrow. Just a bummer that you've dropped the ball on this.",96734,"@137110 What was the original delivery date given at checkout or email confirmation? Were the items sold by Amazon or third-party seller? You can check for that information here: https://t.co/Y5jpI9gRhE We want to make sure you've been taken care of, so keep us posted!^FR",Thu Nov 30 16:44:51 +0000 2017,True,INFORMATIVE_RESOLUTION,ORDER_TRACKING_DELAY
th_96749,96749,137115,"@AmazonHelp Well my safe place is the recycling bin which was emptied yesterday, so I hope not! And my neighbours aren’t currently in to check",96751,@137115 We definitely want to make sure that you do receive your package! Does your tracking state which carrier is being used for this shipment? ^GP,Thu Nov 30 16:34:49 +0000 2017,True,INFORMATIVE_RESOLUTION,OTHER_GENERAL
th_96750,96750,137115,"@AmazonHelp hi, I had two packages delivered yesterday via amazon shipping, tracking says they were handed to resident but no one in my house has received them?",96748,@137115 Sorry to hear they still haven't turned up. have you checked with any neighbours and safe place locations?^SM,Thu Nov 30 16:28:07 +0000 2017,True,INFORMATIVE_RESOLUTION,ORDER_TRACKING_DELAY
th_96754,96754,137116,"@AmazonHelp You haven't missed the delivery date, but the date set for delivery is 5 days after it's been accepted for shipping.  Sent using UPS SurePost, which with that you may as well walk my package to me.",96756,@137116 I can definitely understand your frustration. When is the delivery scheduled to arrive?  You can view your tracking details here: https://t.co/Y5jpI9gRhE. ^SY,Fri Dec 01 01:53:00 +0000 2017,True,INFORMATIVE_RESOLUTION,ORDER_TRACKING_DELAY
th_96760,96760,137118,"@AmazonHelp Again, not sure if it's Amazon or the post office. Package was supposed to be delivered yesterday, Amazon/USPS says it was delivered in the mail box. I didn't get it. Some postal workers don't know their East Streets from their West Streets though ☹️",96762,"@137118 We'd like to see how we can help you with the order but can't access accounts through Twitter. When you have a moment, please reach out to us here: https://t.co/hApLpMlfHN ^DD",Thu Nov 30 16:34:31 +0000 2017,True,INFORMATIVE_RESOLUTION,ORDER_TRACKING_DELAY
th_96763,96763,137118,"@AmazonHelp Message sent through the website. Chatted with someone yesterday, they said to wait and see. I just find it odd that it says ""left in mailbox"" and there's nothing. I'm thinking it's a good up by USPS, but would like to know if I need to order another until this is resolved.",96764,@137118 Wait and see? What kind of answer is that! I'm sorry that your package is showing delivered but you have not received it. Please take a few minutes to try the steps in this guide: https://t.co/M1IQflNnZb And please keep us in the loop! ^SP,Thu Nov 30 17:21:23 +0000 2017,True,INFORMATIVE_RESOLUTION,ORDER_TRACKING_DELAY
th_96783,96783,137125,@AmazonHelp Not yet as I am not able to contact customer care service,96785,@137125 That's strange! Could you please confirm if you've tried reaching out to our support team via https://t.co/TxK11znixD ? Do keep us posted. ^AM,Thu Nov 30 16:28:42 +0000 2017,True,INFORMATIVE_RESOLUTION,OTHER_GENERAL
th_96786,96786,137125,@AmazonHelp Yes I have tried calling to them on 180030009009 number and application. Both ways but not able to talk as they cut my phone before connecting,96788,"@137125 Select 'More order issues' &gt; choose from chat / phone / email options, if selecting phone option then select language preferred &gt; provide us your number &gt; choose from 'call now' or 'call me in 5 minutes' we'll be glad to help. (2/2)^MN",Thu Nov 30 16:54:13 +0000 2017,True,INFORMATIVE_RESOLUTION,OTHER_GENERAL
th_96790,96790,137125,@AmazonHelp Now a days it's not easy to connect with customer support team. They only talk to those who places a fresh order,96791,"@137125 As mentioned earlier you may get in touch with our via Live chat, because your'e facing problem while trying to get connected with us via phone. ^MN",Thu Nov 30 17:35:27 +0000 2017,True,INFORMATIVE_RESOLUTION,ORDER_TRACKING_DELAY
th_96792,96792,137125,@AmazonHelp Yes please send me a link to connect with livechat,96793,@137125 I get your concern. You can use the same link provided earlier to connect with us via live chat. ^SD,Thu Nov 30 17:44:52 +0000 2017,True,INFORMATIVE_RESOLUTION,OTHER_GENERAL
th_96794,96794,137125,@AmazonHelp Can't you check my account what is wrong with that,96795,"@137125 As we don't have essential tool to contact you here, Arun. You can chat with us here: https://t.co/bJzDILP0xP . ^MK",Thu Nov 30 18:13:50 +0000 2017,True,INFORMATIVE_RESOLUTION,OTHER_GENERAL
th_96803,96803,137128,@AmazonHelp #LGQ6AppQuiz  @AmazonHelp  still not yet listed in your link.,96802,@137128 I get your concern about the winners list. Our concerned team is working on it. I'd request you to wait till the end of the day for the results to be announced. Appreciate your cooperation. ^KH,Thu Nov 30 16:08:50 +0000 2017,True,INFORMATIVE_RESOLUTION,OTHER_GENERAL
th_96807,96807,137128,When will you announce Amazon  LGQ6 phone app quiz  winner list.@115850   @AmazonHelp,96804,"@137128 Winners for the #LGQ6AppQuiz contest will be announced by November 30, 2017. ^MP",Thu Nov 30 00:02:18 +0000 2017,True,INFORMATIVE_RESOLUTION,PRODUCT_TECH_SUPPORT
th_96811,96811,137130,"@AmazonHelp My order did not arrive by 8pm last night. However, I understand this is a carrier issue and not Amazon’s fault. My packages have been updated with an estimated delivery of tonight by 8pm. I will contact you if my package is not received by tonight.",96813,"@137130 Thanks for keeping us updated, Dan. I apologize for the delay, even if it isn't our fault, as I know how disappointing it is to expect something and have to wait a little extra time. We look forward to hearing from you later. ^FD",Fri Dec 01 15:59:56 +0000 2017,True,INFORMATIVE_RESOLUTION,ORDER_TRACKING_DELAY
th_96812,96812,137130,"@AmazonHelp why do I pay for Prime when my packages can’t be delivered in 2 days!? It’s literally in East Pete, PA...which is 15 minutes from my front door................ https://t.co/A28EiB4ihC",96810,"@137130 Hi Dan, apologies on the delay! During this busy period, some orders can experience slight delays. We totally understand the frustration, especially when you are waiting for the item. Please let us know if your order has not arrived this evening. ^JC.",Thu Nov 30 15:59:09 +0000 2017,True,INFORMATIVE_RESOLUTION,PRIME_MEMBERSHIP_BILLING
th_96816,96816,137131,R u insane @115850 @AmazonHelp When did Parle G biscuits become so costly ? Rs 200 for 140 gms pack ? @5548 @5277 https://t.co/z761K0brDk,96814,"@137131 Amazon doesn't offer a price match guarantee. The constantly changing marketplace and our efforts to offer you the lowest price, may result in fluctuations in our prices over time. However, I'll forward your comment to our team as a feed back for a review. ^HS",Thu Nov 30 16:01:22 +0000 2017,True,INFORMATIVE_RESOLUTION,OTHER_GENERAL
th_96825,96825,137134,"@AmazonHelp Yes, now the notifications on the devices are off, however, they can simply turn it back on. I want ALL delivery notifications off. We can track packages on our own",96827,"@137134 Hi Warren. Disabling notifications on the device, as you've done, would be the only way to stop them. If you'd like to leave us some feedback, you can do so here: https://t.co/U50V2WuRgF ^TI",Thu Nov 30 16:27:42 +0000 2017,True,INFORMATIVE_RESOLUTION,ORDER_TRACKING_DELAY
th_96832,96832,137136,@AmazonHelp Deleting the app and reinstalling worked!,96831,@137136 Glad to hear you fixed it! It's always the worst when you can't hear your fave tunes! If you need anything in future please don't hesitate to reach out. ^HS,Thu Nov 30 16:06:43 +0000 2017,True,INFORMATIVE_RESOLUTION,PRODUCT_TECH_SUPPORT
th_96834,96834,137136,"@AmazonHelp I'm on an iPhone 7 plus.  I just noticed it with that track.  The artwork appeared for a split second on my lock screen, and then disappeared.  I tried going in to the queue and playing it again and it kept going to the next track.  I looked the song up, and had similar results.",96833,@137136 If you download the song again does the issue persist? I suggest checking if any updates are available for the app or uninstalling/reinstalling the app. Let us know if the issue continues!  ^EB,Wed Nov 29 22:18:08 +0000 2017,True,INFORMATIVE_RESOLUTION,ORDER_TRACKING_DELAY
th_96838,96838,137137,"@AmazonHelp Other than my work computer and my personal cell phone, no, I am not.",96840,"@137137 Please contact us here so we can explore options together, Mayra:  https://t.co/hApLpMlfHN ^SA",Thu Nov 30 16:58:15 +0000 2017,True,INFORMATIVE_RESOLUTION,OTHER_GENERAL
th_96841,96841,137137,"@AmazonHelp I've already contacted amazonflex-support. 22 &amp; counting emails to be exact. No one has been able to give me any resolution. Can i go to the Springfield, VA warehouse for help?",96842,"@137137 I'm very sorry for the inconvenience. Please take a moment to provide the details of your issue here, https://t.co/tbCFtSxDjB  We will reach out to you for a resolution. ^SP",Thu Nov 30 17:27:13 +0000 2017,True,INFORMATIVE_RESOLUTION,OTHER_GENERAL
th_96839,96839,137137,@115821 @AmazonHelp How do i get in contact with Amazon Logistics? The App is not working. No dropdown menu. No options. It signs in to a frozen screen. Uninstalled Reinstalled. Deleted Data &amp; cache. Nothing is working. #AmazonFlex,96837,"@137137 Sorry to hear that, Mayra. Are you able to access the app from an alternative device?^TI",Thu Nov 30 16:07:18 +0000 2017,True,INFORMATIVE_RESOLUTION,PRODUCT_TECH_SUPPORT
th_96844,96844,137138,Hey @AmazonHelp I did use the link you sent but was asked to call Intelcom and no one picked up the phone. They decided to leave the package taped to my mailbox yesterday! So I’m a happy camper! Thanks for checking in! https://t.co/yClsN9b3bY,96843,"@137138 Glad to hear, Aslin. Just give us another shout if you ever need anything else 🙂^SM",Thu Nov 30 16:20:29 +0000 2017,True,INFORMATIVE_RESOLUTION,ORDER_TRACKING_DELAY
th_96850,96850,137139,"@AmazonHelp That's annoying. Your idiot driver unloaded 20+ packages to my business, but mine was left in his personal vehicle.",96847,"@137139 I understand your frustration, Jordan! We'd like to escalate this for you! Using the link that FR provided, your information will be sent directly to a member of our team.  ^AR",Wed Nov 29 20:14:19 +0000 2017,True,INFORMATIVE_RESOLUTION,OTHER_GENERAL
th_96852,96852,137139,@AmazonHelp @115821 can you stop using your own horrible delivery services? 1 package arrived fine 1 package missing. Complete garbage.,96851,"@137139 I'm very sorry for the poor experience, Jordan! This isn't the level of customer service we'd like for you to expect. I want to have a member of my team look into this for you. Please send us your details here: https://t.co/BiPEEG3Q8O ^FR",Wed Nov 29 19:34:53 +0000 2017,True,INFORMATIVE_RESOLUTION,ORDER_TRACKING_DELAY
th_96854,96854,137140,"@AmazonHelp Thank you.  My order does not have the ""Get Help With Order"" option anywhere. I placed this order a few hours ago. Is it too soon?",96856,@137140 I'm sorry your not seeing an option to contact the seller. Please reach out to us here: https://t.co/hApLpMlfHN so we can look into this further with you. ^CO,Thu Nov 30 16:37:11 +0000 2017,True,INFORMATIVE_RESOLUTION,ORDER_TRACKING_DELAY
th_96857,96857,137140,@AmazonHelp I was able to send my question through the link you provided. Thank you.,96858,@137140 Let us know if there's anything else we can help you with! We're here for you! ^TK,Thu Nov 30 18:03:54 +0000 2017,True,INFORMATIVE_RESOLUTION,OTHER_GENERAL
th_96855,96855,137140,I need to contact a seller I purchased something from but I can't figure out how to do that. @AmazonHelp,96853,@137140 Thank you for reaching out to us! You can find information on how to contact a seller here: https://t.co/qTSY72fsFP ^GR,Thu Nov 30 16:20:13 +0000 2017,True,INFORMATIVE_RESOLUTION,OTHER_GENERAL
th_96862,96862,137142,"@AmazonHelp It just says arriving Wednesday, nothing more unfortunately. I tried to speak with someone via Chat but alas no further details and quite unhelpful.",96864,@137142 What information did we provide? How long did we inform you to wait before more options can be offered? ^CO,Thu Nov 30 16:58:01 +0000 2017,True,INFORMATIVE_RESOLUTION,OTHER_GENERAL
th_96863,96863,137142,@AmazonHelp My Sub/Save item was charged a week ago and still hasn't shipped -- is that normal?,96861,"@137142 Sorry to hear that, Araxie. Can I ask what delivery date you were provided with?^TI",Thu Nov 30 16:00:17 +0000 2017,True,INFORMATIVE_RESOLUTION,PRIME_MEMBERSHIP_BILLING
th_96867,96867,137143,@AmazonHelp No both were meant to come together?,96869,"@137143 Hi Maria, that sounds odd! Can you please get in touch with us via this link: https://t.co/JzP7hlA23B. We would like to look into this further for you! ^JC.",Thu Nov 30 17:32:49 +0000 2017,True,INFORMATIVE_RESOLUTION,OTHER_GENERAL
th_96868,96868,137143,@AmazonHelp I’m missing a product from my order?,96866,"@137143 Hello Maria, I am sorry to hear that you're missing an item. Was your order all supposed to come together or were they from different suppliers? ^HS",Thu Nov 30 16:18:54 +0000 2017,True,INFORMATIVE_RESOLUTION,ORDER_TRACKING_DELAY
th_97587,97587,137353,Bought an @115830 gift card for my mum. Before she redeemed it the code was used by another. @AmazonHelp will not do anything about it.  #badservice,97585,"@137353 Hi, sorry to hear about this. When you contacted us, what were you advised? Did you purchase the gift card from a local sotre or direct from us? ^JC.",Thu Nov 30 16:12:33 +0000 2017,True,INFORMATIVE_RESOLUTION,OTHER_GENERAL
th_98575,98575,137572,"@AmazonHelp This is probably the 3rd time it's been left outside with no note, not sure if it's the same carrier. No I have no set safe place for orders",98574,"@137572 You can check which courier was used here: https://t.co/aaDyEz1VgE Setting up a Safe Space for deliveries may help prevent this in the future. Please, use the link ^SD provided to learn how. We'll be here if you need us! ^JE",Thu Nov 30 16:53:35 +0000 2017,True,INFORMATIVE_RESOLUTION,ORDER_TRACKING_DELAY
th_98581,98581,137574,"@AmazonHelp A person call me for pick up product for return, he reached home but due to non availability of box he told with to check with company...but he neither revert not come back.... Wat is happening?",98583,"@137574 It is fine, if the originally shipped packing is not available. However, item needs to be returned with the manufacturer packing. ^KA",Fri Dec 01 08:53:52 +0000 2017,True,INFORMATIVE_RESOLUTION,REFUND_RETURN_INQUIRY
th_98584,98584,137574,@AmazonHelp So what is next... I am not accepting fake product,98585,"@137574 We understand your concern regarding your order, Anuj. Apologies for the hassle, kindly connect with our support team here: https://t.co/rS49hgaADF and we'll assist you further. ^VH",Fri Dec 01 09:50:48 +0000 2017,True,INFORMATIVE_RESOLUTION,OTHER_GENERAL
th_98586,98586,137574,@AmazonHelp Useless show Amazon... Again no body ce to pick up stuff for returnWorst respond to customer..... GUYS PLS STOP BUYING Stuff FROM AMAZON.@118342  TO HELL WITH FDI... AND RESTRICT THEIR Working PLS,98588,"@137574 I'm sorry about the pending return pick up, write to us here: https://t.co/GIJyeYqKE0 &amp; we'll take necessary actions to make things right. ^MJ",Sat Dec 02 18:17:29 +0000 2017,True,INFORMATIVE_RESOLUTION,OTHER_GENERAL
th_98590,98590,137574,@AmazonHelp U r making kidding with me.... M regularly doing wat u saying....pls let me know about refund...as u guys misusing name of @15863 by selling fake peoduct,98591,"@137574 I'm sorry to see you upset with our support, a correspondence will be sent to your registered email account in 12 hours post filling the form via secured link shared above. Kindly check for the resolution provided if you have shared your details. ^MJ",Sun Dec 03 17:43:03 +0000 2017,True,INFORMATIVE_RESOLUTION,REFUND_RETURN_INQUIRY
th_98609,98609,137581,@AmazonHelp Just opened it and I don't see anything that would appear to be due to the damage there. I see some marks but seems from manufacturing which isn't a big deal.,98608,"@137581 Thanks for keeping us in the loop, Justin! We're always striving to improve our customers' experiences and feedback like yours is appreciated. To send us feedback on packaging, please check here: https://t.co/OsZuT6ZVBC. Let us know if you have further concerns. ^TG",Thu Nov 30 16:48:31 +0000 2017,True,INFORMATIVE_RESOLUTION,OTHER_GENERAL
th_98613,98613,137582,Hey @amazonHelp I'm  looking at Element 43-Inch 4K Ultra HD Smart LED TV and it says out of stock we don't know when or if this item will be back any word on time frame for its return?,98612,@137582 Hi Robin. We don't have a specific time frame on when or if we will have this item back in stock. Please keep a look out for any further updates on the website. ^HC,Thu Nov 30 16:53:04 +0000 2017,True,INFORMATIVE_RESOLUTION,REFUND_RETURN_INQUIRY
th_98616,98616,132138,.@AmazonHelp 2nd part order I had to collect from post office. This was packaged but packaging split open and ended up in post office bag. Really fed up with your service. Know you are busy but I will really think twice before ordering from you again. Photos taken at post office https://t.co/tIPfl7jgmG,98614,"@132138 Thank you for contacting us, Olive! I am so sorry for the poor packaging. Were any of your items destroyed or damaged? ^SC",Thu Nov 30 16:36:43 +0000 2017,True,INFORMATIVE_RESOLUTION,ORDER_TRACKING_DELAY
th_98626,98626,137586,"this was a birthday present for my son who's birthday is this weekend.  I don't appreciate having the phone put down on me, it is highly rude and if your staff can't deal with complaints i suggest they find another job @115830 @AmazonHelp",98625,"@137586 I'm sorry about this Chloe. Please be sure to send the feedback survey  you should have received after the call. If you haven't received the order by the 2nd, please contact us so that we can help with the refund.^PJ",Thu Nov 30 16:38:00 +0000 2017,True,INFORMATIVE_RESOLUTION,OTHER_GENERAL
th_98629,98629,137587,@AmazonHelp I’ve had several CSRs refer me to this page. It does not address my concern.,98628,"@137587 We don't have account access here, but have you tried to contact us here: https://t.co/Q7Ftz6nj80 for real-time assistance on this? Keep us posted, we want to make sure this has been looked into! ^FR",Thu Nov 30 16:46:34 +0000 2017,True,INFORMATIVE_RESOLUTION,OTHER_GENERAL
th_98633,98633,137588,@AmazonHelp Done. I hope this will finally be corrected. We've been complaining about this for months &amp; have been ignored. This delivery method is HORRIBLE. You are putting your business in the hands of people who are ruining your reputation with their awful service. #amazonlogistics,98635,"@137588 We don't like letting you down, and hope that you give us another chance to make it up to you in the future! Please keep us posted once we've responded! ^FR",Thu Nov 30 17:06:48 +0000 2017,True,INFORMATIVE_RESOLUTION,ORDER_TRACKING_DELAY
th_98641,98641,137590,"@AmazonHelp When I click this link it doesn't bring me anywhere,remains on this page",98640,"@137590 Please use SM's link, sign into your account and copy/paste the link SK provided. Please let us know in detail what happened, so we can have a look into the matter. ^LN",Thu Nov 30 16:18:02 +0000 2017,True,INFORMATIVE_RESOLUTION,OTHER_GENERAL
th_98646,98646,137590,@AmazonHelp I have exchanged many emails with them but they refuse to honour what they state in earlier email replies,98645,@137590 We - the amazon.de social media team - will have a look into this for you. Please contact us via: https://t.co/cUDnC8mjd7 Greetings ^SM,Wed Nov 29 13:37:12 +0000 2017,True,INFORMATIVE_RESOLUTION,OTHER_GENERAL
th_98650,98650,137591,@AmazonHelp I've looked everywhere and checked with my neighbours and the parcel is not there. I would imagine someone has taken it as it was left in plain sight.,98649,"@137591 Have you contacted us via the link ^SM provided? If so, what were you advised? Let us know! ^MW",Thu Nov 30 16:47:14 +0000 2017,True,INFORMATIVE_RESOLUTION,ORDER_TRACKING_DELAY
th_98667,98667,137596,"Yo, @AmazonHelp, I just want to know where it’s at… https://t.co/6PY6gcYqn0",98665,"@137596 Sorry to hear that, Jake. Please keep an eye on your tracking: https://t.co/Y5jpI9gRhE and emails for any further updates.^TI",Thu Nov 30 16:40:17 +0000 2017,True,INFORMATIVE_RESOLUTION,OTHER_GENERAL
th_98672,98672,137597,"@AmazonHelp So if I need something in a hurry, the one day shipping from Amazon means jack shit? https://t.co/skUMcAqqKp",98670,@137597 I'm so sorry that your order has been delayed. What was the original delivery date given in your order confirmation email? ^SP,Thu Nov 30 16:45:51 +0000 2017,True,INFORMATIVE_RESOLUTION,OTHER_GENERAL
th_98680,98680,137599,"@AmazonHelp Yep, https://t.co/ziEVp241yz. My order is fine, but hers was cancelled. :/",98679,@137599 I'm sorry your girlfriend's order was canceled! Please contact us here so we can try to get this resolved for you both: https://t.co/hApLpMlfHN We look forward to hearing from you! ^VR,Thu Nov 30 16:19:05 +0000 2017,True,INFORMATIVE_RESOLUTION,ORDER_TRACKING_DELAY
th_98687,98687,137601,@AmazonHelp Called in because order was SUPPOSED to be delivered today and I rearranged my schedule to be here.  Was told to read my email and that what was on the website was only SORT OF a promise until after an email was sent.  The same agent told me I could cancel my order or my prime!,98689,@137601 Oh my goodness! I'm sorry about this happening. We certainly want to assist you with this. Did you receive any e-mail regarding your delivery?  ^GP,Thu Nov 30 16:52:04 +0000 2017,True,INFORMATIVE_RESOLUTION,PRIME_MEMBERSHIP_BILLING
th_98691,98691,137601,@AmazonHelp what @115821 PRIME IS SUPPOSED TO DO NOR IS IT WHAT I PAID FOR!  I am meticulous about my order and shipping dates!,98692,@137601 What is the tracking status for the delivery? Packages can be delivered until 8Pm. ^DD,Thu Nov 30 17:08:57 +0000 2017,True,INFORMATIVE_RESOLUTION,PRIME_MEMBERSHIP_BILLING
th_98693,98693,137601,@AmazonHelp I am uncomfortable giving out that info in a public forum - feel free to PM me.,98694,"@137601 I understand. We are unable to start a PM, however, you can use the link below to reach out to us. ^AL https://t.co/1XyLaGkcaN",Thu Nov 30 17:35:51 +0000 2017,True,INFORMATIVE_RESOLUTION,OTHER_GENERAL
th_98697,98697,137602,"@AmazonHelp At this point, I need to go to the mall &amp; purchase the gifts I tried to order 2x. Your company has already refunded my prime since they haven't figured out what to do. I'm sorry but I've raised this issue with you already. Check my previous post. And I'm not the only customer.",98699,"@137602 I'd like a specialist to look into this with you, Gigi. When you have a moment, drop your details here: https://t.co/dX84huFCDX. We'll follow up shortly after. ^BL",Thu Nov 30 19:25:43 +0000 2017,True,INFORMATIVE_RESOLUTION,PRIME_MEMBERSHIP_BILLING
th_98708,98708,137606,@AmazonHelp I rcv a call but ivr lady says that they can't find details of my order and finishes the call on her own. That's been the case for the last 10-15 attempts. I have tried different ivr options but not able to get thru in any way. Plz help!,98707,"@137606 That's strange; please drop your details here: https://t.co/GIJyeYqKE0. As soon as we receive them, we'll work on this and reach out to you accordingly. ^VN",Wed Nov 29 17:25:58 +0000 2017,True,INFORMATIVE_RESOLUTION,ORDER_TRACKING_DELAY
th_98793,98793,137623,@AmazonHelp what the hell???How many time I ll reply on that mail?R u gone mad? Or making me?Doing #fraud along with fraud srv providrs.,98794,"@137623 I understand it's taking longer than expected to resolve your concern. However, I request you to communicate with us by replying to the email sent by our team as we'll not be able to access your account over social platform. Appreciate your understanding. ^SD",Sat Dec 02 01:57:04 +0000 2017,True,INFORMATIVE_RESOLUTION,ESCALATION_HIGH_RISK
th_98791,98791,137623,@AmazonHelp what mail?Not received my parsal yet. check status. Its deliveredinvestigating??U r doing really biggest fraud.#fraud_amazon,98789,@137623 We're following up on this issue. Please allow us some time and we'll get back to you. ^KA,Thu Nov 23 16:32:49 +0000 2017,True,INFORMATIVE_RESOLUTION,ESCALATION_HIGH_RISK
th_98796,98796,137623,@AmazonHelp what the hell is happening?Same story happening after complaining 100 times. Delivery agent asking to collect from 15km away.,98795,@137623 That's strange. Let us investigate this further and help assist. Kindly write back to the email sent by our team and we'll reach out to you soon. ^VM,Thu Nov 23 02:25:47 +0000 2017,True,INFORMATIVE_RESOLUTION,ORDER_TRACKING_DELAY
th_98800,98800,137623,"@AmazonHelp I shared details 100 times, could u plz check details. U doing all this, and making such excuses bcoz u r #fraud.Call in 5 min",98799,"@137623 We've received your details and we are working on it. We try to reply as early as possible. However, you would receive the reply within 6-12 hours once you've shared the details in the link. Request your understanding in this regard. ^GK",Sun Nov 19 12:53:17 +0000 2017,True,INFORMATIVE_RESOLUTION,ESCALATION_HIGH_RISK
th_98803,98803,137623,@AmazonHelp Hv u taken any action on my previous complains. 20-30 times I complained by calling customer care. No result. #fraud Amazon,98801,"@137623 I get your disappointment. However, Twitter being a social platform, we do not have access to your account. In case, you haven't received any correspondence from us, request you to share the details via the provided earlier and we'll look into this. ^MO",Sun Nov 19 12:35:42 +0000 2017,True,INFORMATIVE_RESOLUTION,ESCALATION_HIGH_RISK
th_98807,98807,137623,"@AmazonHelp I didn't receives any mail,Call me now.",98804,"@137623 We wouldn't have an option to arrange a call via Twitter. If you've shared your details in the link provided by us, you should have received an email from our team. (1/2) ^KA",Sun Nov 19 12:10:06 +0000 2017,True,INFORMATIVE_RESOLUTION,OTHER_GENERAL
th_98810,98810,137623,"@AmazonHelp already filled last time when I twitted. You can check with twitter id , U will find a filled form.  And call me on given number",98809,"@137623 If you've shared the details, then you would've received a correspondence from us to your registered email address. Kindly check and reply to our email requesting a call back with your preferred time and we'll do the needful. ^MO",Sun Nov 19 11:35:22 +0000 2017,True,INFORMATIVE_RESOLUTION,OTHER_GENERAL
th_98812,98812,137623,"@AmazonHelp @115850 @115851 doing fraud.Sending currior with same agent &amp; its delayd always.When call,Promise of action but no action.",98811,@137623 Sorry for such experience. We'd like to look into the issue and help you.  Please fill this form: https://t.co/beaaDm0muc and we’ll contact you soon. ^RI,Sun Nov 19 10:50:50 +0000 2017,True,INFORMATIVE_RESOLUTION,ESCALATION_HIGH_RISK
th_99778,99778,137845,@AmazonHelp your silence is deafening.,99779,"@137845 I'm sorry for the poor experience with your return! We're unable to access your account on Twitter, however, we're available to assist the best we can. Let us know if we can be of further help. ^SJ",Thu Nov 30 23:18:21 +0000 2017,True,INFORMATIVE_RESOLUTION,OTHER_GENERAL
th_99780,99780,137845,"@AmazonHelp I've called support over the last 3-4 days. Every call, I'm instructing them what to do. This still is not resolved. I'm spreading the word...",99781,@137845 What is the issue preventing the return from being properly created?  ^FJ,Fri Dec 01 00:47:59 +0000 2017,True,INFORMATIVE_RESOLUTION,OTHER_GENERAL
th_99782,99782,137845,"@AmazonHelp No one knows how to order a return prepaid UPS label, no one knows it is a return of a replacement item, there is a language/accent barrier.",99783,"@137845 I understand you've had to contact us repeatedly to have this addressed, and I'm sorry for the frustration this has caused. I'd like a member of our team to make sure the appropriate action is taken. Please provide us with your details here: https://t.co/0N318fw45P ^NS",Fri Dec 01 01:27:44 +0000 2017,True,INFORMATIVE_RESOLUTION,REFUND_RETURN_INQUIRY
th_99777,99777,137845,"@AmazonHelp you guys literally have no idea how to process a return. Every time I call, it's like I'm teaching a new lesson to a new person. ????",99775,@137845 Sorry to hear that Bret. Can I ask if you've been able to succesfully arrange your return?^TI,Thu Nov 30 17:15:40 +0000 2017,True,INFORMATIVE_RESOLUTION,REFUND_RETURN_INQUIRY
th_99786,99786,137846,"@AmazonHelp Unfortunately I didn’t get the carriers name but my intention is to let you guys know so that an improvement can be made. BTW this happened in the area of Arbutus, MD",99788,"@137846 We'd like to get this looked into, Marc! Please reach us by phone or chat so we can get carrier feedback from you here: https://t.co/hApLpMlfHN. Thanks in advance! ^KJ",Thu Nov 30 18:00:05 +0000 2017,True,INFORMATIVE_RESOLUTION,OTHER_GENERAL
th_99787,99787,137846,"@AmazonHelp Shoutout to one of your deliverers for delivering a package to my house that isn’t mine and told my mom to keep it and left. Ps, the destination for the package is RIGHT ACROSS THE STREET.",99785,@137846 I'm so sorry for the difficulty! Do you happen to know who the carrier was for this item? We're here to help. ^MH,Thu Nov 30 17:20:04 +0000 2017,True,INFORMATIVE_RESOLUTION,ORDER_TRACKING_DELAY
th_99791,99791,137847,@AmazonHelp @AmazonHelp your team doing totally farud with us we are seller if our account was suspend then why your team not giving any support or guide us. You charging a big amount commission and also doing farud,99793,@137847 I understand that you're concerned regarding your seller account on Amazon. Could you please confirm if you've contacted our seller support team using the link provided earlier. ^MP,Thu Nov 30 19:59:39 +0000 2017,True,INFORMATIVE_RESOLUTION,OTHER_GENERAL
th_99806,99806,137099,@AmazonHelp Still awaiting for a resolution..,99807,"@137099 I'm afraid that we haven't received the mail yet. I request you to kindly fill in the details once again through the link provided to you earlier so that we can work on this right away, without any further delay. ^SC",Fri Dec 01 09:14:29 +0000 2017,True,INFORMATIVE_RESOLUTION,OTHER_GENERAL
th_99808,99808,137099,@AmazonHelp @115851 Are you guys kidding me?? I have been following up continuously but not getting the solution.. https://t.co/igceoeyjvK,99809,"@137099 Allow us to check this close and assist. Please share the required details, here: https://t.co/GIJyeYqKE0 and we'll get back with an update. ^YP",Fri Dec 01 09:50:04 +0000 2017,True,INFORMATIVE_RESOLUTION,OTHER_GENERAL
th_99827,99827,137857,@AmazonHelp @115850 @115821 I want to know the return/refund time duration?,99826,@137857 I understand you want to know regarding the return/refund policy. You can have a look at our return policy here: https://t.co/mmPUzI7uQS. ^KH,Thu Nov 30 16:55:17 +0000 2017,True,INFORMATIVE_RESOLUTION,REFUND_RETURN_INQUIRY
th_99840,99840,137852,@AmazonHelp I have already done this. But it is worthless. I don't want my refund in Amazon pay. I want the same Brand product to be delivered which i ordered. I'll return the delivered item after getting the correct one.,99842,"@137852 I understand your concern regarding the incorrect item you've received. We'd like to check this and assist you better. Write to us here: https://t.co/beaaDm0muc, we'll look into it and get in touch with you soon. ^MO",Fri Dec 01 00:57:26 +0000 2017,True,INFORMATIVE_RESOLUTION,REFUND_RETURN_INQUIRY
th_99848,99848,137861,"@AmazonHelp It said delivered but I haven't gotten it,",99850,"@137861 Oh no! I'm so sorry your package did not arrive! Check out the following Help page for more insight on packages scanned as delivered, https://t.co/cRngkypMPA.^AV",Thu Nov 30 17:26:43 +0000 2017,True,INFORMATIVE_RESOLUTION,ORDER_TRACKING_DELAY
th_99861,99861,137867,"@AmazonHelp The original date was 11/27 (I ordered on Sunday), then it became 11/28, and now it's ""we hope you get it by Saturday"" https://t.co/EFcSYCi42m",99863,"@137867 Have you tried reaching out to the carrier? If so, what options or insight was provided? ^MH",Thu Nov 30 17:23:22 +0000 2017,True,INFORMATIVE_RESOLUTION,OTHER_GENERAL
th_99866,99866,137868,@AmazonHelp No. i am unable to report this. i was just waitiing of respose in this matter .please follow my matter and solve as earlier as possible,99868,"@137868 If you haven't reported the issue to our support team yet, please report it so that they'll look into this for you and will help you out. And If you're facing any issue while contacting us, let us know so that we can help you out. Please keep us posted. ^NK",Sun Dec 03 11:30:03 +0000 2017,True,INFORMATIVE_RESOLUTION,OTHER_GENERAL
th_99870,99870,137869,@AmazonHelp We call the coustmer care more than 10 time but that not solve my problem so be choice that option,99872,@137869 Please share your details using the link given earlier. We will check and connect with you accordingly. ^RW,Fri Dec 01 04:08:19 +0000 2017,True,INFORMATIVE_RESOLUTION,OTHER_GENERAL
th_99873,99873,137869,@AmazonHelp Ok what ur not send me a link.....?,99874,@137869 We wouldn't be able to access your Amazon account details on Twitter. In order to help you to the fullest. Kindly share your details here: https://t.co/beaaDm0muc and we'll get it checked. ^SY,Fri Dec 01 07:18:56 +0000 2017,True,INFORMATIVE_RESOLUTION,OTHER_GENERAL
th_99890,99890,137873,@AmazonHelp Still don't understand why my sister got hers and I haven't? ? https://t.co/xPGvSSUNYq,99892,@137873 I can understand your frustration. Contact us here and we can look into this with you.  https://t.co/JzP7hlA23B ^DJ,Thu Nov 30 17:22:22 +0000 2017,True,INFORMATIVE_RESOLUTION,OTHER_GENERAL
th_99894,99894,137874,"@AmazonHelp I just checked and it said my order might be lost, there was a button that said get a refund, i pressed it and they sent me this!😠 https://t.co/lAgTGOsHUO",99893,@137874 Please use the link provided to get details over to us so our team can look into this with you. We want to help! ^MT,Thu Nov 30 17:14:12 +0000 2017,True,INFORMATIVE_RESOLUTION,REFUND_RETURN_INQUIRY
th_99898,99898,137874,@AmazonHelp I private messaged you! And still no reply!,99895,"@137874 I see you have two issues, One is a delayed package. What is the tracking currently showing on that package? The other issue is a refund request on some broken makeup. Has that been resolved? ^DJ",Thu Nov 30 16:57:04 +0000 2017,True,INFORMATIVE_RESOLUTION,OTHER_GENERAL
th_99919,99919,137879,"@AmazonHelp What do I do when an open, empty envelope from Amazon was delivered by UPS?",99918,@137879 Oh no! I'm so sorry to hear this has happened! Please reach out to us here: https://t.co/hApLpMlfHN so we may further assist. ^RO,Thu Nov 30 17:10:17 +0000 2017,True,INFORMATIVE_RESOLUTION,ORDER_TRACKING_DELAY
th_99935,99935,133570,@AmazonHelp When will we get the result of oneplus5TAppquiz,99934,@133570 Winners One Plus 5t app quiz conducted on 28th November 2017will be declared by 20th December. Kindly wait till the same. ^VN,Thu Nov 30 16:44:21 +0000 2017,True,INFORMATIVE_RESOLUTION,OTHER_GENERAL
th_99939,99939,137883,@AmazonHelp Yes. And no. The order page says 30th November - 4th December / the actual order when I click it says still today by 8pm. I’m confused and annoyed.,99941,"@137883 I'm so sorry your order was delayed, Brett! While delays aren't common, they can occur due to unforeseen circumstances. If you could give us another chance, we'd like to take another look into this and available options directly with you. https://t.co/JzP7hlA23B ^TH",Thu Nov 30 17:15:29 +0000 2017,True,INFORMATIVE_RESOLUTION,ORDER_TRACKING_DELAY
th_99942,99942,137883,@AmazonHelp Your call centre staff were really unhelpful. One even hung up on me. I just have to wait for my item but I’m not happy at all.,99943,@137883 I'm sorry for the upsetting experience. Please make sure to fill out the survey sent after the call. This will go directly to their leadership for review. ^VS,Thu Nov 30 17:43:43 +0000 2017,True,INFORMATIVE_RESOLUTION,OTHER_GENERAL
th_99940,99940,137883,@AmazonHelp Yes I did. And no you weren’t. The telephone service was appealing. The first agent hung up and the second wasn’t able to give me any date at all. Really not good.,99938,"@137883 Has your item been dispatched? If so, are there any tracking details listed here: https://t.co/aaDyEz1VgE? Does this link provide you with an updated delivery date? ^RA",Thu Nov 30 17:08:31 +0000 2017,True,INFORMATIVE_RESOLUTION,OTHER_GENERAL
th_99896,99896,137874,@AmazonHelp And the other issue has not been resolved,99946,@137874 Let's have a specialist look into both issues for you. Please click here: https://t.co/uc0IU76mXS so we can further assist. ^NM,Thu Nov 30 17:07:18 +0000 2017,True,INFORMATIVE_RESOLUTION,OTHER_GENERAL
th_99950,99950,137885,@AmazonHelp ..my first parcel was delivered to the wrong address so you were sending another one out today! Said it's deliverd to my address again but still received nothing? This is very poor service! Are your delivery drivers so stupid they can't put in the right postcode?,99949,@137885 Greetings and Salutation Ryan! We are terribly sorry that you are having issues locating your package. We'd love to assist! Could you please let us know if you've tried these trouble shooting tips to locate it? https://t.co/bT4PuQ7Ovq We're here to help! ^JD,Thu Nov 30 16:55:18 +0000 2017,True,INFORMATIVE_RESOLUTION,ORDER_TRACKING_DELAY
th_99956,99956,137888,"@AmazonHelp It is your own carrier. So if that is possible I will gladly put a stop using your own carrier to deliver my packages and deal with UPS, FedEx or USPS.",99958,@137888 I understand. What's the most recent tracking update for your order? That can be found here: https://t.co/Y5jpI9gRhE. It'll also help us to know the delivery date provided in your confirmation e-mail. Looking forward to hearing from you! ^BL,Thu Nov 30 18:57:16 +0000 2017,True,INFORMATIVE_RESOLUTION,ORDER_TRACKING_DELAY
th_99959,99959,137888,@AmazonHelp It was suppose to be delivered yesterday and the amazon rep told me they will try again today. Now they are telling me they don't know when? Why have Prime then?,99960,"@137888 I'd like to have a specialist take a look into this for you. When you have the chance, kindly leave us some detailed information here: https://t.co/WtrlHRdcEM ^TH",Thu Nov 30 19:12:04 +0000 2017,True,INFORMATIVE_RESOLUTION,PRIME_MEMBERSHIP_BILLING
th_99963,99963,137889,"@AmazonHelp just received what I believe to be a bogus email, do you want these forwarded to a fraud dept so they can get shut down? #fraud https://t.co/WoqyooPc03",99961,"@137889 Hey Michele, you can check your Message Center for genuine emails from us: https://t.co/KoRc9p4X9S If not there, you can report here: https://t.co/6P5c8qGcQQ ^TI",Thu Nov 30 16:45:49 +0000 2017,True,INFORMATIVE_RESOLUTION,ESCALATION_HIGH_RISK
th_99971,99971,137893,@AmazonHelp Your executive gave me wrong information and gave false promise about delivery and after a day another executive said we will take action as whatever the previous executive said was false. And this happened 2nd time.,99973,"@137893 That's unusual. Apologies for the trouble, kindly fill in your details here: https://t.co/beaaDm0muc and we'll get back to you at the earliest. ^MN",Thu Nov 30 17:09:48 +0000 2017,True,INFORMATIVE_RESOLUTION,ORDER_TRACKING_DELAY
th_99972,99972,137893,"I am done trusting @115850 Customer Service Executives. 1st they give wrong information along with false promises, other come and cover up by saying sorry. @AmazonHelp",99970,@137893 Apologies for the trouble. Could you please let us know what went wrong? We'd like to look into it for you. ^RB,Thu Nov 30 16:35:37 +0000 2017,True,INFORMATIVE_RESOLUTION,OTHER_GENERAL
th_99975,99975,137894,@AmazonHelp Just seen my parcels at local PassMyParcel but no email to me saying collect. So I can't have them! Saying still in transit until 4 Dec. What should I do?,99974,@137894 Thank you for contacting us. We are here to help! What is the most accurate delivery date provided in the confirmation email? You can find that information here: https://t.co/aaDyEz1VgE ^SC,Thu Nov 30 17:01:51 +0000 2017,True,INFORMATIVE_RESOLUTION,OTHER_GENERAL
th_99981,99981,137896,"@AmazonHelp Yeah but it was available to ship immediately, and your two day shipping has been 3 days for like everything I order now for a while now.",99980,"@137896 I'm sorry your orders are arriving later than expected, Dan! Are your orders missing the original estimated delivery date provided in your order confirmation e-mail? You can also check for that information here: https://t.co/Y5jpI9gRhE ^TH",Thu Nov 30 16:51:26 +0000 2017,True,INFORMATIVE_RESOLUTION,ORDER_TRACKING_DELAY
th_99986,99986,137897,"@AmazonHelp Hello, I'm unable to log into an account I probably haven't used in 3 years, but need to access. I've even reset the password twice but it's still not letting me in. Can you offer any support?",99984,@137897 I'm sorry for any aggravation! You can reach out to us by phone and e-mail here: https://t.co/jzvkhdlrK5,Thu Nov 30 16:43:12 +0000 2017,True,INFORMATIVE_RESOLUTION,ACCOUNT_LOGIN_SECURITY
th_101204,101204,138149,"@AmazonHelp Yeah, I just tried calling and it wasn't very helpful. You know I already tried the livechat as per screenshots and that wasn't helpful either.",101202,@138149 I'm sorry to hear of the frustrations this order has caused Sofya.  Our team would like to research this further.  As we don't have access to account information via Twitter could you reach out to us with a few details here: https://t.co/tcho0eY0hD? ^AZ,Tue Nov 28 17:20:49 +0000 2017,True,INFORMATIVE_RESOLUTION,OTHER_GENERAL
th_101206,101206,138149,"@AmazonHelp I'm honestly not sure. I wasn't necessarily expecting it the same day, but I did think it would arrive the same week, or at the very least the same month!",101205,@138149 We'd like to look into your order with you. Please reach out to us via phone or chat here: https://t.co/hApLpMlfHN. We're here to help! ^AX,Tue Nov 28 12:31:17 +0000 2017,True,INFORMATIVE_RESOLUTION,OTHER_GENERAL
th_101208,101208,138149,"@AmazonHelp It was indeed a pre-order made nearly three months before release. Here is the response I got, asking me to wait until after Christmas, which is never acceptable https://t.co/c2fdgVMVy5",101207,"@138149 I'm so sorry! I'd like to dig into this with you. When you placed the order, was it eligible for release-date delivery? You can find more information about our release-day delivery by visiting us here: https://t.co/01tLDi18mW ^TK",Tue Nov 28 12:12:52 +0000 2017,True,INFORMATIVE_RESOLUTION,ORDER_TRACKING_DELAY
th_101210,101210,138149,@AmazonHelp I just thought the lack of date provided was due to being in advance https://t.co/Eix7WudNak,101209,@138149 I can see this was a pre-order. What is the current status of your order and is there any estimate for availability? ^BD,Tue Nov 28 11:03:55 +0000 2017,True,INFORMATIVE_RESOLUTION,OTHER_GENERAL
th_101223,101223,138150,@AmazonHelp I have no any special degree I have business idia only then pleaseHelp how to join for only business idea.,101225,"@138150 If you have a business proposal, kindly contact us here: https://t.co/rS49hgaADF  and share your idea, we'll put it through to the right team. ^VH",Thu Nov 30 17:05:58 +0000 2017,True,INFORMATIVE_RESOLUTION,OTHER_GENERAL
th_101676,101676,138275,@AmazonHelp Hi tried what you said and it's still not working.,101677,"@138275 Sorry for any inconvenience caused! With Twitter, we're unable to access your account information. Please, allow us to troubleshoot in real time via phone or chat here: https://t.co/JzP7hlA23B ^JE",Thu Nov 30 18:28:07 +0000 2017,True,INFORMATIVE_RESOLUTION,OTHER_GENERAL
th_101678,101678,138275,"@AmazonHelp Thank you for your help. Have done exactly what you said and am no further on. Been told to order the items, then email cust services and they might issue refund. Offer ends 30th and i will get a  reply in 24 hours. Very poor telephone cust service and I'm not placing an order",101679,"@138275 I'm so sorry about this frustrating experience! You were actually told you ""might"" get a refund after you placed the order? I wouldn't place the order either! Please provide your details &amp; we'll reach out to work on a resolution together: https://t.co/jtHSKEtc0y ^SP",Thu Nov 30 18:59:04 +0000 2017,True,INFORMATIVE_RESOLUTION,REFUND_RETURN_INQUIRY
th_101680,101680,138275,@AmazonHelp Sent my email address by private message thank you,101681,"@138275 Debbie, I'm sorry, but we aren't able to view accounts from Twitter. If you wouldn't mind, please click on the link that SP provided and give us your details there. Thanks! ^VF",Thu Nov 30 19:11:22 +0000 2017,True,INFORMATIVE_RESOLUTION,OTHER_GENERAL
th_101674,101674,138275,@AmazonHelp trying to place an order via pantry and use code PANTRY10 as its my first order. I tried speaking to someone last night but they cut me off? Any advice? Thanks,101672,"@138275 Thank you for contacting us. We are here to help!  Just to clarify, which Amazon site are you using? https://t.co/Pw2smIHz5h or any others? ^SC",Thu Nov 30 17:38:50 +0000 2017,True,INFORMATIVE_RESOLUTION,ORDER_TRACKING_DELAY
th_101691,101691,138276,"@AmazonHelp @119356 @138277 Amazon continues to cheat and lie. After numerous calls to customer service regarding my order number 406-4568236-5261953 worth INR4720, I've been issued latest ticket no.0132205331 (spoke 2 executive named Shashwat, who's the 6th person I've spoken 2 abt it)",101690,"@138276 Apologies for the trail. Please share your details here https://t.co/GIJyeYqKE0, we would assist you accordingly.Please don't provide your order details, as we consider it to be personal information. Our Twitter page is public.​ ^MD",Thu Nov 30 16:41:41 +0000 2017,True,INFORMATIVE_RESOLUTION,ORDER_TRACKING_DELAY
th_101694,101694,138276,@AmazonHelp Spoke to one of your customer service executives again today and have been promised resolution of this issue within 3 days. Let's see if you follow through this time.,101693,@138276 I appreciate your patience and understanding. I'm positive that the issue would be resolved in the mentioned time frame. ^SC,Fri Nov 24 04:52:42 +0000 2017,True,INFORMATIVE_RESOLUTION,OTHER_GENERAL
th_101700,101700,138279,@AmazonHelp getting a replacement for sunday🙋🏻‍♂️,101699,"@138279 Glad to hear it, Will! Enjoy your TV.^TI",Thu Nov 30 17:36:20 +0000 2017,True,INFORMATIVE_RESOLUTION,OTHER_GENERAL
th_101738,101738,138285,@AmazonHelp I did not. Last emails say expected today. I'm only bummed because the tools that *are* arriving today don't come with batteries. The batteries look to be arriving tomorrow. I'm excited to play with my new toys! 😁,101740,"@138285 Aw, I'm sorry, I'm sure you're excited! Let us know if you have any further issues with your deliveries! ^VF",Thu Nov 30 17:42:47 +0000 2017,True,INFORMATIVE_RESOLUTION,OTHER_GENERAL
th_101743,101743,138286,@AmazonHelp I bought an item last week and now it’s selling half price. I want to return and reorder or do you just want to refund me the difference?!,101741,"@138286 Thanks for reaching out! Currently, we don't offer post-purchase price matching. ^GS",Thu Nov 30 17:33:23 +0000 2017,True,INFORMATIVE_RESOLUTION,REFUND_RETURN_INQUIRY
th_101755,101755,138290,"@AmazonHelp I used some tactics and got it out in the end, thanks for checking. I just need to bear in mind for future!",101757,"@138290 Hey Natalie, I am glad you were able to get your parcel in the end! ^HS",Thu Nov 30 17:42:47 +0000 2017,True,INFORMATIVE_RESOLUTION,OTHER_GENERAL
th_101759,101759,138291,@AmazonHelp Not a great collection when compared to others. Couldn't find anything. That's y i asked for an update to the collection. Specially woolen sweaters.,101761,@138291 I've noted your comments Ashutosh and will be sure to forward this as a feedback internally. ^MP,Thu Nov 30 17:37:43 +0000 2017,True,INFORMATIVE_RESOLUTION,OTHER_GENERAL
th_101767,101767,138292,@AmazonHelp The issue is that it says that the package was delivered and left on my doorstep but they didn't knock on the door or anything like that so I never received the 2nd part of my package.,101769,"@138292 I'm sorry you haven't received your package, Justin! Have you tried these tips for locating missing packages scanned as delivered: https://t.co/ceBxNMjsQe ? ^TH",Thu Nov 30 18:09:38 +0000 2017,True,INFORMATIVE_RESOLUTION,ORDER_TRACKING_DELAY
th_101771,101771,138292,"@AmazonHelp I just wanted to update you guys, it looks as though the person whoever delivered my package delivered it to the wrong house and they gave me the package this morning.",101772,@138292 Thank you for keeping us updated! I'm sorry about the package being delivered to the wrong person. But we are glad that you did receive your package! ^GP,Fri Dec 01 17:32:54 +0000 2017,True,INFORMATIVE_RESOLUTION,ORDER_TRACKING_DELAY
th_101768,101768,138292,@AmazonHelp who do I contact in regards to not receiving a package?,101765,"@138292 Hello, Justin! I'm sorry for the situation with your package. Who is the carrier? Please check here:  https://t.co/Y5jpI9gRhE ^MW",Thu Nov 30 17:29:08 +0000 2017,True,INFORMATIVE_RESOLUTION,ORDER_TRACKING_DELAY
th_101777,101777,138294,@AmazonHelp can you explain why parcels aren't sent in plain packaging around the Christmas period?! Thanks for ruining the surprise! #amazonruinschristmas,101776,"@138294 Hi Khela, you have an option to gift wrap your parcel to prevent this. Please see more info here: https://t.co/Emz2BKMsdF. ^HS",Thu Nov 30 17:22:53 +0000 2017,True,INFORMATIVE_RESOLUTION,OTHER_GENERAL
th_101790,101790,138296,@AmazonHelp They shipped yesterday (Wednesday) and won’t be here until Monday. I think our ideas of two day shipping is a bit different.,101792,@138296 What was the delivery date in your order confirmation e-mail? ^AJ,Fri Dec 01 02:15:35 +0000 2017,True,INFORMATIVE_RESOLUTION,ORDER_TRACKING_DELAY
th_101800,101800,138299,Shout out to Ashish and Shruti from @AmazonHelp online chat support resolving two  order issues (one my fault) in less than a minute! Thank you!,101798,"@138299 Glad to hear that, Kristopher! Did you receive a feedback survey at the end of your chat? ^TI",Thu Nov 30 17:21:06 +0000 2017,True,INFORMATIVE_RESOLUTION,ORDER_TRACKING_DELAY
th_101806,101806,137086,@AmazonHelp Have been listening to this from past one week. Issue not resolved. #fedup #angry #moneystolen #needmoneyback,101807,@137086 I get your disappointment. Please be informed that our team is working on the issue and will get it resolved at the earliest.  Appreciate your patience while we are working on this. ^GD,Thu Nov 30 19:32:04 +0000 2017,True,INFORMATIVE_RESOLUTION,OTHER_GENERAL
th_101809,101809,138301,@AmazonHelp Ordered on Tuesday evening for guaranteed Thursday delivery. Now delayed until 4 Dec at latest apparently.,101811,"@138301 Richard, thank you for trying out our Prime membership. Did you receive a reason for the delayed ship date? You can confirm here: https://t.co/Y5jpI9gRhE. If not, please reach out to us here: https://t.co/hApLpMlfHN to discuss what options are available to you. ^SY",Fri Dec 01 06:30:52 +0000 2017,True,INFORMATIVE_RESOLUTION,ORDER_TRACKING_DELAY
th_101810,101810,138301,@AmazonHelp Had Prime trial a few weeks. Made 2 orders. Both delayed beyond GUARANTEED delivery date. Dont guarantee what you cant deliver.,101808,"@138301 Hi Richard, I am sorry to hear that without going into personal account info can you tell us more about this please? ^HS",Thu Nov 30 17:18:46 +0000 2017,True,INFORMATIVE_RESOLUTION,PRIME_MEMBERSHIP_BILLING
th_101818,101818,138304,"@AmazonHelp I'm in the UK, by the way...",101821,"@138304 If you review your order details and select the 'View Return Label' option, it will indicate the courier service selected for this return. You can view your order details via this link: https://t.co/aaDyEz1VgE ^WM",Thu Nov 30 18:11:39 +0000 2017,True,INFORMATIVE_RESOLUTION,OTHER_GENERAL
th_101822,101822,138304,@AmazonHelp This doesn't make sense. No courier is indicated and this doesn't answer my question!,101823,@138304 Please reach out to us here: https://t.co/JzP7hlA23B so we can look into this together. ^SC,Thu Nov 30 18:50:08 +0000 2017,True,INFORMATIVE_RESOLUTION,ORDER_TRACKING_DELAY
th_101820,101820,138304,@amazonhelp I'm returning at item. It's small - will fit through a post box. Do I have to take it to the post office for proof of postage?,101817,@138304 Thanks for reaching out to us today on social media! Were you able to follow the return instructions via our site and print the return label? Or was it by another method? Please let us know! We're here to help. ^TG,Thu Nov 30 17:12:57 +0000 2017,True,INFORMATIVE_RESOLUTION,REFUND_RETURN_INQUIRY
th_101825,101825,138305,"@AmazonHelp @AmazonHelp  a generic response isn’t helping here. I am not interested in all the new contents you keep adding, customers don’t intend to keep polling your site for new content. my interest is only on kannada content with lot of options.",101827,"@138305 I understand your concern regarding the content on prime video. As informed earlier, we'll continue to add new content. I'll be sure to forward your comments as feedback to the concerned team internally. ^MO",Thu Nov 30 17:49:59 +0000 2017,True,INFORMATIVE_RESOLUTION,OTHER_GENERAL
th_102883,102883,138631,@AmazonHelp They called be back twice with no caller id. They didn't legibly introduce who they were.,102887,@138631 I'm sorry for the frustration! Were you able to try any of these tips: https://t.co/FDP0zxHBm8? ^SJ,Thu Nov 30 18:22:07 +0000 2017,True,INFORMATIVE_RESOLUTION,OTHER_GENERAL
th_102885,102885,138631,@AmazonHelp He gave me the phone number: 818662161072 which is not a phone number,102889,@138631 I understand! Let's solve this! Please reach out to us via phone/chat here: https://t.co/hApLpMlfHN and we can give this another shot. ^TK,Thu Nov 30 18:15:09 +0000 2017,True,INFORMATIVE_RESOLUTION,OTHER_GENERAL
th_102890,102890,138631,"@AmazonHelp I will try this after work today, thank you so much. Was very frustrating trying to use the help number.",102891,@138631 Ok! Please keep us in the loop. ^JO,Thu Nov 30 19:28:25 +0000 2017,True,INFORMATIVE_RESOLUTION,OTHER_GENERAL
th_102892,102892,138631,"@AmazonHelp Thank you guys so much, the issue has been resolved. A replacement is being sent",102893,"@138631 Thanks for the update, glad we could get a replacement processed for you. I hope you enjoy the rest of your evening, take care! :D ^EZ",Thu Nov 30 23:54:16 +0000 2017,True,INFORMATIVE_RESOLUTION,OTHER_GENERAL
th_102899,102899,138633,@AmazonHelp Ohkkkk but i m waiting so plese do fast,102900,@138633 We get you're excited about the results. We're on it and your wait will be over soon. ^SY,Fri Dec 01 07:02:23 +0000 2017,True,INFORMATIVE_RESOLUTION,OTHER_GENERAL
th_102904,102904,131812,Day 3# Day light Robbery by Amazon #Delivered Fake Bose Speakers #Not interested in replacing to orginal product #@115851 Solve my problem @AmazonHelp can't solve.They don't have power. @118342 @119341,102903,@131812 We have responded to your query here: https://t.co/uXtdCq61hZ. Request you to check with the same. ^GD,Thu Nov 30 17:56:32 +0000 2017,True,INFORMATIVE_RESOLUTION,ORDER_TRACKING_DELAY
th_102907,102907,138635,@AmazonHelp Thank you for answers :) Can you help me this order? My all friends's order shipped out today. https://t.co/KcEy98CNt1,102909,"@138635 My colleague gave you a link via direct message. Please contact us using this link. Regards, ^AN",Fri Dec 01 18:07:08 +0000 2017,True,INFORMATIVE_RESOLUTION,ORDER_TRACKING_DELAY
th_102910,102910,138635,@AmazonHelp I have filled this form but ı have no hope. No one read my text/mail. I lost hope to amazon :( Anyway thanks for spare time to me.,102911,@138635 We received your message. We will get back to you by tomorrow. ^BL,Fri Dec 01 20:13:57 +0000 2017,True,INFORMATIVE_RESOLUTION,OTHER_GENERAL
th_102912,102912,138635,@AmazonHelp This is your answer: https://t.co/hfiKg8yYCV,102916,@138635 We already consider your request. Please have some patience. Thanks :) ^DS,Sat Dec 02 08:50:27 +0000 2017,True,INFORMATIVE_RESOLUTION,OTHER_GENERAL
th_102917,102917,138635,@AmazonHelp Ya. You will inform me 6th december. They will deliver this order at 6th december. Sorry but amazon.de is not professional. These are my last order. I dont use amazon.de anymore. https://t.co/1hpYkhNc34,102918,@138635 My colleague is working on this and should he get a result before that date of course he will inform you immediately. Regards ^AN,Sat Dec 02 14:33:00 +0000 2017,True,INFORMATIVE_RESOLUTION,ORDER_TRACKING_DELAY
th_102920,102920,138636,@AmazonHelp In my recent order of worth 11k.. I had no option to pay via card. No machine available with delivery personnel. Going back to stone age? #delhivery,102919,@138636 MPOS devices are provided depending on their availability for a COD order shipped by Amazon Transport Services. While we're unable to guarantee the availability; request you to have the requisite cash ready when receiving the order.^GD,Thu Nov 30 17:51:14 +0000 2017,True,INFORMATIVE_RESOLUTION,ORDER_TRACKING_DELAY
th_102929,102929,138638,"@AmazonHelp I mean, this is so massively dumb. Take out a feature, then don’t tell your support how to manage it. Simple question and instead I get the third degree on my billing address and wrong information based on where it was sent.",102931,"@138638 My apologies for the frustrating and disappointing experience you've had, but we'd like to help if we can. Please provide your details here, with all pertinent information, and we'll be in touch: https://t.co/1z61gIZ64D ^KN",Thu Nov 30 18:13:48 +0000 2017,True,INFORMATIVE_RESOLUTION,PRIME_MEMBERSHIP_BILLING
th_102932,102932,138638,@AmazonHelp You should have enough info to figure it out. Figure it out and email me,102933,@138638 We're unable to access accounts here on Twitter. Sending us your information using the link ^KN provided will allow us to look into it. ^LI,Thu Nov 30 19:07:05 +0000 2017,True,INFORMATIVE_RESOLUTION,OTHER_GENERAL
th_102930,102930,138638,"This is the nightmare that @AmazonHelp has become. No Help and They Hang Up On You. Wow, @115851 are you watching these idiots destroy your company? https://t.co/IYKKf34Mfo",102927,"@138638 This isn't at all the experience we strive to provide, I'm truly sorry for any inconvenience caused! Please, give us another chance via phone or chat here: https://t.co/hApLpMlfHN We're here to help! ^JE",Thu Nov 30 18:03:50 +0000 2017,True,INFORMATIVE_RESOLUTION,OTHER_GENERAL
th_102937,102937,138639,@AmazonHelp Provide link of that page.. Where results have announced!!,102939,"@138639 Once the results are announced, you can find the list of contest winners here: https://t.co/ICRkX2fNTQ. ^MO",Thu Nov 30 19:02:34 +0000 2017,True,INFORMATIVE_RESOLUTION,OTHER_GENERAL
th_102938,102938,138639,@AmazonHelp Where can i check this results,102936,@138639 All the contest winners are published on our official website. Please stay tuned. ^MK,Thu Nov 30 18:00:05 +0000 2017,True,INFORMATIVE_RESOLUTION,OTHER_GENERAL
th_102960,102960,138644,"@AmazonHelp This would be my first amazon purchase, but think uk would be better as the import costs from us are quite high. I just need a version which lets me play it in a dvd player but I would also like the bonus material",102962,@138644 Thanks for confirming! The difference between the two links you provided are the regions - I recommend this one: https://t.co/66DNRvV4VU because it is Region 2 and playable in Europe. The other option is not viewable in Europe. I hope this information helps! ^SD,Thu Nov 30 18:21:55 +0000 2017,True,INFORMATIVE_RESOLUTION,OTHER_GENERAL
th_102961,102961,138644,@AmazonHelp  what is the difference between these 2? https://t.co/11rJEPS4nQ and https://t.co/jo7vnB5ueV,102959,"@138644 Thanks for reaching out to us today! To clarify, which Amazon site do you normally purchase from, https://t.co/hSs9w9f1pF or https://t.co/5ol5X6rY2M? We're here to help as much as we can! ^AZ",Thu Nov 30 17:47:19 +0000 2017,True,INFORMATIVE_RESOLUTION,OTHER_GENERAL
th_102988,102988,138649,@AmazonHelp 2 failed delivery attempts before the office closes. I suspect the driver wanted an early night twice! Please could you help resolve this?,102986,"@138649 Hi, Jamie! I'm sorry about the failed delivery attempts with your orders. Please contact us so we can discuss this issue in real time. https://t.co/JzP7hlA23B We look forward to hearing from you! ^VR",Thu Nov 30 17:05:15 +0000 2017,True,INFORMATIVE_RESOLUTION,ORDER_TRACKING_DELAY
th_103018,103018,138658,"@AmazonHelp No. Just Amazon. One delay in CA by way of KY, the other locally in Atlanta.",103016,"@138658 Just to confirm, what's the name of the carrier listed on your tracking details here: https://t.co/Y5jpI9gRhE? ^RA",Thu Nov 30 17:56:18 +0000 2017,True,INFORMATIVE_RESOLUTION,ORDER_TRACKING_DELAY
th_103021,103021,138658,"@AmazonHelp Wednesday for one, today for the other. We’ll see what happens to the next one.",103020,@138658 Are you seeing this trend with a specific carrier? Please let us know! ^MT,Thu Nov 30 17:51:49 +0000 2017,True,INFORMATIVE_RESOLUTION,OTHER_GENERAL
th_103026,103026,131812,If you want experience free Headache Shop at @115821 @5904 Fake @4770 Speakers in India.@AmazonHelp @115851 start selling orginal products in India#@132460 @5905 @134046 @120844 @135788 @131283 @121927 @132459 #Great Indian Scandal #lets uninstall Amazon#,103024,@131812 We have sent you a e-mail correspondence. Request you to kindly check and reply to the e-mail sent and we'll assist you further. ^VH,Thu Nov 30 17:51:25 +0000 2017,True,INFORMATIVE_RESOLUTION,OTHER_GENERAL
th_103032,103032,138660,"@AmazonHelp .deI'm sorry, but I was so damn pissed in that moment... I was tired and already un-built (is that a thing...) my pc because I wanted to build it fastly after the arrival, but then it didn't come...It now says that it will be here tomorrow. Hopefully...",103034,@138660 If not  - my colleagues at the customer service will have a closer look: https://t.co/dDmBEPionb Kind regards ^NW,Fri Dec 01 03:04:01 +0000 2017,True,INFORMATIVE_RESOLUTION,OTHER_GENERAL
th_103036,103036,138660,@AmazonHelp It did arrive and I'm soooo happy! 😊 Thank you for making sure I got my package ❤ https://t.co/ofMwVrc5tP,103037,@138660 Thanks for the feedback 👍 That looks great - enjoy it. ^NW,Sat Dec 02 03:22:53 +0000 2017,True,INFORMATIVE_RESOLUTION,ORDER_TRACKING_DELAY
th_103061,103061,132732,@AmazonHelp Hlo plz reply....how to find out winners?,103063,@132732 There's been a delay here and we apologize. We shall close it at the earliest. We appreciate your patience here. ^CB,Fri Dec 01 11:09:29 +0000 2017,True,INFORMATIVE_RESOLUTION,OTHER_GENERAL
th_103064,103064,132732,@AmazonHelp Where is the winner list?,103065,@132732 Here's the winners list of OnePlus 5T contest :https://t.co/CtqfUqMmmq and LG Q6 : https://t.co/oQlHMltyNo ^GK,Sat Dec 02 05:36:50 +0000 2017,True,INFORMATIVE_RESOLUTION,OTHER_GENERAL
th_103067,103067,138665,@AmazonHelp Why is it so hard to communicate with the customer service representative? They do not  don’t understand what I am saying. Is there a language barrier here? I never had such horrible customer service in my life!,103066,@138665 I'm sorry for the poor experience. Can you tell us more about your concern? Please don't include any account details. ^RA,Thu Nov 30 17:52:39 +0000 2017,True,INFORMATIVE_RESOLUTION,OTHER_GENERAL
th_103074,103074,138668,@AmazonHelp I just checked the tracking on that delivery.  What is going on? https://t.co/kdf9jgDHAS,103072,"@138668 I'm so sorry for the delay! During this busy period, some deliveries may take slightly longer than usual. You may learn more about that here: https://t.co/uSgL4ZQf9U ^VF",Thu Nov 30 17:49:30 +0000 2017,True,INFORMATIVE_RESOLUTION,ORDER_TRACKING_DELAY
th_103080,103080,138669,@AmazonHelp my friend has had money taken out of her bank and she hasn't bought anything and isn't signed up for anything @138670,103078,"@138669 Hey Tegan! I'm sorry to hear this. Without revealing any account information can you advise how much the charge was and what the charge has come under? For example, Amazon Prime, UK marketplace etc. Let me know! - Jenna C.",Mon Nov 20 11:25:48 +0000 2017,True,INFORMATIVE_RESOLUTION,OTHER_GENERAL
th_103082,103082,138671,@AmazonHelp I tried to change my delivery address but have cancelled my order by mistake can I reinstate it??,103081,@138671 Canceling the delivery would cancel the order. The order would need to be placed again. Please let us know if we can be of further assistance! ^JO,Thu Nov 30 17:44:06 +0000 2017,True,INFORMATIVE_RESOLUTION,ORDER_TRACKING_DELAY
th_103086,103086,131812,Amazon Selling Fake / Copy product of @4770 in India # Amazon is not replacing to original product#Since All Bose Products they have is fake @115821 @AmazonHelp @115850 scam in  India @120844 @131283,103084,@131812 All sellers are committed to sell only genuine products on our platform. Request you to kindly respond to the email sent to you by our team for further assistance.^GD,Thu Nov 30 17:42:18 +0000 2017,True,INFORMATIVE_RESOLUTION,OTHER_GENERAL
th_103088,103088,138672,"ORDER NOT DELIVERED WORST EXPERIENCE WITH AMAZON!!!@booked remi y1 on 22nov from wednesday sale,order  not delivered nd got cancelled aftr 10 days of shippment. mr amazon i want my phone. worst service, i ever recieved. once in weekend sale.@115821  @AmazonHelp  @138673 https://t.co/8fKcpFvzcx",103087,"@138672 Please don't provide your order details, we consider it to be personal information. Our page is visible to the public. 2/2 ^VH",Thu Nov 30 17:26:43 +0000 2017,True,INFORMATIVE_RESOLUTION,ORDER_TRACKING_DELAY
th_103110,103110,138679,@AmazonHelp Yes of course! Thanks everytime for all your help! it's .es,103112,@138679 You are welcome Oihane. You can return a product and here are the instructions. Please access this link: https://t.co/3uxoAmWpWK^JJ,Thu Nov 30 18:04:46 +0000 2017,True,INFORMATIVE_RESOLUTION,OTHER_GENERAL
th_103111,103111,138679,"@AmazonHelp Dear Amazon Help, want to return my newly adquired noctua NH14S because of the wrong description I couldn't use it at all, it did have a little scratch but it doesn't matter. One thing, how in hell do I have to paste and introduce d different codes? XD Thank you!",103109,"@138679 Hello there! Thanks very much for reaching out to us, Oihane! We're sorry that you weren't able to use the Noctua, but we'd love to help! Could you please let us know which domain (.com, .ca, .es) that you used to place and receive the order? ^JD",Thu Nov 30 17:35:32 +0000 2017,True,INFORMATIVE_RESOLUTION,REFUND_RETURN_INQUIRY
th_103117,103117,138681,@AmazonHelp Thank you! The UK app,103116,"@138681 We can't access your account directly via Twitter, but we want to look into our options together. Please reach out to us by phone or chat so we can investigate this further with you: https://t.co/qy3J24VGxb ^GR",Thu Nov 30 17:48:24 +0000 2017,True,INFORMATIVE_RESOLUTION,PRODUCT_TECH_SUPPORT
th_103119,103119,138681,@AmazonHelp my package was supposed to come today but I got an email saying that you failed to deliver it?? I don't understand since I said to leave it at the concierge,103118,"@138681 I am very sorry about the troubles with your account, Megane! Let's see how we can help!  Which Amazon site do you order from? ^FR",Thu Nov 30 17:40:53 +0000 2017,True,INFORMATIVE_RESOLUTION,ORDER_TRACKING_DELAY
th_103129,103129,138672,"@AmazonHelp respected sir, u know its a once in week sale. nd it very hard to place order,nd it sucks when it get cancelled. i was failed to order that on 30th nov.",103130,"@138672 I can imagine the disappointment, Shrey. This is certainly not what we intended. I will pass it on as a feedback to our team internally. ^MK",Thu Nov 30 20:29:45 +0000 2017,True,INFORMATIVE_RESOLUTION,ORDER_TRACKING_DELAY
th_103134,103134,138686,@AmazonHelp It came today. I asked you to give to our neighbour. You threw it in my garden over the fence. What kind of service is this!!,103133,"@138686 I'm sorry, for the experience you've had with your parcel! We'd like to look into this with you and go over available options. Please contact us here:  https://t.co/JzP7hlA23B ^MW",Thu Nov 30 17:42:33 +0000 2017,True,INFORMATIVE_RESOLUTION,OTHER_GENERAL
th_105004,105004,139199,"@AmazonHelp It was Amazon UK, with delivery for Republic of Ireland",105003,@139199 Please reach out to us directly so we can take a closer look: https://t.co/JzP7hlA23B ^BG,Thu Nov 30 18:37:53 +0000 2017,True,INFORMATIVE_RESOLUTION,ORDER_TRACKING_DELAY
th_105006,105006,139199,"@AmazonHelp my order shipped on Monday and was due today, the shipping info has nothing more than passed to carrier since the apparent dispatch. Ru able to look into this more? Thanks",105005,"@139199 We're here to help. Did you order this from https://t.co/nUUp5MLhYl, https://t.co/ykTUEmdsQA, etc? Please let us know so we can best assist. ^AX",Thu Nov 30 18:08:34 +0000 2017,True,INFORMATIVE_RESOLUTION,ORDER_TRACKING_DELAY
th_105008,105008,139200,"@AmazonHelp It doesn't show a carrier, that's all I can see. I ordered it as a ""same day"" delivery. Would you like me to message you the order number?",105007,"@139200 Thanks for confirming, Brad! We don't have access to your account via Twitter. We'll be happy to help review available resolution options with you via phone or chat here: https://t.co/hApLpMlfHN. Please keep us posted! We're here to help! ^SD",Thu Nov 30 18:36:51 +0000 2017,True,INFORMATIVE_RESOLUTION,ORDER_TRACKING_DELAY
th_105010,105010,139200,"@AmazonHelp I clicked the link, it's the exact same image I sent you. Thanks for the help!",105009,"@139200 I am sorry for your frustration! I am not seeing who the carrier is by your screenshot, can you let us know?",Thu Nov 30 18:27:54 +0000 2017,True,INFORMATIVE_RESOLUTION,OTHER_GENERAL
th_105016,105016,139201,@AmazonHelp By a third party,105015,@139201 Have you had a chance to contact the seller for available return options: https://t.co/PxWPdv7WNe? ^LI,Thu Nov 30 18:16:06 +0000 2017,True,INFORMATIVE_RESOLUTION,OTHER_GENERAL
th_105027,105027,139204,"@AmazonHelp I just checked, it's for the destroyed one.",105026,@139204 Has the replacement order shipped yet? Have you checked the tracking on the replacement order? You can view your orders here: https://t.co/Y5jpI9gRhE ^RB,Thu Nov 30 18:36:40 +0000 2017,True,INFORMATIVE_RESOLUTION,OTHER_GENERAL
th_105029,105029,139204,"@AmazonHelp Tomorrow by 8pm is what's on my order. That's what I'm going to go by, but I was wondering how you breached the space/time continuum.",105028,@139204 Is the tracking information provided by the carrier displaying a different arrival date? ^WM,Thu Nov 30 18:25:48 +0000 2017,True,INFORMATIVE_RESOLUTION,ORDER_TRACKING_DELAY
th_105031,105031,139204,@AmazonHelp This is a reorder of an item that got destroyed (resolved) and I just got the email saying the new package would be here two days ago.,105030,@139204 Interesting... Was the 28th the date provided at checkout? ^VF,Thu Nov 30 18:20:22 +0000 2017,True,INFORMATIVE_RESOLUTION,ORDER_TRACKING_DELAY
th_105044,105044,132894,@AmazonHelp I talked to someone yesterday about it. Amazon CS told me the missing half should arrive Saturday. UPS told me “it should be out for delivery but it isn’t 🤷🏼‍♀️”. https://t.co/yLbLo6rQ8s,105043,@132894 I understand your frustration! We aim to deliver as soon as we can. Please let us know if it doesn't arrive by the estimate delivery date shown. ^SJ,Thu Nov 30 18:30:01 +0000 2017,True,INFORMATIVE_RESOLUTION,ORDER_TRACKING_DELAY
th_105061,105061,139210,"@AmazonHelp I'm sure they'll ""re""-deliver tomorrow anyway, and there's no option in the page you linked to for that situation.But it feels like the delivery guy couldn't be bothered to drive down the lane, let alone ring the bell.",105060,@139210 You can select the issue closest to yours and the option to phone us will show up. ^VS,Thu Nov 30 18:32:03 +0000 2017,True,INFORMATIVE_RESOLUTION,ORDER_TRACKING_DELAY
th_105065,105065,139211,@AmazonHelp So far this isn’t going well. After trying to explain to a woman what has happened I was put on hold for 20 minutes before being transferred to a supervisor. After 10 minutes of explaining again he says he’ll phone me back. I just want my package.,105067,@139211 I know how frustrating this can be. Please keep us updated on the phone call back. We are here to help. ^BA,Thu Nov 30 20:37:54 +0000 2017,True,INFORMATIVE_RESOLUTION,ORDER_TRACKING_DELAY
th_105068,105068,139211,@AmazonHelp Delivery will be attempted again tomorrow. Who knows if attempt number 4 will be successful? Good job these are Christmas presents and not needed imminently.,105069,"@139211 I hate to hear about all this, Tom! We'd like to look into this with you. Please give us some details here: https://t.co/un8IKSgs7X and we will be in touch! ^MT",Thu Nov 30 20:47:26 +0000 2017,True,INFORMATIVE_RESOLUTION,ORDER_TRACKING_DELAY
th_105077,105077,139213,"@AmazonHelp How do I prevent my wife, with whom I share a Household Prime Account, from getting email notifications of holiday gifts I purchase for her?",105075,"@139213 Thank you for reaching out! Do you share an account with your wife as well, or are you simply in a household with her? ^GR",Thu Nov 30 18:33:54 +0000 2017,True,INFORMATIVE_RESOLUTION,PRIME_MEMBERSHIP_BILLING
th_105046,105046,132894,@AmazonHelp It was originally set to arrive yesterday.,105078,@132894 I apologize for the conflicting info and please keep us updated on the arrival! ^SC,Thu Nov 30 18:30:37 +0000 2017,True,INFORMATIVE_RESOLUTION,OTHER_GENERAL
th_105090,105090,139215,@AmazonHelp Please tell me i have not spent !put cash in your new tablets only to find out I can't download the @6069  app.,105087,"@139215 Hi there! I'm sorry that you're having some trouble downloading an app. In order to get you to the right support team, please tell us which device you are using. ^SP",Thu Nov 30 18:32:02 +0000 2017,True,INFORMATIVE_RESOLUTION,PRODUCT_TECH_SUPPORT
th_105096,105096,119483,@AmazonHelp hi! I ordered eight trackers and only got six in the bag. What should I do?,105095,"@119483 I'm sorry you received less than you ordered! We'd be happy to help! When you have the time, please visit us here: https://t.co/A0phcdxTJt and we can explore our return options. ^TK",Thu Nov 30 18:28:43 +0000 2017,True,INFORMATIVE_RESOLUTION,OTHER_GENERAL
th_105101,105101,139217,@AmazonHelp I’ve waited in ALL day 😫,105099,@139217 I completely understand your concern! We'd like to take a closer look into this with you. Please reach out to us here: https://t.co/JzP7hlA23B so we can investigate! ^VB,Thu Nov 30 18:23:24 +0000 2017,True,INFORMATIVE_RESOLUTION,OTHER_GENERAL
th_105106,105106,139218,@AmazonHelp well I more meant an actual card. Not a credit card or gift card from amazon themselves. Like if I live in UK with a uk debit card or something can I purchase stuff off the US amazon store.,105105,"@139218 Oh, sorry for our confusion! Yes, it is possible to do this however not all items are able to be shipped to the U.K. Also, digital purchases are restricted to the location in which they are purchased, as they are location specific. ^JE",Thu Nov 30 18:23:26 +0000 2017,True,INFORMATIVE_RESOLUTION,OTHER_GENERAL
th_105109,105109,139219,"@AmazonHelp Ok, thanks for the info. That's helpful! Appreciate it!",105108,@139219 Of course! Please reach out if you have any other questions or concerns! 😊 ^KJ,Thu Nov 30 18:20:37 +0000 2017,True,INFORMATIVE_RESOLUTION,OTHER_GENERAL
th_105113,105113,139220,@AmazonHelp And anytime I contact the support for a fix I get same provoking automated messages (see image attached). https://t.co/GPFmJgcsp0,105116,@139220 An account specialist is the best one to address this and answer any questions/concerns you may have. Feel free to reply to the e-mail you received from them. ^VR,Thu Nov 30 18:42:24 +0000 2017,True,INFORMATIVE_RESOLUTION,OTHER_GENERAL
th_105115,105115,139220,"@AmazonHelp  You guys sucks, you have the worst support ever.",105112,"@139220 I'm sorry to hear you've had a negative experience with us. Without providing account details, can you give us more information on the issue you're having? ^JS",Thu Nov 30 18:30:03 +0000 2017,True,INFORMATIVE_RESOLUTION,OTHER_GENERAL
th_105120,105120,139221,@AmazonHelp Have you guys resorted to now ignoring and hoping somehow I am going to disappear and forget that your delivery guy stole my phone... your handling of this has been downright abysmal!  Can someone for God’s sake get back to me on this... (scroll up the thread for details),105122,"@139221 Hello Sam, I apologize for the wait and thank you for your continued patience! We are still currently looking into your case and we will be in contact when we have more information. ^AR",Sun Dec 03 21:21:23 +0000 2017,True,INFORMATIVE_RESOLUTION,ORDER_TRACKING_DELAY
th_105121,105121,139221,@AmazonHelp Still no updates on this matter... come on guys this is just plain ridiculous and lazy of you... your logistics guy stole my phone... what are you going to do about it? Or do you just not care? I haven’t even received a phone call of either apology or reassurance ...,105118,"@139221 Sam, I'm so very sorry for this whole situation! I know this is being investigated. I understand you were given a time frame of 3-5 days. If you still don't hear back by end of business tomorrow, please reach out to us here: https://t.co/JzP7hlA23B. ^RO",Thu Nov 30 18:16:37 +0000 2017,True,INFORMATIVE_RESOLUTION,OTHER_GENERAL
th_105124,105124,139221,@AmazonHelp I am still on hold with your CS... this is ridiculous... this matter is very concerning  why isn’t Amazon taking this more seriously...,105123,"@139221 Hey, you should've received an email from us already. Can you check your junk/spam email as well to see if we've responded?^MA",Wed Nov 29 09:45:29 +0000 2017,True,INFORMATIVE_RESOLUTION,OTHER_GENERAL
th_105127,105127,139221,@AmazonHelp Still no news from Amazon! What on earth is going on... I don’t even know whether that driver would be the guy I open the door to on the next delivery... no reassurances ... no updates... nothing ... I dont understand you guys... 😡,105125,@139221 Sorry to hear that. We'll be happy to look into for you. Please reach out to us here: https://t.co/JzP7hlA23B ^RS,Wed Nov 29 09:17:04 +0000 2017,True,INFORMATIVE_RESOLUTION,ORDER_TRACKING_DELAY
th_105132,105132,139221,@AmazonHelp No nothing except confirmation that an investigation is going on... it’s month end.. all bill payments/payments for school trips/reminders were set up on phone etc... this has created so much extra work for me... that I don’t have the time for https://t.co/dpPmT7dUs6,105130,@139221 Sorry to hear this. Have you been given a time frame on the investigation? ^RS,Mon Nov 27 10:20:22 +0000 2017,True,INFORMATIVE_RESOLUTION,OTHER_GENERAL
th_105134,105134,139221,Dear @115830 @AmazonHelp .... woke up this morning and this is how I feel.... why why why did your delivery guy steal my phone... 😭😭😭 https://t.co/rgmaz6j6DL,105133,"@139221 Hi, have you had any updates from us regarding this? ^BZ",Mon Nov 27 09:55:29 +0000 2017,True,INFORMATIVE_RESOLUTION,ORDER_TRACKING_DELAY
th_105137,105137,139222,@AmazonHelp Called the CS already. I think I'm just going to leave it charged for at least a few hours and see what happens. I am so confused right now.,105139,@139222 Please keep us in the loop with how things go. Thank you. ^DO,Thu Nov 30 18:49:21 +0000 2017,True,INFORMATIVE_RESOLUTION,PRIME_MEMBERSHIP_BILLING
th_105138,105138,139222,"@AmazonHelp I did! It's like, partially frozen. The top part I can see that it's still working but the must charge icon just won't go away and it takes up half of the screen. Do you think it's good to just leave it charged though it's already ""green""?",105135,@139222 Mhm that is strange! We would like to troubleshoot this with you in real time. Please contact us via phone or chat here: https://t.co/hApLpMlfHN ^LS,Thu Nov 30 18:26:56 +0000 2017,True,INFORMATIVE_RESOLUTION,PRIME_MEMBERSHIP_BILLING
th_105145,105145,139223,"@AmazonHelp We bought two parts in October to fix a vehicle that broke down in another city. We had to fly to the city to replace the parts, which didn't work. Thinking it was a different issue we returned home and had to wait until we could see a mechanic.",105143,@139223 I apologize for the trouble! Can you let us know what was advised when you last spoke with us? What options were given? ^NC,Thu Nov 30 18:29:07 +0000 2017,True,INFORMATIVE_RESOLUTION,REFUND_RETURN_INQUIRY
th_105154,105154,139224,@AmazonHelp Apparently tomorrow. The saga of Amazon Prime delivery nor non delivery.,105156,"@139224 Please keep us updated on the delivery of your order, we'll be here to help. ^MH",Thu Nov 30 19:32:46 +0000 2017,True,INFORMATIVE_RESOLUTION,PRIME_MEMBERSHIP_BILLING
th_105155,105155,139224,"@AmazonHelp We tried to deliver your parcel but couldn’t leave it unattended. I have been told delivery to businesses ie schools are before half five, not after six! How many hours in a van does it take to deliver an item???? #fustrated",105153,@139224 So sorry to hear the shipment wasn't received today! Have you already received an update as to when the next delivery attempt will be? ^GS,Thu Nov 30 18:28:05 +0000 2017,True,INFORMATIVE_RESOLUTION,ORDER_TRACKING_DELAY
th_105161,105161,139224,@AmazonHelp It is a school so can’t be delivered elsewhere and there is no delivery address. It’s delivered by Amazon logistics and to contact them you contact Amazon who have been useless. Promised delivery today and nothing. No managers available either. Put on hold TWICE for 30 mins :-(,105160,"@139224 I'm sorry for the poor experience, Stephano! What all was advised when you were on the phone? Did they provide any insight or options, or ask you to wait a certain amount of time before offering options? ^WJ",Tue Nov 28 20:03:44 +0000 2017,True,INFORMATIVE_RESOLUTION,ORDER_TRACKING_DELAY
th_105163,105163,139224,@AmazonHelp It has apparently been delivered but hasn’t arrived. Phoned twice and still no success. Why do I have to speak to people in the Philippines etc? Appalling service.,105162,@139224 I am sorry about the package delay! Here is some information that may help when tracking says it is delivered: https://t.co/HsFIe2kmhD ^DJ,Tue Nov 28 19:56:15 +0000 2017,True,INFORMATIVE_RESOLUTION,ORDER_TRACKING_DELAY
th_105170,105170,139226,@AmazonHelp Apparently this is an appropriate response? 🤔 “we advise waiting” ..... what else do u think I was guna do fam https://t.co/g4L5vMKKDb,105172,"@139226 I'm very sorry to hear you haven't received your order as promised! This certainly isn't what we strive for and we want to help you look further into what's going on. When you have the chance, please ring us here: https://t.co/JzP7hlA23B. ^HC",Thu Nov 30 22:08:17 +0000 2017,True,INFORMATIVE_RESOLUTION,OTHER_GENERAL
th_105183,105183,138648,"@AmazonHelp There is one point of her making it seem she will process 4 replacements, but when asked what she was processing, told me she would only do 2 https://t.co/WT59g6rPVE",105181,@138648 This isn't the type of experience we want you to have with us. Please call us here: https://t.co/hApLpMlfHN so we can get this addressed and sort out your order situation. ^CO,Thu Nov 30 18:26:08 +0000 2017,True,INFORMATIVE_RESOLUTION,OTHER_GENERAL
th_105216,105216,139237,"@AmazonHelp Hi!  I am about to place an order that includes 3 books.  The ""BUT3GET30"" coupon code for 30% off books is not working.  Can you help?",105212,@139237 Hello. I'm sorry for the issue you're having placing this order. Where did you see this coupon code posted? ^DO,Thu Nov 30 18:23:17 +0000 2017,True,INFORMATIVE_RESOLUTION,ORDER_TRACKING_DELAY
th_105220,105220,139238,"@AmazonHelp They keep sending me the same auto email. On the phone they say they'll get back to me, auto email. Been round and round for days. Just want a real update on the situation. Can you help?",105219,"@139238 As we are unable to view account details via Twitter, this would be something that a member of our team would need to look into and reach out to you via email. Please keep an eye out for an email from us. ^TE",Thu Nov 30 18:14:47 +0000 2017,True,INFORMATIVE_RESOLUTION,OTHER_GENERAL
th_105222,105222,139238,Hi @AmazonHelp looking for a real person to deal with an unauthorised transaction you've been dealing with for over a week? Anyone there?,105221,"@139238 I'm sorry for the upsetting experience Tom. Have you spoken to customer service directly via phone? If so, what information/options were provided to you about this? ^VS",Thu Nov 30 18:02:10 +0000 2017,True,INFORMATIVE_RESOLUTION,OTHER_GENERAL
th_105224,105224,139239,"@AmazonHelp Ok I would to that, but can I send the item around the nearest Amazon warehouse, [Ranchi, Jharkhand, India]... &amp; More importantly I have to leave my native place due to the upcoming surgery of my mother's knee.. so, around 5-6 Dec I shall be heading towards Delhi",105226,"@139239 I am afraid it doesn't work that way with the return products. As informed earlier, kindly get in touch with our support team from the link provided to you earlier. ^SC",Fri Dec 01 04:26:53 +0000 2017,True,INFORMATIVE_RESOLUTION,OTHER_GENERAL
th_105225,105225,139239,"@AmazonHelp Hello nice to see in my passbook that you have successfully refunded my amount of INR 3,260/-.. But as a matter of fact... I still have the product with me.. This was just to inform you guys https://t.co/hSat9yuZ96",105223,@139239 Thank you for letting us know. We'd like you to return the item to us. Please reach to our support team here : https://t.co/TdDksLo6Mf and we'll have this checked. ^SD,Thu Nov 30 18:01:03 +0000 2017,True,INFORMATIVE_RESOLUTION,OTHER_GENERAL
th_105235,105235,139239,"@AmazonHelp @118919 Sorry, I was promised someone would show up around 07 - 10 AM. But no one came.. &amp; have received this email yesterday.. https://t.co/YrlH4Npkmg",105231,"@139239 We would like to assist you with the details, but as this is a social media platform, we can't view your account details. I request you to please reach out to us from the link here: https://t.co/TxK11znixD and we will assist you accordingly. ^AR",Sun Nov 26 09:18:50 +0000 2017,True,INFORMATIVE_RESOLUTION,OTHER_GENERAL
th_105238,105238,139240,@AmazonHelp @115830 Lasted 18 minutes with rep number 2 but had to hang up on that one as well. Top notch you guys like,105236,@139240 I am very sorry for the frustration you have experienced! Seems you have been trying to log into your account and have not been able to. Try this and let us know  https://t.co/zYVX1Qi29G ^DJ,Thu Nov 30 17:43:08 +0000 2017,True,INFORMATIVE_RESOLUTION,OTHER_GENERAL
th_105244,105244,139242,@AmazonHelp Yes. I don't think 'on the doormat by the pavement' is anyone's preference. It's completely unsecure.,105243,@139242 I completely understand and I am sorry for the poor delivery experience. Please reach out to us here: https://t.co/JzP7hlA23B so we can get this sorted out. ^SC,Thu Nov 30 18:20:38 +0000 2017,True,INFORMATIVE_RESOLUTION,OTHER_GENERAL
th_105246,105246,139242,Thanks @AmazonHelp for delivering my package so securely. I only live facing a busy road in East London 🤷‍♂️ https://t.co/3HpLnsedHj,105245,"@139242 So sorry about this, Steph! Just to confirm, are your unattended delivery preferences up to date? If not, you can update them by following the steps here: https://t.co/36GXPDco51 ^JY",Thu Nov 30 18:14:40 +0000 2017,True,INFORMATIVE_RESOLUTION,ORDER_TRACKING_DELAY
th_105250,105250,139243,"@AmazonHelp Hi, my item has been marked as returned/not-delivered by Hermes , can you tell me why please? Cheers C",105248,"@139243 I'm so sorry your package was not delivered to you! We don't have access to your account via Twitter. To best assist, could you chat or ring us here https://t.co/JzP7hlA23B.^AV",Thu Nov 30 18:17:34 +0000 2017,True,INFORMATIVE_RESOLUTION,REFUND_RETURN_INQUIRY
th_105260,105260,139245,@AmazonHelp So this is the third day that it hasn't arrived. Someone needs to sort this out ASAP as I feel I a being lied to and passed from pillar to post.,105262,"@139245 I'm so sorry you still haven't received your order, Mark. I'd like to have a member of our team look into this personally. Please provide your details here and we'll be in touch: https://t.co/qyfadF7lrl ^HS",Thu Nov 30 20:57:26 +0000 2017,True,INFORMATIVE_RESOLUTION,ORDER_TRACKING_DELAY
th_105261,105261,139245,@AmazonHelp Called your help line who then changed the delivery to today (30th November). I was guaranteed delivery today by the supervisor on the phone. order has yet to be out for delivery on the account. On the account it says delivery today but also states the 29th,105258,@139245 I understand your frustration! Deliveries can be made until 21:00. Please let us know if it doesn't arrive. ^SJ,Thu Nov 30 18:01:33 +0000 2017,True,INFORMATIVE_RESOLUTION,ORDER_TRACKING_DELAY
th_105283,105283,138671,@AmazonHelp this account contact me asking for my card details after I contact you. @139249 https://t.co/6rCcxTLx6R,105282,@138671 Thanks for bringing this to our attention! We've reported it to the correct team! ^JO,Thu Nov 30 18:03:05 +0000 2017,True,INFORMATIVE_RESOLUTION,OTHER_GENERAL
th_105285,105285,139250,@AmazonHelp Missed order today as was delivered after the office had closed. Try to find out how to rearrange delivery and keep going round in circles with your help section,105287,"@139250 Oh no! We'd like to assist you with this. Were you able to speak directly with Customer Service? If not, please reach out to us here:  https://t.co/JzP7hlA23B",Thu Nov 30 19:17:34 +0000 2017,True,INFORMATIVE_RESOLUTION,ORDER_TRACKING_DELAY
th_105147,105147,139223,"@AmazonHelp Instead of an actual human with emotions and empathy, I am getting canned replies from your robotic ""customer service"" centre in India. This is beyond frustrating.",105289,@139223 You can request to appeal an A-to-Z ruling. Follow the link below and explain the situation as thoroughly as possible: https://t.co/FxNCOT0h8g . Please keep us posted on the situation. ^MJ,Thu Nov 30 18:33:49 +0000 2017,True,INFORMATIVE_RESOLUTION,OTHER_GENERAL
th_105290,105290,139223,@AmazonHelp Can I please just get one person who is helpful??? Is that actually just too much to ask???,105292,@139223 I'm very sorry for the poor experience! I would like one of our Social Media specialists to look into this with you. Please provide the information that is requested here: https://t.co/COxYUjjP47 so we can get this escalated to the proper team. ^ZW,Thu Nov 30 18:51:10 +0000 2017,True,INFORMATIVE_RESOLUTION,OTHER_GENERAL
th_105309,105309,139253,@AmazonHelp your automated chat has only one option and that is to call and I cannot speak! Is there a way to email regarding an order I placed and no one from ups/usps came to pick it up? Your help would be appreciated. Thanks.,105308,@139253 Thank you for reaching out! You can reach us via e-mail by selecting the e-mail option here: https://t.co/hApLpMlfHN. Hope it helps! ^NN,Thu Nov 30 01:05:55 +0000 2017,True,INFORMATIVE_RESOLUTION,ORDER_TRACKING_DELAY
th_107043,107043,139765,@AmazonHelp Yeah.....don’t think you will be able to replace fingerlings...just warn people not to throw stuff in a huge box all together with no protection. Sill love ya just disappointed!,107045,"@139765 Understood, thank you for your patience. ^JR",Thu Nov 30 23:48:49 +0000 2017,True,INFORMATIVE_RESOLUTION,OTHER_GENERAL
th_107231,107231,139815,@AmazonHelp Nothing was next day even though I had prime. Deliveries went missing and failed. And today two items delivered and one wasnt for no reason. Two days in a row,107230,"@139815 Did we give any reason as to why the deliveries were failed or missing, James? We'd like to help, but need more information. ^MT",Thu Nov 30 18:49:15 +0000 2017,True,INFORMATIVE_RESOLUTION,PRIME_MEMBERSHIP_BILLING
th_107233,107233,139815,@AmazonHelp so much for service? screw all your deliveries. Then proceed to be the rudest customer service explaining sometimes the drivers decide to not deliver. sarcastically end the conversation and delete the chat. Beyond annoyed. Prime is so great now,107232,"@139815 I'm sorry to hear about the experience you've had with us! Please give us another chance to help you. Without providing your account details, can you give us more information on the issue you're having? ^JS",Thu Nov 30 18:43:21 +0000 2017,True,INFORMATIVE_RESOLUTION,PRIME_MEMBERSHIP_BILLING
th_107235,107235,139816,@AmazonHelp It was delivered by Amazon Shipping. https://t.co/6GETfhMRHu,107237,@139816 I'm very sorry to hear this! This is not what we expect from our drivers. I would like a Social Media specialist to look into this further. Please provide the information that is requested here: https://t.co/CkOgDX2yRs so we can get this escalated. ^ZW,Thu Nov 30 19:05:22 +0000 2017,True,INFORMATIVE_RESOLUTION,ORDER_TRACKING_DELAY
th_107242,107242,139817,"@139818 @AmazonHelp Oh they dropped the ball hard on my streamdeck. It was shipped, then it wasn’t, then it shipped and got pushed back a day, then I got a call that my delivery was early and I needed to be there since they can’t leave it in my gated entry way lol",107243,@139817 I'm sorry for the trouble with your order! Please reach out to us through the link ^AC provided so we can see look into this with you. ^MB,Thu Nov 30 20:38:12 +0000 2017,True,INFORMATIVE_RESOLUTION,ORDER_TRACKING_DELAY
th_107250,107250,139820,"@AmazonHelp It was a Prime delivery, I called again only to find the last person never bothered logging the complaint. At this point I’m one letter box down and on the bad side of my landlord with no clear outcome as to what will happen!",107252,"@139820 When you called in again, what did the agent you spoke with advise?",Thu Nov 30 19:04:11 +0000 2017,True,INFORMATIVE_RESOLUTION,PRIME_MEMBERSHIP_BILLING
th_107253,107253,139820,@AmazonHelp The agent put in a complaint to Logistics (which they said they did on Monday) but couldn’t tell me any outcome or what to expect.,107254,"@139820 Thanks for letting us know! If you need us in the future, we're always here! ^MT",Thu Nov 30 19:14:03 +0000 2017,True,INFORMATIVE_RESOLUTION,OTHER_GENERAL
th_107251,107251,139820,"@AmazonHelp I called the number you gave me Monday, they put my claim through and said I would have an email in 24 hours, it is now well past that and I’ve had no contact since. To clarify, my house is still damaged, I still have half a letter box and amazon haven’t done anything https://t.co/aT2byOV1gY",107249,"@139820 Just to confirm, which carrier is listed as delivering your order here: https://t.co/aaDyEz1VgE? Have you had a chance to contact back by phone for an update? If so, what insight was given? ^LI",Thu Nov 30 17:33:16 +0000 2017,True,INFORMATIVE_RESOLUTION,DAMAGED_WRONG_ITEM
th_107256,107256,137122,@AmazonHelp @139821 Are results out for #LgQ6AppQuiz @AmazonHelp,107258,@137122 We haven't made any announcement on it yet. Please stay tuned. ^SD,Thu Nov 30 19:07:59 +0000 2017,True,INFORMATIVE_RESOLUTION,OTHER_GENERAL
th_107257,107257,139821,@AmazonHelp Still nothing posted. What are the odds anyway?,107255,@139821 All the winners are published on our website and are contacted by our specialist team via email. Please stay tuned. ^MK,Thu Nov 30 18:26:10 +0000 2017,True,INFORMATIVE_RESOLUTION,OTHER_GENERAL
th_107266,107266,139823,@AmazonHelp just received an email staying I have to send in Information of my address an so on  can you explain why this is? I've purchased from you  before with no hassle and now this?,107268,"@139823 We don't have access to accounts over Twitter. However, you can reply to the e-mail you received with any questions. ^AJ",Thu Nov 30 21:11:39 +0000 2017,True,INFORMATIVE_RESOLUTION,OTHER_GENERAL
th_107267,107267,139823,@AmazonHelp I've had no emails only the confirmation  emails that password has been reset and still doesn't let me log in just says incorrect password,107264,"@139823 At your convenience, please reach us directly via the following link. It will enable you to skip sign in so you can report this issue to us: https://t.co/8dJzrYeoGo ^BV",Thu Nov 30 18:48:30 +0000 2017,True,INFORMATIVE_RESOLUTION,ACCOUNT_LOGIN_SECURITY
th_107290,107290,138642,"Hi Jeff,I have purchased the wrong mobile set from amazon. Now, i want to return my mobile (order no 404-9391432-5602714). But amazon support team is saying that, they can't return. This mobile set is not useful for me. Please help me @115851 @115821 @AmazonHelp",107289,"@138642 I get your concern regarding the return of mobile. However, unless the phone was delivered to you in a damaged/defective condition, we'll not be unable to authorize a return for the order. For more details please visit the following link: https://t.co/zs6MJyuR90.^SM",Thu Nov 30 18:32:41 +0000 2017,True,INFORMATIVE_RESOLUTION,REFUND_RETURN_INQUIRY
th_107304,107304,128304,"@115830 @AmazonHelp any idea all day been waiting, it dose not take all day to get from Enfield to Harlow now does it.....",107303,"@128304 I'm sorry to hear about the recent delivery issues! Couriers are out making deliveries until 21:00, if not received by then, please reach us directly via phone or chat so we can look into available options for you: https://t.co/qy3J24VGxb ^BV",Thu Nov 30 18:45:19 +0000 2017,True,INFORMATIVE_RESOLUTION,OTHER_GENERAL
th_107311,107311,139834,@AmazonHelp this is what happens with your courier.extremely frustrating.im loosing faith on @115850 https://t.co/cd8IFKsSWQ,107310,"@139834 Sorry to know the order is undeliverable. Kindly fill in your details here: https://t.co/GIJyeYqKE0, and I'll look into it. ^NR",Thu Nov 30 18:21:10 +0000 2017,True,INFORMATIVE_RESOLUTION,ORDER_TRACKING_DELAY
th_107318,107318,139836,@AmazonHelp It is truly unfortunate that you’re unable to view my communications within your company utilizing my email address,107322,"@139836 Our account security policies prevent our team from accessing confidential customer information based off of posts on social media. Thank you for taking the time to let us know what happened, I'm glad to hear you've been in direct contact regarding this issue. ^JR",Thu Nov 30 20:46:12 +0000 2017,True,INFORMATIVE_RESOLUTION,OTHER_GENERAL
th_107325,107325,138642,"I am getting following messageFirst, visit this page from the mobile device that needs support. Then, follow the instructions to install the SmartChk app on that device.This app saves time by finding the right team to help you. Learn more @115821 @AmazonHelp @115830",107324,"@138642 Sorry about this experience, Chandra. Please report this to our support team here: https://t.co/TdDksLo6Mf and we'll look into this. ^MK",Thu Nov 30 18:22:19 +0000 2017,True,INFORMATIVE_RESOLUTION,PRODUCT_TECH_SUPPORT
th_107327,107327,139837,@AmazonHelp Yes. All week. Utterly useless. Two now been stolen,107329,@139837 Oh my! I'm sorry for the trouble! We'd like to help if we can. We don't have access to your account via Twitter. Please reach out to us here: https://t.co/JzP7hlA23B ^MO,Fri Dec 01 12:42:37 +0000 2017,True,INFORMATIVE_RESOLUTION,ESCALATION_HIGH_RISK
th_107330,107330,139837,"@AmazonHelp Now a week late. Two missing TV’s, still no replacement and you have offered us a £5 voucher and month free #prime as #compensation utterly appalling #customerservice #shopping #disappointed",107331,@139837 So sorry for the frustrations! We are here to help! I'd like a member of my team to look into this personally for you! Please provide us your information here: https://t.co/uZFh0ZZFfJ and someone will be in touch soon! ^AD,Sat Dec 02 20:00:14 +0000 2017,True,INFORMATIVE_RESOLUTION,PRIME_MEMBERSHIP_BILLING
th_107332,107332,139837,@AmazonHelp I have spoken endlessly to your colleagues - what is the point? I just can’t believe how derisory your offer of compensation has been. #amazon #disappointed #shopping,107333,@139837 The link ^AD provided will allow a specialist from our team to take another look into the missing parcels and review all available options. ^CS,Sat Dec 02 20:29:09 +0000 2017,True,INFORMATIVE_RESOLUTION,OTHER_GENERAL
th_107328,107328,139837,Second TV gone missing from @115830 this week @AmazonHelp awful service as an @117795 member https://t.co/1UgM2zRBci,107326,@139837 So sorry to hear about the issue with your delivery! Have you already contacted us regarding the missing TV?  https://t.co/JzP7hlA23B ^GS,Thu Nov 30 18:41:38 +0000 2017,True,INFORMATIVE_RESOLUTION,OTHER_GENERAL
th_107335,107335,139838,"@AmazonHelp hello, she has done that, they have sorted the extra payments that went out but she still hasnt recieved her parcels, and they havent told her where they are, just says they were delivered last friday...Amazon is abit of a joke if im honest!",107334,"@139838 We understand your concern. We don't have access to your account via Twitter, but we'd like another chance to check into this for you. Please us the link provided by ^TK to contact us by phone or chat, so we can look at this in real time. ^AC",Thu Nov 30 18:38:56 +0000 2017,True,INFORMATIVE_RESOLUTION,ORDER_TRACKING_DELAY
th_107337,107337,139838,"@AmazonHelp hello, my partner has ordered some things &amp; they still havent arrived although when she checks her account it says they have been delivered,order number 202-1745465-0997939. also 2 extra payments have gone out of her bank account adding up to £19.99, any ideas? thanks",107336,"@139838 Thanks for reaching out to us! We can help with this. When you have the time, please have your partner contact us via phone/chat here: https://t.co/JzP7hlA23B for real-time assistance. ^TK",Mon Nov 27 13:36:43 +0000 2017,True,INFORMATIVE_RESOLUTION,ORDER_TRACKING_DELAY
th_108070,108070,139996,@AmazonHelp “In real-time”? By that you mean over the phone? My order isn’t displaying either.,108069,@139996 I'm so sorry about that! Please try this link: https://t.co/JzP7hlA23B instead. We're available in real-time via the Phone or Chat options in the link above. ^EZ,Thu Nov 23 19:39:10 +0000 2017,True,INFORMATIVE_RESOLUTION,ORDER_TRACKING_DELAY
th_108072,108072,139996,@AmazonHelp Do you realise how unhelpful that response is? What do you suggest I do? Stay at work until 8pm? Change delivery to my home address and hope it’s delivered in the evening? Or just not shop with you? I’m all ears.,108071,"@139996 I completely understand your frustration! Let's take a look into available options in real-time. When you have a free moment, please reach out to us here: https://t.co/hApLpMlfHN",Thu Nov 23 18:52:12 +0000 2017,True,INFORMATIVE_RESOLUTION,ORDER_TRACKING_DELAY
th_108074,108074,139996,"Hi @AmazonHelp. Any chance of my package arriving during work hours tomorrow? Because, you know, I’m not at home during the day, and I generally like to leave work at 5pm. Thanks.",108073,"@139996 I understand your concern, Adam! We'd like to help! Depending on your carrier, your package can usually be delivered anytime until 8:00 PM. ^HM",Thu Nov 23 18:41:08 +0000 2017,True,INFORMATIVE_RESOLUTION,ORDER_TRACKING_DELAY
th_108076,108076,139997,@AmazonHelp It’s working on my tv downstairs now! I’m going to take it upstairs again and see if okay there too now.,108078,@139997 Please keep us informed of how this goes! ^DO,Thu Nov 23 19:53:16 +0000 2017,True,INFORMATIVE_RESOLUTION,OTHER_GENERAL
th_108077,108077,139997,@AmazonHelp I have now tried in another tv and it’s as dead as anything.,108075,"@139997 Oh no! Let's take a look into this further in real-time. When you have a chance, reach out to us here: https://t.co/hApLpMlfHN",Thu Nov 23 19:38:19 +0000 2017,True,INFORMATIVE_RESOLUTION,OTHER_GENERAL
th_108081,108081,139997,@AmazonHelp I’ve plugged in the tv bit and now put the batteries in the remote but nothing is happening. The remote is dead.,108079,"@139997 Thanks for the update, Charlotte! You may want to check that the Micro-USB power cable is fully connected on the Fire TV Stick. If you've got it connected directly to a USB port on the TV, please try the wall adapter as it may not be getting enough power. ^GS",Thu Nov 23 19:17:49 +0000 2017,True,INFORMATIVE_RESOLUTION,OTHER_GENERAL
th_108086,108086,139998,@AmazonHelp It came after all.  :) Thank you,108084,@139998 Excellent! Thanks for letting us know! :) Enjoy the rest of your day! ^BL,Thu Nov 23 19:38:25 +0000 2017,True,INFORMATIVE_RESOLUTION,OTHER_GENERAL
th_108089,108089,139998,@AmazonHelp It says it has been dispatched.,108087,"@139998 Ok, Keep an eye on the emails and keep us in the loop ^DJ",Thu Nov 23 16:59:10 +0000 2017,True,INFORMATIVE_RESOLUTION,OTHER_GENERAL
th_108091,108091,139998,"@AmazonHelp Disappointed that I ordered something through Prime, expected to receive today and now had email to say won't be here for up to two more days.",108090,"@139998 Hi Sarah. I'm so sorry to hear about the delay in your order! This certainly isn't what we strive for. Just to confirm, has your order already shipped? You can see the status here: https://t.co/aaDyEz1VgE. ^HC",Thu Nov 23 16:51:54 +0000 2017,True,INFORMATIVE_RESOLUTION,PRIME_MEMBERSHIP_BILLING
th_108122,108122,140002,"@AmazonHelp It was a prime product being filled by Amazon, When I purchased it on the 20th.",108121,"@140002 Thanks for the info, Shaun! Can you let us know the original delivery date listed in your order confirmation email? ^GS",Thu Nov 23 19:36:30 +0000 2017,True,INFORMATIVE_RESOLUTION,PRIME_MEMBERSHIP_BILLING
th_108134,108134,140005,What’s happening @115821? Is prime no longer next day? Explanation please @AmazonHelp,108133,@140005 We're here to help! We always strive to deliver by the date provided at checkout. Our shipping times refer to the transit time once the order has dispatched. More information on our shipping speeds can be found here: https://t.co/DvVUZgw0x5 ^ML,Thu Nov 23 19:08:04 +0000 2017,True,INFORMATIVE_RESOLUTION,PRIME_MEMBERSHIP_BILLING
th_108157,108157,140009,"@AmazonHelp Minha conta é no Banco do Brasil, cartão Elo ...",108156,"@140009 Sérgio, atualmente aceitamos cartões de débito das bandeiras Visa e Mastercard emitidos pelos bancos Bradesco, Itaú e Santander e Banco do Brasil, você pode verificar nossas formas de pagamento aceitas no seguinte link:https://t.co/Ugn55mlaTx  ^HC",Thu Nov 23 19:32:33 +0000 2017,True,INFORMATIVE_RESOLUTION,OTHER_GENERAL
th_108159,108159,140009,@AmazonHelp O site não valida as informações do meu cartão de débito.,108180,"@140009 Sergio, neste caso recomendamos entrar em contato com nossos colegas do Suporte ao Cliente, para que eles forneçam assistência no processo de compra e verificação do seu cartão no seguente link: https://t.co/qGpkDwGRhX. ^AG",Thu Nov 23 19:30:34 +0000 2017,True,INFORMATIVE_RESOLUTION,OTHER_GENERAL
th_108188,108188,140014,@AmazonHelp It was supposed to be delivered to my office by 3pm.  Office is closed for the holidays now!,108187,@140014 Was our carrier made aware of your business hours?  ^AG,Wed Nov 22 23:01:32 +0000 2017,True,INFORMATIVE_RESOLUTION,ORDER_TRACKING_DELAY
th_108190,108190,140014,@AmazonHelp And the saga continues despite assurances from customer service that I would receive my package today.,108189,"@140014 I'm sorry for the frustration! Deliveries can be as late as 8:00PM. If your order hasn't arrived by then, please let us know.  ^AC",Wed Nov 22 22:28:23 +0000 2017,True,INFORMATIVE_RESOLUTION,ORDER_TRACKING_DELAY
th_108200,108200,140017,@AmazonHelp  I already called u guys and explained the issue but u guys told me that  u guys are not reliable for your application glitches,108202,@140017 I'm sorry to know about your experience. Please share your details here: https://t.co/GIJyeYqKE0 I'll reach out to you with further assistance. ^SV,Thu Nov 23 21:51:12 +0000 2017,True,INFORMATIVE_RESOLUTION,OTHER_GENERAL
th_108211,108211,140020,@AmazonHelp 4 of december. My question is if there is a problem with my order,108210,@140020 We understand that you want to make sure your order is okay and we do want to assist! What is showing for the current status of the order? Order status can be located here: https://t.co/aaDyEz1VgE ^TE,Thu Nov 23 19:19:43 +0000 2017,True,INFORMATIVE_RESOLUTION,ORDER_TRACKING_DELAY
th_108213,108213,140020,@AmazonHelp the item is in stock and also i spoke with someone with live chat and assured me that my order was going to ship last night. Not,108212,@140020 What was the delivery date given in your confirmation e-mail here: https://t.co/t2U6fyfmqw?  ^KP,Thu Nov 23 17:39:29 +0000 2017,True,INFORMATIVE_RESOLUTION,ORDER_TRACKING_DELAY
th_108215,108215,140020,@AmazonHelp is there a problem with orders shipping from Amazon Uk and Amazon IT? I order since 18 of November and didnt ship yet!,108214,"@140020 I'm sorry for the concern, Michalis! If the item you're ordering is out of stock or unavailable to ship immediately, it may take additional processing time before being shipped: https://t.co/DwaprVnZZA. I hope this is helpful! ^SD",Thu Nov 23 17:27:46 +0000 2017,True,INFORMATIVE_RESOLUTION,ORDER_TRACKING_DELAY
th_108219,108219,140022,@AmazonHelp We've been restarting our Network and fire stick for over a year now. I'm completely over this. This piece of technology is trash. It has caused so many headaches,108218,"@140022 So sorry to hear that this has been happening for so long! In this case, can you please reach out to us here via phone or chat so that we can look into this further with you and do some live troubleshooting?  https://t.co/hApLpMlfHN ^GS",Thu Nov 23 19:26:02 +0000 2017,True,INFORMATIVE_RESOLUTION,OTHER_GENERAL
th_108221,108221,140022,"@AmazonHelp We don't get error messages it just shuts off, exits apps and disconnected from our wifi accounts.",108220,@140022 Please try restarting your device and network to see if that clears out any cached data that may be behind the issue. ^DO,Thu Nov 23 19:21:53 +0000 2017,True,INFORMATIVE_RESOLUTION,PRODUCT_TECH_SUPPORT
th_108231,108231,140023,@AmazonHelp To talk to customer service which I already did.,108232,"@140023 When you spoke with Customer Service, did they let you know that an Account Specialist would get back with you within 1-2 business days? ^GP",Fri Nov 24 14:43:09 +0000 2017,True,INFORMATIVE_RESOLUTION,OTHER_GENERAL
th_108237,108237,140025,@AmazonHelp It says it was delivered by amazon shipping. It also said it was handed to resident which is clearly wasn’t.,108236,"@140025 Thanks for that information, Andy! To further assist you, please reach out to us via the link provided earlier. ^AR",Thu Nov 23 19:25:01 +0000 2017,True,INFORMATIVE_RESOLUTION,ORDER_TRACKING_DELAY
th_108239,108239,140025,@AmazonHelp This has now been located. It’s was with a neighbour but not next door and left on there doorstep. Not sure why it said it had been left with me when clearly not.,108238,"@140025 I am sorry for the poor delivery service. This is definitely not the customer experience we strive for.  Just to clarify, could you confirm the carrier for delivery as shown in your orders: https://t.co/hApLpMlfHN ^SC",Thu Nov 23 19:06:08 +0000 2017,True,INFORMATIVE_RESOLUTION,OTHER_GENERAL
th_108241,108241,140025,"@AmazonHelp I have checked with neighbours, my safe place and no delivery card through the door.",108240,"@140025 Thank you for confirming! If you're unable to locate your item after following the steps previously provided, please ring us here: https://t.co/JzP7hlA23B so we can research this further with you. ^HC",Thu Nov 23 18:05:33 +0000 2017,True,INFORMATIVE_RESOLUTION,ORDER_TRACKING_DELAY
th_108243,108243,140025,@AmazonHelp Hi. I had a notification today saying my parcel had arrived but I haven’t got it.,108242,@140025 I'm sorry you haven't received your order. Here are some tips to help you locate your order: https://t.co/xvtUDSdExC^CO,Thu Nov 23 17:56:19 +0000 2017,True,INFORMATIVE_RESOLUTION,ORDER_TRACKING_DELAY
th_108246,108246,126981,@AmazonHelp 'prime one day delivery' but it's not due to come until Monday 27th? Ey?,108244,"@126981 I'm sorry for the frustration! Depending on the time of day, it will be dispatched the same day it was ordered. Parcels going to residential addresses might be delivered on Sunday. For more information, you may visit this link: https://t.co/9NlFo51tc9 ^SJ",Thu Nov 23 19:16:58 +0000 2017,True,INFORMATIVE_RESOLUTION,PRIME_MEMBERSHIP_BILLING
th_108259,108259,140028,@AmazonHelp Yes you have,108258,"@140028 To best assist you Matthew, will you confirm the tracking details listed here: https://t.co/aaDyEz1VgE? ^CS",Thu Nov 23 19:10:54 +0000 2017,True,INFORMATIVE_RESOLUTION,OTHER_GENERAL
th_108261,108261,140028,"@AmazonHelp I ordered a product on Sunday evening with one day delivery from amazon prime and it’s still not arrived, can you help?",108260,@140028 We'd love to help! Have we missed the delivery date provided in your confirmation e-mail? ^ML,Thu Nov 23 18:53:32 +0000 2017,True,INFORMATIVE_RESOLUTION,PRIME_MEMBERSHIP_BILLING
th_108263,108263,140029,@AmazonHelp What about other prime members like meThough I'm not having echo devices.,108265,@140029 I get your concern about prime music. Currently we have not yet made any announcement on this. Please stay tuned to our website for any updates. ^SV,Thu Nov 23 19:39:52 +0000 2017,True,INFORMATIVE_RESOLUTION,PRIME_MEMBERSHIP_BILLING
th_108271,108271,140031,@AmazonHelp Yes I updated it yesterday. I can add other things to the basket and I brought some bits yesterday no problem,108270,"@140031 We would like to trouble shoot this more thoroughly, James! Please contact us directly through the following link, either call or chat, and we'll do everything we can to get this issue sorted for you.  https://t.co/JzP7hlA23B ^JD",Thu Nov 23 19:01:50 +0000 2017,True,INFORMATIVE_RESOLUTION,OTHER_GENERAL
th_108275,108275,140032,@AmazonHelp Common sense prevails. I appreciate the support &amp; good will compensation. I hope you can learn from your errors. Thank you. Great service. I wish public services were good as you here in UK to correct their errors! ❤️ https://t.co/KnD9rL5tSn,108277,@140032 Thank you for the update! I'm so glad we could help resolve this issue!  ^SE,Fri Nov 24 02:19:33 +0000 2017,True,INFORMATIVE_RESOLUTION,OTHER_GENERAL
th_108276,108276,140032,Hi @AmazonHelp my account in my name but prime been charged with my brother's card. This is totally unnecessary. We've different names. Please give me your email.,108274,@140032 I'm sorry the wrong card was charged. We can look into you options with you here: https://t.co/qy3J24VGxb ^AF,Thu Nov 23 19:21:10 +0000 2017,True,INFORMATIVE_RESOLUTION,PRIME_MEMBERSHIP_BILLING
th_108300,108300,140038,@AmazonHelp Still no sign of the package and it’s after 8pm now. Joke.,108301,@140038 Thanks for keeping us update! I'm sorry your package is delayed! Have you received an updated delivery date in your e-mail. ^AR,Thu Nov 23 20:23:57 +0000 2017,True,INFORMATIVE_RESOLUTION,ORDER_TRACKING_DELAY
th_108302,108302,140038,"@AmazonHelp No I haven’t, it was as a gift and they are expecting it today like it stated.",108303,"@140038 We'd like to look into this further with you. When you have a moment, please contact us by phone or chat here: https://t.co/qy3J24VGxb ^AC",Thu Nov 23 20:31:14 +0000 2017,True,INFORMATIVE_RESOLUTION,OTHER_GENERAL
th_108306,108306,140038,@AmazonHelp It’s now saying the package has been delivered but there’s nothing in the states location!,108307,@140038 Here's some tip on finding packages marked as delivered: https://t.co/Ey5X9raLfr ^AG,Thu Nov 23 21:06:11 +0000 2017,True,INFORMATIVE_RESOLUTION,ORDER_TRACKING_DELAY
th_108299,108299,140038,@AmazonHelp I have a package that said it would be deliver at before 8pm UK time. It still hasn’t been delivered...,108297,"@140038 Hello Luke, thanks for reaching out to us over Twitter! Have you received any delay notices on your parcel? If not, we still expect your parcel to be delivered on time. If you do not receive it by 2100, then please let us know! ^AR",Thu Nov 23 19:18:47 +0000 2017,True,INFORMATIVE_RESOLUTION,ORDER_TRACKING_DELAY
th_109774,109774,140377,@AmazonHelp not the first time this has happened and we have lost orders. No card has been posted either at our door to say where it is,109770,"@140377 We'd like to look into this further with you. When you have a moment, please contact us by phone or chat here: https://t.co/qy3J24VGxb ^AC",Thu Nov 23 20:09:39 +0000 2017,True,INFORMATIVE_RESOLUTION,OTHER_GENERAL
th_109777,109777,140377,@AmazonHelp why does our stuff keep going missing from the littlehampton delivery truck. It's been twice now,109775,"@140377 That's odd! We'd like to help, we just need a little more information. Have you had trouble with a recent order/delivery? Could you tell us more details about what's going on? ^HM",Thu Nov 23 20:01:38 +0000 2017,True,INFORMATIVE_RESOLUTION,ORDER_TRACKING_DELAY
th_109780,109780,140378,"@AmazonHelp Oh, I always have issues with Amazon couriers. It's super sketch just to have a random dude show up with an Amazon package for you with no identifying logo. And why does it matter if it's 3rd party or not? It's still your platform, your responsibility.",109778,"@140378 If we've missed the delivery date provided in your Order Confirmation e-mail, we're happy to review available options with you here: https://t.co/hApLpMlfHN. ^EZ",Thu Nov 23 20:00:17 +0000 2017,True,INFORMATIVE_RESOLUTION,ORDER_TRACKING_DELAY
th_109804,109804,140382,Genuinely hate @115830 next day delivery from an order placed now is apparently Tuesday! No doubt @AmazonHelp will have some bs excuse!,109801,"@140382 Hi! We're trying to ship out parcels as quickly as possible, our delivery dates are reflecting the current demand. Here is some information explaining our shipping time fames: https://t.co/K2LFHzcBZT Let us know if you have any questions! ^DA",Thu Nov 23 20:01:02 +0000 2017,True,INFORMATIVE_RESOLUTION,ORDER_TRACKING_DELAY
th_109815,109815,140384,@AmazonHelp Doesn't say who the carrier is...or at least I'm struggling to find it but I do have the tracking id which is Q22645230353,109817,"@140384 We'd like to look into this further with you. When you have a moment, please contact us by phone or chat here: https://t.co/qy3J24VGxb ^AC",Thu Nov 23 20:12:49 +0000 2017,True,INFORMATIVE_RESOLUTION,ORDER_TRACKING_DELAY
th_109816,109816,140384,"@AmazonHelp It just says ""delayed due to external factors"" both of the times it has been out for delivery",109814,@140384 What does tracking say who the carrier is? You can find that under your orders here: https://t.co/aaDyEz1VgE ^MH,Thu Nov 23 20:00:28 +0000 2017,True,INFORMATIVE_RESOLUTION,ORDER_TRACKING_DELAY
th_109844,109844,140390,"@AmazonHelp Cheers mate, I ordered a PS4 pro bundle with a game, is it normal they will come separately?",109842,"@140390 This would depend on a few factors; such as where the items are shipping from, availability and if the options to group into as few deliveries as possible was selected at checkout. Learn more here: https://t.co/BJslyJAh6P ^KH",Thu Nov 23 19:59:12 +0000 2017,True,INFORMATIVE_RESOLUTION,OTHER_GENERAL
th_109847,109847,140390,@AmazonHelp when will I be charged for my order? When it ships?,109846,@140390 Absolutely! We only charge for an order once we are 100% sure it is on its way to you. I hope this information helps! ^JD,Thu Nov 23 19:38:09 +0000 2017,True,INFORMATIVE_RESOLUTION,PRIME_MEMBERSHIP_BILLING
th_109849,109849,140391,"@AmazonHelp Shocking again - didn’t show up yesterday; spoke to customers services, rebooked for today...no show again https://t.co/CWv5lCwKB6",109848,@140391 Please reach out to us here: https://t.co/JzP7hlA23B so we can look into this with you. ^ZW,Thu Nov 23 20:01:13 +0000 2017,True,INFORMATIVE_RESOLUTION,OTHER_GENERAL
th_109851,109851,140391,@AmazonHelp It’s 8:06 now - it was 8:00 when I tweeted.....no delivery,109850,"@140391 I'm sorry for the trouble with your delivery! Please give us a call or chat here, https://t.co/JzP7hlA23B, so we can investigate this together. ^TG",Wed Nov 22 20:06:55 +0000 2017,True,INFORMATIVE_RESOLUTION,ORDER_TRACKING_DELAY
th_109864,109864,140392,@AmazonHelp @115850 Trying reaching amazon customer care since last 3 weeks regarding order 408-3616751-7832318. Tried through email and call but no response. Tried in app help but no relevant option. @115851 #amazon #unhappy #fraud,109865,"@140392 Apologies, Dheeraj. We'd like to have a closer look at this. Kindly drop in your details here: https://t.co/GIJyeYqKE0 and we'll reach out to you. Please don't provide your order details as we consider it personal information.Our twitter page is visible to public.^NK",Mon Nov 27 12:42:00 +0000 2017,True,INFORMATIVE_RESOLUTION,ESCALATION_HIGH_RISK
th_109866,109866,140392,@AmazonHelp I already have given my details on the shared link. It is going to be now around 30 days since i am trying to reach amazon customer care. @115851 @amazonhelp #unhappy #poorservice #amazon #retail #ecommerce,109867,@140392 Thanks a bunch for sharing your details with us. We shall reach out at the earliest to make things right. We value your time. ^CB,Wed Nov 29 12:07:20 +0000 2017,True,INFORMATIVE_RESOLUTION,OTHER_GENERAL
th_109868,109868,140392,@AmazonHelp 30 days since i raised an issue but no one contacted yet from amazon. @115851 @amazonhelp #unhappy #poorservice #amazon #retail,109869,"@140392 I have checked on my resource and can see that we have not received your details yet, Dheeraj. Kindly share your details using the link provided earlier and we'll contact you shortly. ^MP",Fri Dec 01 01:25:38 +0000 2017,True,INFORMATIVE_RESOLUTION,OTHER_GENERAL
th_109875,109875,140394,@AmazonHelp top service. Common sense prevailed. You need to give some lessons to your live chat and call centre teams 👏👏👏👏,109877,@140394 Thank you for the feedback. Let us know if there's anything else we can help you with. ^MI,Sat Nov 25 10:14:58 +0000 2017,True,INFORMATIVE_RESOLUTION,OTHER_GENERAL
th_109876,109876,140394,@AmazonHelp before sending checked with live chat I'd get a full refund. They said yes. I returned. Now you're saying the credits lost,109874,@140394 I'm sorry to hear we've let you down like this! I'd like a member of my team to look into this with you further: https://t.co/gbpERXx3MO Thank you! ^ML,Thu Nov 23 19:46:29 +0000 2017,True,INFORMATIVE_RESOLUTION,REFUND_RETURN_INQUIRY
th_109880,109880,140394,@AmazonHelp does this make any sense.. You messed up an order and credited my account £30. I spent it but the order was too small so I,109879,"@140394 I am sorry you are frustrated! Let make sure I understand, you returned an order and we credited you for that order? Am I understanding you? ^DJ",Thu Nov 23 19:14:32 +0000 2017,True,INFORMATIVE_RESOLUTION,ORDER_TRACKING_DELAY
th_109883,109883,140395,@AmazonHelp I’m getting no where with emailing customer service. This is beyond a joke.  Thanks amazon for stealing $100 from me. Can’t even tell me what’s happend because of confidentiality reasons. Never buying e-gift cards again. What a joke,109881,"@140395 I'm so sorry to hear you've had a poor experience with us, Matt! We are here to help. While being in contact with us, what options have been provided to you? ^HM",Thu Nov 23 20:00:00 +0000 2017,True,INFORMATIVE_RESOLUTION,OTHER_GENERAL
th_109886,109886,140396,"@AmazonHelp No I don’t as there isn’t a safe place to leave it, outside my house for anyone to steal definitely isn’t a safe place!",109888,"@140396 I understand your concern, Gemma. You can also nominate a neighbor to take a parcel on your behalf if you're at not home for delivery https://t.co/d3eRM7u7cG.^CN",Sat Nov 25 13:25:15 +0000 2017,True,INFORMATIVE_RESOLUTION,OTHER_GENERAL
th_109889,109889,140396,@AmazonHelp I am aware of that thank you. I just think you need to sort out your delivery drivers!,109890,"@140396 We're always looking for ways to improve! If you'd like, you can leave your feedback with us via e-mail here: https://t.co/JzP7hlA23B ^KP",Sat Nov 25 15:12:21 +0000 2017,True,INFORMATIVE_RESOLUTION,ORDER_TRACKING_DELAY
th_109909,109909,140399,@AmazonHelp So you're ignoring the fact that you've not refunded the delivery cost? 🤦,109907,@140399 We'd be happy to look into all options with you. Please contact us by phone or chat here: https://t.co/qy3J24VGxb ^AC,Thu Nov 23 19:56:06 +0000 2017,True,INFORMATIVE_RESOLUTION,ORDER_TRACKING_DELAY
th_109914,109914,140399,"@AmazonHelp I cannot understand why your staff would think that they are helping me by cancelling my order repeatedly and charging me for the delivery and order multiple times, and behaving like I should be thankful for being robbed! You have my TV, you could deliver it tomorrow but no.",109913,"@140399 I understand the frustration! Have you received e-mail confirmation of the due refunds? We want to ensure your T.V. arrives, have we provided a new delivery date? ^CS",Thu Nov 23 18:57:21 +0000 2017,True,INFORMATIVE_RESOLUTION,ORDER_TRACKING_DELAY
th_109917,109917,140399,@AmazonHelp @115830 Making money off it. This #BlackFriday reconsider if whether the offer on @115830  is really worth the risk of them hoarding your money and not providing the goods. #poorservice #poorcustomerservice #scammers (/2),109916,"@140399 I apologize for the trouble with your recent order! We're more than happy to help if we can! When you spoke to us, what information or options were we able to provide. In addition, please see some tips here that may help: https://t.co/TXclgUwW84 ^CS",Thu Nov 23 18:07:13 +0000 2017,True,INFORMATIVE_RESOLUTION,OTHER_GENERAL
th_109920,109920,140400,@AmazonHelp I received it yesterday 😊,109919,@140400 Thanks for letting us know! We are happy to hear you received your order! 😁,Thu Nov 23 19:56:08 +0000 2017,True,INFORMATIVE_RESOLUTION,OTHER_GENERAL
th_109932,109932,140402,@AmazonHelp Y i cant share my details. I think now evrybody should know that u guys are doing ur job.N ur cust service is vry pathetic. How come  u can say directly to anyone that not yo share details. Its my right to share if i m.not getting resolution. This is 2nd time happneing with me.,109933,"@140402 It was never our intention to hurt your sentiments. We'd like to have a closer look at this, kindly share your details here: https://t.co/beaaDm0muc and we’ll contact you soon.^VH",Fri Nov 24 13:09:31 +0000 2017,True,INFORMATIVE_RESOLUTION,OTHER_GENERAL
th_109929,109929,140402,@AmazonHelp Team may i know the reason. Y u guys were cancelled my order,109927,"@140402 As informed earlier, you must've received an email with the reason for cancellation. Please check that and revert for further updates. ^MK",Thu Nov 23 19:48:40 +0000 2017,True,INFORMATIVE_RESOLUTION,ORDER_TRACKING_DELAY
th_109939,109939,140404,@AmazonHelp You see I needed the product ordered to that address next day as I was leaving the day after for two weeks,109938,@140404 I'm sorry for the frustration! Have you received the item? ^AC,Thu Nov 23 19:55:57 +0000 2017,True,INFORMATIVE_RESOLUTION,OTHER_GENERAL
th_109942,109942,140404,@115821 @AmazonHelp was promised next day delivery and it has been changed to later,109940,@140404 Hey Hannah! I'm sorry for the frustration. We'd like to help if we can! Did you receive any e-mails providing insight on the delivery date change? ^AJ,Fri Nov 10 23:45:06 +0000 2017,True,INFORMATIVE_RESOLUTION,ORDER_TRACKING_DELAY
th_109946,109946,125706,@AmazonHelp Amazon people have touched my account without my permission. You guys have rights to peep into customer’s account. Shame,109944,@125706 Apologies. Request you to please reply to the email correspondence sent by our team and we'll look into this. ^MK,Thu Nov 23 19:42:48 +0000 2017,True,INFORMATIVE_RESOLUTION,OTHER_GENERAL
th_109948,109948,125706,@AmazonHelp This is really serious and i am ashamed of trusting amazon,109947,@125706 I get your disappointment. We have received your details and are working on your concern. We will get back to you with an update soon. ^SD,Wed Nov 22 23:22:03 +0000 2017,True,INFORMATIVE_RESOLUTION,OTHER_GENERAL
th_109952,109952,125706,@AmazonHelp what do you mean by 2-day shipping? customer care executive is saying that 2-day shipping means we can ship anytime and 2 days are counted after shipping. why is he fooling ?,109951,"@125706 I'm so sorry to hear this, Arushi! We'd like to look into this with you in real time. Please share your details here: https://t.co/beaaDm0muc and I’ll contact you soon. ^SM",Wed Nov 22 21:34:50 +0000 2017,True,INFORMATIVE_RESOLUTION,OTHER_GENERAL
th_109954,109954,140405,.@AmazonHelp Genuinely just want to cancel my membership and never shop with you again at this point. None of my things come when they’re supposed to. What am I paying for?,109953,@140405 I'm sorry for the poor experience! Do you have a current order that is late or delayed that we can help you with? We'd like to help! ^ZW,Thu Nov 23 19:46:12 +0000 2017,True,INFORMATIVE_RESOLUTION,PRIME_MEMBERSHIP_BILLING
th_109956,109956,140406,Hey @115850 @AmazonHelp either stop creeping me out with your ads everywhere or I'm uninstalling the app!,109955,"@140406 I understand your concern regarding the advertisements. Clearing your caches and cookies, should fix it. Do let us know if it still persists. ^AM",Thu Nov 23 19:28:53 +0000 2017,True,INFORMATIVE_RESOLUTION,PRODUCT_TECH_SUPPORT
th_109968,109968,140409,"@AmazonHelp From I could barely understand they *might* send a replacement but I need to pay postage then claim it back - really? How that is helping me I don’t know. I’m really done filling in forms, phoning and your awful deliveries - stop throwing over the fence!",109970,"@140409 I'm sorry for the frustration! To clarify, was your product fulfilled by a third-party seller or us? ^AR",Thu Nov 23 20:55:45 +0000 2017,True,INFORMATIVE_RESOLUTION,OTHER_GENERAL
th_110000,110000,140419,"@115830 @AmazonHelp Hi, I changed my Prime membership to monthly pay but you still took the £79 yearly fee out, how do I get that refunded either fully or minus the £7.99 monthly fee???",109999,@140419 We're sorry about that. If you could reach out to us via phone or chat here: https://t.co/JzP7hlA23B we can assist you going forward. ^TE,Thu Nov 23 19:46:35 +0000 2017,True,INFORMATIVE_RESOLUTION,PRIME_MEMBERSHIP_BILLING
th_110017,110017,140424,@115850 @AmazonHelp Want to urge you to enable Kannada fonts &amp; language and publishing of Kannada ebooks on all kindle versions !,110016,"@140424 I understand your concern, Avinash. I'll be sure to forward your feedback internally to the team concerned. ^MK",Thu Nov 23 19:41:55 +0000 2017,True,INFORMATIVE_RESOLUTION,PRODUCT_TECH_SUPPORT
th_110027,110027,140428,@AmazonHelp @115833 @136314 not happy after purchasing the echo I found there is no way of setting parental controls on songs so my kids can hear  songs with explicit lyrics!? Please advise,110026,"@140428 Our Echo team is always interested in hearing feedback about how we can improve our services. For more information on sharing feedback, please go here: https://t.co/pgIBgkoXZN ^MB",Thu Nov 23 19:37:37 +0000 2017,True,INFORMATIVE_RESOLUTION,PRODUCT_TECH_SUPPORT
th_111726,111726,140820,@AmazonHelp Come on now...I’ve checked everywhere! It says it’s been handed to resident?! Where is it???,111727,"@140820 Sadly, due to account security, we don't have any additional information available via Twitter. Please contact our customer service by phone or chat here: https://t.co/JzP7hlA23B Let us know what they find. ^DA",Thu Nov 23 21:07:22 +0000 2017,True,INFORMATIVE_RESOLUTION,OTHER_GENERAL
th_111729,111729,140820,"@AmazonHelp Was supposed to get an email from a customer service agent today before 9pm and nothing! No item, no money and seriously annoyed! Customer service is shocking!!",111730,@140820 Please reach out to us here: https://t.co/JzP7hlA23B . We'd like to take a closer look at this. ^LJ,Sat Nov 25 22:10:24 +0000 2017,True,INFORMATIVE_RESOLUTION,OTHER_GENERAL
th_111731,111731,140820,@AmazonHelp Why are you asking me to email in to customer service? I’m already waiting on a response from them via email and they are now 90 mins late!!,111732,"@140820 For fastest assistance, please select phone or chat instead, as both are currently available. ^AM",Sat Nov 25 22:31:14 +0000 2017,True,INFORMATIVE_RESOLUTION,ORDER_TRACKING_DELAY
th_111733,111733,140820,@AmazonHelp STILL NO RESPONSE FROM AMAZON! Disgusting customer service! Should be ashamed!! https://t.co/tlcWPmFjQy,111734,"@140820 I'm so sorry. As we are unable to view account or order info via Twitter, please give us another chance to look into this in real time. To do so, use the link previously provided by ^LJ and choose phone or chat for real-time assistance with available options. ^DO",Sun Nov 26 18:43:24 +0000 2017,True,INFORMATIVE_RESOLUTION,OTHER_GENERAL
th_111736,111736,140820,@AmazonHelp This really is a joke! Leave packaging feedback for an item that’s not been delivered??? https://t.co/kGRAtNbunu,111737,"@140820 Apologies for that Kim, it is just an automated email sent to you by our system. Have you contacted us again regarding your order?^MA",Mon Nov 27 11:29:48 +0000 2017,True,INFORMATIVE_RESOLUTION,ORDER_TRACKING_DELAY
th_111738,111738,140820,@AmazonHelp I’ve emailed 4 times with no response and also made it clear that this was to escalated to complaint,111739,"@140820 Hey Kim, id recommend calling us or reaching out by chat here:  https://t.co/JzP7hlA23B ^RS",Mon Nov 27 11:34:32 +0000 2017,False,PURE_DM_REQUEST_NO_GUIDANCE,OTHER_GENERAL
th_111724,111724,140820,"@AmazonHelp just checked account online and says parcel delivered, handed to resident - no parcel here!!!",111721,@140820 Oh no! Please try the steps found here: https://t.co/1ci5VCVmay. Let us know how it goes. EZ,Thu Nov 23 20:31:15 +0000 2017,True,INFORMATIVE_RESOLUTION,ORDER_TRACKING_DELAY
th_111744,111744,140822,@AmazonHelp I have already done so. Where is my response? In the bin also?,111746,"@140822 Did you send us an e-mail? If so, e-mail responses can take up to 12 hours. If you haven't already done so, you can set up your Unattended Delivery Preferences here: https://t.co/38L6JFZAup. ^EZ",Thu Nov 23 20:41:05 +0000 2017,True,INFORMATIVE_RESOLUTION,OTHER_GENERAL
th_111749,111749,140823,"@AmazonHelp I am planning to get the fire HD 8"" tablet - https://t.co/R5h0kdEZrh",111751,"@140823 Yes, Facebook Live will work on this device.  ^AF",Thu Nov 23 20:38:51 +0000 2017,True,INFORMATIVE_RESOLUTION,OTHER_GENERAL
th_111764,111764,140827,"@AmazonHelp No emails received, I've ordered many times in the past without any problem. According to the tracking it was dispatched from stretford at 10.05am and that's less than 5 miles away :(",111766,"@140827 Hey, Stephen. Since you haven't received any updated tracking information it would be best for us to review this with you directly. Please reach out to us here: https://t.co/JzP7hlA23B ^LA",Thu Nov 23 20:40:57 +0000 2017,True,INFORMATIVE_RESOLUTION,ORDER_TRACKING_DELAY
th_111772,111772,140828,"@AmazonHelp No I wasn’t advised a date because no one will speak to me! It was delivered by Hermes. I’ve spoken to them this morning but they said it’s something that amazon take up with them, not me",111773,"@140828 Hello Rosie, I am sorry to hear that this has happened to you. Please follow this link: https://t.co/mk7tow11c4 and we will be in touch. ^HS",Fri Nov 24 08:27:36 +0000 2017,True,INFORMATIVE_RESOLUTION,ORDER_TRACKING_DELAY
th_111786,111786,140831,"@AmazonHelp Hello, I haven’t heard anything since, is there an update on this?",111788,@140831 I'm sorry for the wait. We're still investigating the situation and will get back to you as soon as possible.^PJ,Fri Nov 24 07:50:10 +0000 2017,True,INFORMATIVE_RESOLUTION,OTHER_GENERAL
th_111787,111787,140831,"@AmazonHelp Hello, when will I get an update? I’ve been waiting all day...",111784,@140831 We're sorry for the wait. I can confirm we have received your information and will be reaching out to you soon to assist. ^TE,Thu Nov 23 20:23:39 +0000 2017,True,INFORMATIVE_RESOLUTION,OTHER_GENERAL
th_111792,111792,140831,"@AmazonHelp I was told I was already refunded and that is it, then I tried explaining that I haven’t and he raised his voice and said that is it final warning , we can’t help you . I’m not sure what the warning was for but I just hung up after , worst service I ever dealt with",111790,@140831 I'm sorry for the experiences you've had thus far with this situation. Our team would like to take a closer look with you.  Could you reach out to us here: https://t.co/ADtQ90Y0H8 so we can review the information with you? ^AZ,Thu Nov 23 13:27:22 +0000 2017,True,INFORMATIVE_RESOLUTION,OTHER_GENERAL
th_111794,111794,140831,@AmazonHelp Can you guys check my account and listen to the last phone call I had with the supervisor/customer service. He flat out lied on my account and then got aggressive and warned me when I was trying to explain ...I need Help #BlackFriday2017 #amazon #bitcoin,111793,"@140831 We wouldn't have access to your account from here for security reasons. I'm sorry to hear about your call, what was advised when you spoke with us? ^NV",Thu Nov 23 13:17:04 +0000 2017,True,INFORMATIVE_RESOLUTION,OTHER_GENERAL
th_111798,111798,140831,"@AmazonHelp I am missing 2 refunds out of 6 items I returned, I used the other 4 refunds on other items already and waiting for the last 2 to be refunded. he stated I already used the last 2 when it obviously has not been refunded, I have all transactions on my account still and saved",111795,"@140831 Hey, did you receive emails confirming all six refunds? Also, can you see which refunds were processed here - https://t.co/ImPN7ZRn5O, select ""Order Details"". Keep us posted. ^TP",Thu Nov 23 12:53:51 +0000 2017,True,INFORMATIVE_RESOLUTION,REFUND_RETURN_INQUIRY
th_111804,111804,140832,@AmazonHelp This refund process is taking way to long  i have had to speak with multiple amazon reps this is kinda ridiculous.. i have never had a worse experience getting a refund on something in my life.,111801,"@140832 So sorry for any inconvenience! When you spoke with us about your refund, what insight/information was provided? We'd like to help in any way we can! ^BL",Thu Nov 23 20:29:14 +0000 2017,True,INFORMATIVE_RESOLUTION,REFUND_RETURN_INQUIRY
th_111808,111808,140833,@AmazonHelp The replacement is Dutch 😭😂,111807,@140833 Hey! We'd like to look into this with you! Please reach out to us via phone/chat here: https://t.co/JzP7hlA23B and we can help in real-time. ^TK,Thu Nov 23 20:15:18 +0000 2017,True,INFORMATIVE_RESOLUTION,OTHER_GENERAL
th_111844,111844,140838,@AmazonHelp Is anybody going to contact me about this because I'm now unsure if I'm even going to receive my parcel???,111845,"@140838 Hi, we received your details and are raising it with the relevant team. We'll be in touch as soon as we have received an update. ^KI",Fri Nov 24 08:29:43 +0000 2017,True,INFORMATIVE_RESOLUTION,ORDER_TRACKING_DELAY
th_111842,111842,140838,@AmazonHelp text on his phone for god knows how long and then mess with his satnav all while looking at my door in between,111840,@140838 We'd like to look into this for you. Please leave us your details here: https://t.co/GFouKz1UQU ^MH,Thu Nov 23 20:10:53 +0000 2017,True,INFORMATIVE_RESOLUTION,OTHER_GENERAL
th_111853,111853,140838,@AmazonHelp with my parcel??,111852,@140838 Who was the courier that was assigned to delivery your order?^SM,Thu Nov 23 10:26:35 +0000 2017,True,INFORMATIVE_RESOLUTION,ORDER_TRACKING_DELAY
th_111865,111865,140841,@AmazonHelp It does not work. There is no wwe network app in the Fire 10 store,111864,"@140841 I'm sorry to hear it's not available on your device, Greg! In this case, it's best to let the developer know by sending feedback to: __email__. Please let us know if there's anything else we can do to help! ^CS",Thu Nov 23 20:25:32 +0000 2017,True,INFORMATIVE_RESOLUTION,PRODUCT_TECH_SUPPORT
th_111869,111869,140841,@AmazonHelp just got Fire HD 10 Tablet but there is no @13761 app? It says other Amazon devices have it tho. This is a huge bummer.,111866,"@140841 I'm sorry for the trouble, Greg! You can find the WWE Network app here: https://t.co/GUh7l2ud9c. I hope this is helpful! Please let us know if there's anything else at all we can assist with! ^SD",Thu Nov 23 18:46:44 +0000 2017,True,INFORMATIVE_RESOLUTION,PRODUCT_TECH_SUPPORT
th_111871,111871,140842,What the fuck @AmazonHelp @115850  I pre ordered the reputation album and it's still not dispatched it was expected by 24 Nov,111870,@140842 I am sorry for the inconvenience. Please report this to our support team here: https://t.co/TdDksLo6Mf and we'll look into this. ^MK,Thu Nov 23 20:24:51 +0000 2017,True,INFORMATIVE_RESOLUTION,OTHER_GENERAL
th_111874,111874,140843,@AmazonHelp NINE ON TUESDAY?!?!?!  How did next day turn into SIX DAYS?!?!?!,111876,@140843 We'd be happy to look into our available options with you at the link provided by AC. ^SJ,Thu Nov 23 20:33:11 +0000 2017,True,INFORMATIVE_RESOLUTION,OTHER_GENERAL
th_111875,111875,140843,"@AmazonHelp ... also, where’s the explanation? Tracker has the last update as “out for delivery” at 9.30This morning.",111873,"@140843 I'm sorry your order has been delayed. While delays are rare, they can occur. If you have received your order by 21:00 on Tuesday, please contact us by phone or chat here: https://t.co/qy3J24VGxb ^AC",Thu Nov 23 20:24:55 +0000 2017,True,INFORMATIVE_RESOLUTION,ORDER_TRACKING_DELAY
th_111880,111880,140844,@AmazonHelp We've had a Vendor Express support case open since the end of AUGUST with no resolution in sight.  Any chance you can help?,111879,@140844 We're not able to view your case from Twitter but we'd like to help. Can you tell us what information/options you've been provided from support? ^KH,Thu Nov 23 20:02:23 +0000 2017,True,INFORMATIVE_RESOLUTION,OTHER_GENERAL
th_111882,111882,140845,"@AmazonHelp Just got a message saying possibly delayed till tuesday, online help said by 10pm tonight, confused and angry",111881,"@140845 I understand your frustration. Unforeseen circumstances may cause delays, however, we strive to deliver your order by the most recent notification. Please let us know if it doesn't arrive by this time. ^SJ",Thu Nov 23 20:22:52 +0000 2017,True,INFORMATIVE_RESOLUTION,OTHER_GENERAL
th_111884,111884,140845,"@AmazonHelp delivery expected by 8pm, stayed in ALL day. Gone 8pm and still ""out for delivery"" 😩",111883,@140845 Uh oh! Have you received any e-mails regarding a delay? We're here to help! ^ML,Thu Nov 23 20:02:24 +0000 2017,True,INFORMATIVE_RESOLUTION,ORDER_TRACKING_DELAY
th_111888,111888,140847,@AmazonHelp Again? I've been in contact numerous times this week &amp; assured each time that my package would be with me 'the next day'.,111890,"@140847 I'm sorry, Shane! We don't have access to account information via Twitter. But, we'd like to help! What does the latest tracking show for your order here? https://t.co/aaDyEz1VgE ^TK",Thu Nov 23 20:30:25 +0000 2017,True,INFORMATIVE_RESOLUTION,ORDER_TRACKING_DELAY
th_111891,111891,140847,@AmazonHelp Despite me contacting @122232 on Monday to arrange for Wednesday and then Amazon contacting them twice supposedly on Wednesday evening.. https://t.co/mpPxdupZu3,111892,@140847 This isn't the kind of experience we want you to have at all! Our team would like to look into this and assure that it's addressed. Please provide as much detail as possible about the delivery issues you're been facing at the following link: https://t.co/qGWEcCRdBk ^WT,Thu Nov 23 20:50:36 +0000 2017,True,INFORMATIVE_RESOLUTION,OTHER_GENERAL
th_111904,111904,140851,@AmazonHelp What Should I Do Now??,111903,@140851 Please report this to our support team here: https://t.co/TdDksLo6Mf and we'll look into this. ^MK,Thu Nov 23 20:16:26 +0000 2017,True,INFORMATIVE_RESOLUTION,OTHER_GENERAL
th_111910,111910,140853,@AmazonHelp Live in the UK and was ordered Tuesday ...,111912,"@140853 We'd like to take a closer look at the order with you and assist directly, please reach us via phone or chat using this link: https://t.co/JzP7hlA23B ^JR",Thu Nov 23 20:29:24 +0000 2017,True,INFORMATIVE_RESOLUTION,OTHER_GENERAL
th_111933,111933,140395,@AmazonHelp They keep asking and telling me the same thing. They say please send us the claim code and then say it’s not available for use. And not telling me why. No attempt to say sorry that I have now lost $100,111931,"@140395 Whenever you have the time, try contacting us via phone or chat here: https://t.co/hApLpMlfHN We'd be better able to assist in real-time. ^SK",Thu Nov 23 20:11:32 +0000 2017,True,INFORMATIVE_RESOLUTION,OTHER_GENERAL
th_111956,111956,140864,@AmazonHelp I'm not the account holder attached to it so apparently no one can help me.,111954,"@140864 We recommend checking to see what content has been added to the child profile. To remove content, please follow the steps here: https://t.co/1n3ZqLiXxM ^MB",Thu Nov 23 20:08:47 +0000 2017,True,INFORMATIVE_RESOLUTION,OTHER_GENERAL
th_111964,111964,140865,@AmazonHelp Guaranteed by today and it’s not here,111963,@140865 That's odd!  What does the tracking status of the package say here: https://t.co/aaDyEz1VgE ^HM,Thu Nov 23 19:09:13 +0000 2017,True,INFORMATIVE_RESOLUTION,OTHER_GENERAL
th_113710,113710,141258,@AmazonHelp The matter has hopefully now been resolved and we have been told that it should be with us by tomorrow. Thank you,113712,"@141258 You're very welcome. Thank you for the update, and your patience! ^JR",Thu Nov 23 23:32:49 +0000 2017,True,INFORMATIVE_RESOLUTION,OTHER_GENERAL
th_113711,113711,141258,@AmazonHelp @115830 it wouldn't bother me as much if we lived in the middle of nowhere but considering we are only 35 minutes away from the dispatch centre and the item was supposedly out for delivery at 10.30am yesterday morning. I think it might be a great idea to use Sat Navs,113709,"@141258 Thank you for taking the time to provide this information for us. When you spoke with us directly, did we indicate a date we'll be able to refund or replace the order if it hasn't arrived? ^JR",Thu Nov 23 20:54:04 +0000 2017,True,INFORMATIVE_RESOLUTION,ORDER_TRACKING_DELAY
th_113716,113716,141258,@115830 your customer service @AmazonHelp are nothing short of a joke. 5 phone calls to your call centre and two of which were to a supervisor and the issue has still not been resolved.,113713,"@141258 I'm very sorry for the poor experience, Anthony! This is not the service we want for our customers! Have you had trouble with a recent order/delivery? Could you tell us more details about what's going on? ^HM",Thu Nov 23 20:40:12 +0000 2017,True,INFORMATIVE_RESOLUTION,OTHER_GENERAL
th_113724,113724,140125,Dear @AmazonHelp  saying you'll deliver books on Monday if I order now is not what I consider Prime delivery,113721,"@140125 We aim to deliver your package by the estimated delivery date provided at checkout. Once shipped, it'll take 2 business days to reach you. You can learn more here: https://t.co/zKUHeDKTIs",Thu Nov 23 20:40:21 +0000 2017,True,INFORMATIVE_RESOLUTION,PRIME_MEMBERSHIP_BILLING
th_113735,113735,141263,"@AmazonHelp This is what it says now, I'm not happy as I was excited to receive this today 😣 https://t.co/qL1zCFTHk5",113734,@141263 Oh no! I'm sorry for the delay with your order. Please reach us here: https://t.co/JzP7hlA23B for available options if your order doesn't arrive by Tuesday. ^EZ,Thu Nov 23 20:50:00 +0000 2017,True,INFORMATIVE_RESOLUTION,OTHER_GENERAL
th_113741,113741,141265,@AmazonHelp The new delivery window is between 24th to 28th. That's not the next day. The package is urgently required and this defeats the object of getting prime.,113743,@141265 We're happy to look into available options with you via phone or chat. Please contact us directly here: https://t.co/JzP7hlA23B ^CS,Thu Nov 23 21:02:44 +0000 2017,True,INFORMATIVE_RESOLUTION,PRIME_MEMBERSHIP_BILLING
th_113742,113742,141265,"@116324 @AmazonHelp ordered a package on prime to ensure I got it today, mail from Hermes delayed due to external factors, now due between 24th-28th, what's the point in prime if I have to wait?! @116324.",113740,"@141265 Hi! I know that a delay is frustrating, but delays can be caused by various reasons. Please let us know if it fails to arrive within your new delivery window! ^DA",Thu Nov 23 20:35:09 +0000 2017,True,INFORMATIVE_RESOLUTION,PRIME_MEMBERSHIP_BILLING
th_113749,113749,141258,"@115830 @AmazonHelp, After numerous further telephone calls we were once again promised a fresh order would be placed before 8.00pm tonight so that it would guarantee delivery before 1.00pm tomorrow and surprise it hasn't.",113747,"@141258 I'm very sorry for the poor experience! Please keep us updated on its arrival. If it hasn't arrived by 1pm tomorrow, please let us know. We're here to help! ^ZW",Thu Nov 23 20:47:25 +0000 2017,True,INFORMATIVE_RESOLUTION,ORDER_TRACKING_DELAY
th_113760,113760,141267,@AmazonHelp What option will I click,113761,"@141267 Please follow this sequence: 1. Prime and more&gt; 2. Amazon Prime, Family or Student membership&gt; Other Prime issues &gt; 3. Choose either the Phone or Chat option for live-assistance. ^EZ",Thu Nov 23 21:08:00 +0000 2017,True,INFORMATIVE_RESOLUTION,OTHER_GENERAL
th_113768,113768,141269,@115830 @AmazonHelp Can I ask why my Echo with free delivery adds £3+ delivery when placed in the cart? https://t.co/N4LFSx4ZWG,113767,@141269 I'm sorry free shipping isn't being applied to your order! We'd like a chance to look into this with you via phone or chat. Please visit us here: https://t.co/JzP7hlA23B ^WT,Thu Nov 23 20:39:27 +0000 2017,True,INFORMATIVE_RESOLUTION,ORDER_TRACKING_DELAY
th_113773,113773,141271,@AmazonHelp Well someone ordered something off my list is there a way I could get the tracking number ?!,113775,@141271 The order information will have been sent to the customer who placed the order. I'd recommend reaching out to them for the tracking number. ^GR,Thu Nov 23 21:21:00 +0000 2017,True,INFORMATIVE_RESOLUTION,ORDER_TRACKING_DELAY
th_113774,113774,141271,@AmazonHelp hi I ordered something yesterday afternoon using amazon prime two day shipping when will it be here ?,113772,"@141271 Two-Day Shipping refers to transit time, in business days, once shipped. You should be able to see an estimated or guaranteed delivery date in your order details here: https://t.co/Y5jpI9gRhE ^JR",Thu Nov 23 20:46:22 +0000 2017,True,INFORMATIVE_RESOLUTION,PRIME_MEMBERSHIP_BILLING
th_113787,113787,141275,@AmazonHelp The person I spoke to was lovely and we tried lots of things but couldn't fix it :-( raised a ticket with an engineer now,113789,@141275 I'm glad that you had such an awesome person to help you. Thank you for your patience while we work on the ticket! ^DA,Thu Nov 23 21:35:09 +0000 2017,True,INFORMATIVE_RESOLUTION,OTHER_GENERAL
th_113788,113788,141275,@AmazonHelp Will do,113786,@141275 Please keep us updated on how the conversation goes!  ^AR,Thu Nov 23 20:44:25 +0000 2017,True,INFORMATIVE_RESOLUTION,OTHER_GENERAL
th_113793,113793,141275,@AmazonHelp It started a month or so ago and have had to watch through my PS4 but I'm getting annoyed at having to keep switching to it and using my controller as a remote as it's not very good!,113792,@141275 Have you checked with Panasonic to ensure your TV is on the latest firmware? Your TV may need an update.^GA,Thu Nov 23 17:31:20 +0000 2017,True,INFORMATIVE_RESOLUTION,OTHER_GENERAL
th_113795,113795,141275,"@AmazonHelp Amazon video app won't play on @172 smart TV. All loads up OK but as soon as I choose a programme and press play, it just reverts back to the tv...can anyone help?",113794,@141275 Hi. Has this just started happening or have you always had this issue? Is there any error message or just back to normal screen? ^NV,Thu Nov 23 16:21:43 +0000 2017,True,INFORMATIVE_RESOLUTION,PRODUCT_TECH_SUPPORT
th_113797,113797,141276,"@AmazonHelp Yes, I am in touch, and I am sure this will get sorted out. Still, it happened.",113799,"@141276 Judging by the time frame, my colleagues might be able to tell you why it happened. It's possible that the Prime membership was accidentally reactivated when you placed an order. ^LN",Thu Nov 23 20:48:08 +0000 2017,True,INFORMATIVE_RESOLUTION,OTHER_GENERAL
th_114299,114299,141407,@AmazonHelp I haven't actually finished the sign up yet..,114301,"@141407 Please let us know if the date's still wrong, Theo! We'll inform our Flux Capacitor team. ^PF",Thu Nov 23 21:53:23 +0000 2017,True,INFORMATIVE_RESOLUTION,OTHER_GENERAL
th_114303,114303,141408,"@AmazonHelp Thanks for the link. The options are not regarding couriers, however I put my comments under 'other'. Hoping someone at Amazon sees it.",114305,"@141408 Thank you, we appreciate it! ^AF",Thu Nov 23 21:43:09 +0000 2017,True,INFORMATIVE_RESOLUTION,OTHER_GENERAL
th_114345,114345,141417,@AmazonHelp Are there any issues with prime delivery in the uk as everything has no prime next day delivery,114344,@141417 We aim to deliver by the dates provided during checkout. Sorry for any inconvenience. ^EZ,Thu Nov 23 21:20:28 +0000 2017,True,INFORMATIVE_RESOLUTION,PRIME_MEMBERSHIP_BILLING
th_114347,114347,141418,@AmazonHelp It states I'm not a member but my bank is showing a pending payment to you dated from the 20th. Stating Amazon prime membership fee ....,114349,@141418 We'd like to look into this with you. Please give us a call here: https://t.co/JzP7hlA23B at your earliest convenience. ^EZ,Thu Nov 23 22:06:03 +0000 2017,True,INFORMATIVE_RESOLUTION,PRIME_MEMBERSHIP_BILLING
th_114357,114357,141421,@AmazonHelp It’s all good. It wa any mam buying a tv series on prime. Sorry about that,114356,"@141421 No worries, thank you for the clarification! ^JR",Thu Nov 23 21:18:49 +0000 2017,True,INFORMATIVE_RESOLUTION,PRIME_MEMBERSHIP_BILLING
th_114359,114359,141421,"@AmazonHelp hey, I’ve just got an email saying that I’ve purchased something even though I haven’t! Please help.",114358,@141421 That's odd! Are you able to see that order here: https://t.co/aaDyEz1VgE? ^TR,Thu Nov 23 21:03:57 +0000 2017,True,INFORMATIVE_RESOLUTION,OTHER_GENERAL
th_114361,114361,141422,"@AmazonHelp hi I returned an item via amazon locker, I put the item in on Sunday and the return status is still “return requested” and hasn’t acknowledged that I’ve put it in the locker. Is this normal?",114360,"@141422 Does the return tracking number show any progress? If not, please contact us here: https://t.co/EKXRLsnxJu ^AF",Thu Nov 23 21:05:28 +0000 2017,True,INFORMATIVE_RESOLUTION,REFUND_RETURN_INQUIRY
th_114364,114364,141423,"@AmazonHelp 206-9965164-0181122 our previous incubator ordered from you failed so we ordered another because prime should have got it to us on time, for the 4th time you ""couldn't find us"" and now the hatchlings are now DEAD! Profit may be important but LIFE is more so!",114362,"@141423 I certainly understand your frustration! When you have the time, please ring us here: https://t.co/JzP7hlA23B so we can look into what's going on. ^HC",Thu Nov 23 21:14:07 +0000 2017,True,INFORMATIVE_RESOLUTION,PRIME_MEMBERSHIP_BILLING
th_114377,114377,141427,@AmazonHelp No because I only found out now as I had to manually track the delivery. If I'd have been made aware this morning I could easily have provided an alternative delivery address.,114376,@141427 Please reach out to us via chat or phone at the following link. We'd like to look into this with you and review our available options: https://t.co/JzP7hlA23B ^WT,Thu Nov 23 21:09:07 +0000 2017,True,INFORMATIVE_RESOLUTION,ORDER_TRACKING_DELAY
th_114379,114379,141427,Poor service from @AmazonHelp - Unable to deliver item to Amazon locker because it's full but didn't even bother to email me to tell me. Now won't have item needed by tomorrow.,114378,"@141427 I'm so sorry for the frustration! This is not the experience we want for our customers. Have you had the chance to talk to us in real-time? If so, what options were provided to you? ^HM",Thu Nov 23 20:51:45 +0000 2017,True,INFORMATIVE_RESOLUTION,OTHER_GENERAL
th_114381,114381,141428,@AmazonHelp I’ve already rang twice and I’m not getting anywhere,114380,"@141428 If you are having issues reaching us through the phone option, please opt into the chat function. We dearly want to make sure that you are taken care of, and that this practice doesn't happen again. Please let us know if you are able to reach us. ^JD",Thu Nov 23 21:09:45 +0000 2017,True,INFORMATIVE_RESOLUTION,OTHER_GENERAL
th_114383,114383,141428,@AmazonHelp That’s not what he said. He tried to make excuses as to why the driver had left it there. (Raining etc) it’s completely unacceptable,114382,"@141428 I'm very sorry for this poor experience, Sam! That's not the service we strive to provide. If you could give us another chance, we'd like to take another look into this with you. At your convenience, please get in touch with us here: https://t.co/JzP7hlA23B ^TH",Thu Nov 23 17:20:51 +0000 2017,True,INFORMATIVE_RESOLUTION,OTHER_GENERAL
th_114389,114389,141428,@AmazonHelp Absolutely none! Said there was nothing he could do. Waste of time. I asked if there was a policy in place if a safe place is ignored and didn’t get an answer,114384,@141428 I'm sorry for the poor responses on the call. When these types of issues are reported our carrier does investigate this internally with the driver. ^MI,Thu Nov 23 17:07:52 +0000 2017,True,INFORMATIVE_RESOLUTION,OTHER_GENERAL
th_114391,114391,141428,@AmazonHelp Have now just spoken to a manager who advised me I was twisting what he was saying and that basically there was nothing he could do. Couldn’t get me off the phone quick enough! Thanks Amazon 👍🏻,114390,"@141428 Hi Sam, I'm sorry to hear this. What resolution was offered by the manager you spoke with? ^KK",Thu Nov 23 17:01:14 +0000 2017,True,INFORMATIVE_RESOLUTION,OTHER_GENERAL
th_114394,114394,141428,@AmazonHelp And regardless of whether I had specified a safe place or not the wheelie bin is not a great place to put a parcel in!!,114392,"@141428 We'd like to help out any way we can, Sam, but do not have access to account information here on Twitter. Please reach us here by Phone or Chat: https://t.co/JzP7hlA23B and we will be happy to look into this for you!  Keep us posted on this! ^FR",Thu Nov 23 15:47:59 +0000 2017,True,INFORMATIVE_RESOLUTION,ORDER_TRACKING_DELAY
th_114405,114405,141430,@AmazonHelp Going through the app but it diverts to the browser same as it always has.,114407,"@141430 Can you let us know which device you're using? If you're unsure, find the name of your device and select it here: https://t.co/OfefNtCPDP ^LR",Thu Nov 23 21:35:17 +0000 2017,True,INFORMATIVE_RESOLUTION,PRODUCT_TECH_SUPPORT
th_114408,114408,141430,@AmazonHelp It's a Fire HD 3rd Gen.,114409,@141430 I'm sorry the sort option for Kindle books on offer is no longer available. Thank you for bringing this to our attention. ^LR,Thu Nov 23 22:24:00 +0000 2017,True,INFORMATIVE_RESOLUTION,OTHER_GENERAL
th_114412,114412,141431,@AmazonHelp The email states the package is arriving tomorrow https://t.co/V8Co9y8uSj,114410,"@141431 I'm sorry, we are experiencing delays due to the deals on our website. Here is some more information about the delays: https://t.co/qus3Kh7ZN0 Thank you for your patience. ^DA",Thu Nov 23 21:04:46 +0000 2017,True,INFORMATIVE_RESOLUTION,ORDER_TRACKING_DELAY
th_114414,114414,141431,"@AmazonHelp Whats this about Amazon? I ordered with Prime and was told it would come tomorrow, now it's not coming until Monday?! https://t.co/kWRyzSlixa",114413,"@141431 Our Next-Day Delivery refers to the transit time after the item ships, and doesn't include the time it takes to pack and prepare an order for shipment. Have we missed a delivery date provided in your dispatch confirmation e-mail? ^GR",Thu Nov 23 20:53:54 +0000 2017,True,INFORMATIVE_RESOLUTION,PRIME_MEMBERSHIP_BILLING
th_114429,114429,141436,@AmazonHelp no one wants to see an update of oops we don’t know where your four Christmas presents are contact us on Tuesday if you don’t have them by then?? I primed them! And you took my money wtf is going on #oops,114427,@141436 I'm sorry to hear about these delays! Please reach us here: https://t.co/JzP7hlA23B for available options if your parcels don't arrive by Tuesday. ^EZ,Thu Nov 23 21:05:26 +0000 2017,True,INFORMATIVE_RESOLUTION,OTHER_GENERAL
th_114434,114434,141438,@AmazonHelp thank you for loosing my bottle of whisky! Please explain how your drivers could not find my house exactly??,114432,"@141438 I'm sorry for the frustration! We're available to look into this with you. At your convenience, please reach us via phone or chat here: https://t.co/oGDklGgbCZ ^SJ",Thu Nov 23 20:56:43 +0000 2017,True,INFORMATIVE_RESOLUTION,OTHER_GENERAL
th_114437,114437,141439,"@AmazonHelp I’m not sure what’s going on, but the last 2 orders I’ve placed and received, they have only been partially filled. I keep ordering sets of 4 with only 1 set arriving. Not impressed with this service.",114435,"@141439 Thanks for bringing this to our attention, Lyn. We would like to address your concern in real time. When you have time, please reach out to us via phone or chat here: https://t.co/Q7Ftz6nj80 ^AR",Thu Nov 23 20:58:17 +0000 2017,True,INFORMATIVE_RESOLUTION,OTHER_GENERAL
th_114441,114441,141440,@AmazonHelp can someone explain why I pay for prime choose next day delivery then get this? Tomorrow isn't Tuesday! If I'd know it be late I'd have picked the option with free credit thing! https://t.co/piqpFeXOpV,114438,"@141440 We aim to deliver by the date provided in your Order Confirmation e-mail. If this date has changed, please reach us here: https://t.co/JzP7hlA23B for available options. ^EZ",Thu Nov 23 21:00:42 +0000 2017,True,INFORMATIVE_RESOLUTION,PRIME_MEMBERSHIP_BILLING
th_115206,115206,141617,@115830 @AmazonHelp so helpful- a simple it’s arriving or not would help https://t.co/bTAj516TFG,115204,@141617 I'm sorry for the wait. Please let us know if you haven't received your order by 8 PM. ^MB,Thu Nov 23 18:31:20 +0000 2017,True,INFORMATIVE_RESOLUTION,OTHER_GENERAL
th_115807,115807,141787,@AmazonHelp That just takes me to a customer service page. What do I do?,115809,"@141787 If you select, Amazon devices, My device or app is not shown, Fire TV stick (in the drop down), Screen or Audio issues, and then select how you would like to reach us, we will be able to do real-time troubleshooting with you. ^BE",Thu Nov 23 22:04:14 +0000 2017,True,INFORMATIVE_RESOLUTION,OTHER_GENERAL
th_115808,115808,141787,"@AmazonHelp Hi, got a Fire Stick today but get the following error. I'm in UK and it's set to UK! Help https://t.co/6MLgBWfvQO",115806,@141787 I'm sorry for the frustration! We're available to look into your account settings via phone or chat here: https://t.co/oGDklGgbCZ ^SJ,Thu Nov 23 21:44:37 +0000 2017,True,INFORMATIVE_RESOLUTION,OTHER_GENERAL
th_115854,115854,141795,@AmazonHelp I just opened the email so I don't know 😭,115855,"@141795 Please know that we take phishing and spoofing attempts on our customers very seriously. Let's make sure we take one more step and report it, click here: https://t.co/HuES0e26PS ^NN",Thu Nov 23 22:14:54 +0000 2017,True,INFORMATIVE_RESOLUTION,OTHER_GENERAL
th_115852,115852,141795,@AmazonHelp I got a really strange email from Amazon.. Or at least I hope it was from you guys. It said it was from amazon rewards and a recent purchase but didn't show anything in the email?,115850,@141795 Thank you for reaching out to us. Here's how we can identify whether an e-mail is from Amazon and how to report it to our team if not: https://t.co/Tso4rBpQbJ ^GG,Thu Nov 23 21:45:52 +0000 2017,True,INFORMATIVE_RESOLUTION,OTHER_GENERAL
th_115862,115862,141797,"@AmazonHelp I am still having this problem... can't get anything, and I mean anything, delivered until Monday. So much for Prime delivery.",115861,"@141797 Hi! I'm sorry for the delays, we are working hard to get your packages to you. Here is some information to explain our delays: https://t.co/pIIk0sjCDg Let us know if you have any other questions! ^DA",Thu Nov 23 21:44:19 +0000 2017,True,INFORMATIVE_RESOLUTION,PRIME_MEMBERSHIP_BILLING
th_115867,115867,141797,"@AmazonHelp That worked... but it's now reverted back to only allowing Express Delivery (Monday). Have deleted and re-added my address again, but this time it's not allowing Sat/Sun delivery.",115866,"@141797 Hmm... just to confirm, Gavin, when you delete and re-add your address, are you opting to allow weekend delivery? ^BL",Fri Nov 10 19:32:26 +0000 2017,True,INFORMATIVE_RESOLUTION,ORDER_TRACKING_DELAY
th_115869,115869,141797,@141798 @AmazonHelp @115830 I am having this issue too. Cannot find a single item on the whole of Amazon I can get delivered before Monday. What's going on?,115868,@141797 Hi Gavin! Please remove your default address then re-add it in Your Account - https://t.co/POYWE5ernt  Then re-confirm weekend delivery is allowed on the delivery preferences for the re-added address. ^CN,Fri Nov 10 14:38:40 +0000 2017,True,INFORMATIVE_RESOLUTION,ORDER_TRACKING_DELAY
th_115877,115877,141800,@AmazonHelp It’s a functional issue with your website and the Store Card that your reps keep blaming on your bank though it doesn’t have anything to do with them.,115879,@141800 Is this the Amazon Store Card or the Amazon Rewards Visa? Let us know! ^MT,Thu Nov 23 22:44:15 +0000 2017,True,INFORMATIVE_RESOLUTION,OTHER_GENERAL
th_115880,115880,141800,@AmazonHelp Amazon Store Card. You guys badgered me to get one and due to your technical issues can't use it.,115881,@141800 Without providing specific account information. Can you tell us what the problem is and what information/options we've provided you? ^EZ,Thu Nov 23 22:50:18 +0000 2017,True,INFORMATIVE_RESOLUTION,OTHER_GENERAL
th_115878,115878,141800,@AmazonHelp Thanks but I’ve already written a half-dozen times and it’s abundantly clear no one bothers to read the actual text - it seems they look for keywords and paste a pat response - are they bots?,115876,"@141800 Your responses are answered by actual Representatives, not bots. Without disclosing personal info, can you provide more details about your issue or concern. We cannot access account info via Twitter but will try to help in any way. ^SH",Thu Nov 23 21:40:34 +0000 2017,True,INFORMATIVE_RESOLUTION,OTHER_GENERAL
th_115885,115885,141801,"@AmazonHelp I expect some significant compensation for the distress and time i'm wasting on this.  Your couriers are commiting crimes and you're customer services are making excuses for them, this is not acceptable...",115884,@141801 Our team would like a chance to address this concern. Please include your details here: https://t.co/VByGxxuwng ^SJ,Thu Nov 23 21:34:26 +0000 2017,True,INFORMATIVE_RESOLUTION,OTHER_GENERAL
th_115890,115890,141801,@AmazonHelp How ma you chances will it take? Parcels have clearly been going 'missing' and nothing has changed. My parcel that was 'delivered' previously is still no where to be seen even though I've been assured that it's just an oversight and it will definitely be delivered... #emptywords,115886,"@141801 I'm sorry you have not received your order, did you get a chance to fill out the form in the previous post, for us to contact you? -RD",Thu Nov 23 19:10:07 +0000 2017,True,INFORMATIVE_RESOLUTION,ORDER_TRACKING_DELAY
th_115894,115894,141801,@AmazonHelp I'm sure you are apologetic but I've still paid for a service which I'm not receiving...,115893,"@141801 Hey Sandeep, please do keep us informed if you have any issues in the future. ^PJ",Wed Nov 22 08:30:00 +0000 2017,True,INFORMATIVE_RESOLUTION,OTHER_GENERAL
th_115896,115896,141801,"@AmazonHelp The latest package I have not yet, been told it might come today and been given a refund as well. Although seems unfair that the seller should be impacted. Previous package did arrive early next morning after I had complained to. Customer services...",115895,@141801 Thanks for the update Sandeep. Apologies again for the poor experience. ^TP,Wed Nov 22 08:21:48 +0000 2017,True,INFORMATIVE_RESOLUTION,REFUND_RETURN_INQUIRY
th_115898,115898,141801,@AmazonHelp In the latest incident I've been advised that the parcel had been 'accidentally' scanned as delivered and that it has been escalated with the delivery company. Previous time I was told it was being escaped as they had marked it as 'attempted delivery' when no one had been.,115897,"@141801 Hi Sandeep, we would be getting those issues raised with Amazon Logistics if we have escalated it internally. Have you received your package since then? ^PJ",Wed Nov 22 08:12:50 +0000 2017,True,INFORMATIVE_RESOLUTION,ORDER_TRACKING_DELAY
th_115901,115901,141801,"@AmazonHelp I have contacted your Customer Services, the issue is with Amazon Logistics and it's becoming a regular pattern now...",115899,"@141801 Hi Sandeep, sorry to hear that. Can I ask what you were advised when you spoke with us about this? ^TI",Wed Nov 22 08:03:04 +0000 2017,True,INFORMATIVE_RESOLUTION,OTHER_GENERAL
th_115905,115905,141802,"@AmazonHelp The latest tracking info proves the delivery company failed to deliver on the stated date and the lied about attempting delivery today, probably due to running late. Parcel was required urgently and now 2 days late! What info do you require? The tracking id?",115907,@141802 I'm so sorry for the trouble with your delivery! We'd like to speak with you via phone or chat to take your carrier feedback. Please reach out to us here: https://t.co/JzP7hlA23B. ^DG,Thu Nov 23 21:59:17 +0000 2017,True,INFORMATIVE_RESOLUTION,ORDER_TRACKING_DELAY
th_115908,115908,141802,@AmazonHelp Also is there a way to have my orders delivered by another firm in the future? I do not want to have my items delivered by this company as they are nothing a nightmare.,115910,"@141802 Options to contact myHermes can be found here: https://t.co/8CMTt630wl. Unfortunately, we cannot specify a carrier for orders. Were you able to rovide carrier feedback to the shipping department during the previous contact? ^SH",Thu Nov 23 22:13:24 +0000 2017,True,INFORMATIVE_RESOLUTION,ORDER_TRACKING_DELAY
th_115912,115912,141803,@AmazonHelp Seems like it's a translation issue with non-English languages.,115914,"@141803 Here's a link with more information, including language settings: https://t.co/M9rmJ2BIKW  Please let us know if we can offer further assistance.  ^SE",Fri Nov 24 03:29:26 +0000 2017,True,INFORMATIVE_RESOLUTION,OTHER_GENERAL
th_115920,115920,141805,"@AmazonHelp @141806 Am I wrong in thinking I simply top up my acc via ""gift card"" section and use my @141806 One4Allas a Visa Debit card?",115918,@141805 We aren't able to view account information via Twitter. Please wait for our Accounts Specialists' correspondence and check the spam/junk folder of your e-mail account as messages may be filtered to there. ^DO,Thu Nov 23 21:36:28 +0000 2017,True,INFORMATIVE_RESOLUTION,OTHER_GENERAL
th_115923,115923,141805,@AmazonHelp Tried to top up my acc using my @141806 giftcard and you've locked me out if my acc. Urgently need access!,115922,@141805 So sorry for the trouble! Have you received any e-mails from our Account Specialists requesting information from you? Be sure to also check your spam/junk folders. ^BL,Thu Nov 23 21:25:03 +0000 2017,True,INFORMATIVE_RESOLUTION,OTHER_GENERAL
th_115946,115946,141820,@AmazonHelp I was given detils thet investigate not issue,115947,"@141820 Could you please confirm, submitting your details using the link shared here: https://t.co/D1NpwERFwx. ^MP",Thu Nov 23 21:40:11 +0000 2017,True,INFORMATIVE_RESOLUTION,OTHER_GENERAL
th_117831,117831,142135,@AmazonHelp It must have changed overnight. Same with one of my other CDs that was scheduled to arrive today.,117833,"@142135 I'm so sorry for the delay with your package! We want your order delivered. Please reach out to us if you don't receive your order by Thursday-November 30, 2017. ^MO",Thu Nov 23 22:16:34 +0000 2017,True,INFORMATIVE_RESOLUTION,OTHER_GENERAL
th_117852,117852,142142,"@AmazonHelp I just get this in that link, no mention of trial https://t.co/BzZvl68rJV",117854,"@142142 Here's the link, Asa. Please keep in mind that it is for new subscribers only: https://t.co/MHN9Bi48c3  Please let us know if we can further assist.  ^SE",Fri Nov 24 05:06:01 +0000 2017,True,INFORMATIVE_RESOLUTION,OTHER_GENERAL
th_117868,117868,142144,@AmazonHelp just spoke to your helpline again and still not had the any help at all. does anyone know what they are doing?,117870,@142144 Hello! What was advised when you contacted us?^CN,Sat Nov 25 14:49:33 +0000 2017,True,INFORMATIVE_RESOLUTION,OTHER_GENERAL
th_117871,117871,142144,@AmazonHelp yes and i have received different information each time i talk so someone and noone is making up for anything. i am now on the phone for the 4th time again about it,117872,@142144 I'm sorry you've had to contact us multiple times. Please let us know if you don't get a resolution with your latest call. ^MG,Sat Nov 25 15:28:01 +0000 2017,True,INFORMATIVE_RESOLUTION,OTHER_GENERAL
th_117873,117873,142144,@AmazonHelp So after another call and being told I would have my delivery guatenteed today I have now had to call up and be told that the tv isn’t coming. Absolute waste!,117874,"@142144 I'm sorry to hear this! When you had called, did the agent provide any reason for why the TV is not being delivered today? ^TH",Mon Nov 27 13:42:31 +0000 2017,True,INFORMATIVE_RESOLUTION,ORDER_TRACKING_DELAY
th_117879,117879,142144,@AmazonHelp @AmazonHelp I’ve still not had any contact about this one had my issue resolved,117880,"@142144 Have you received any correspondence from us here: https://t.co/ufB3lDWdDx? If so, what information or options were provided? ^KP",Wed Nov 29 19:25:55 +0000 2017,True,INFORMATIVE_RESOLUTION,OTHER_GENERAL
th_117881,117881,142144,@AmazonHelp The last message was that my delivery will arrive between 5pm to 7pm today although I asked for 5:30 so I can be here. However it still hasn’t arrived,117882,"@142144 I do apologize, Sol. Have there been any tracking updates? ^VF",Wed Nov 29 19:49:48 +0000 2017,True,INFORMATIVE_RESOLUTION,ORDER_TRACKING_DELAY
th_117883,117883,142144,@AmazonHelp Not any since Monday. I’ve had to call the currier to find out what’s been happening and all I get tol@is “tomorrow”. It should be coming tomorrow now 5-8 but it’s been a disgrace from Amazon so far and all I’ve had is almost a week wasted and delivery paid for,117884,@142144 We'd like to take another detailed look at this for you. Please provide your order details with us here: https://t.co/q4SH4TWvrf ^KP,Wed Nov 29 19:59:59 +0000 2017,True,INFORMATIVE_RESOLUTION,ORDER_TRACKING_DELAY
th_117888,117888,142145,"@AmazonHelp I was hoping that the Amazon Fire TV Stick would be appearing in Canada too. As its on sale in this US, is this not the case? If not, can I buy it on https://t.co/lrFvn9VFkg and have it shipped to Canada? Its about $32CAD when converted, but its $50 on Amazon.ca",117890,@142145 Thanks for your inquiry! This item is sold on the .com site. Have you encountered a shipping address issue in the check-out process? ^SE,Thu Nov 23 22:07:07 +0000 2017,True,INFORMATIVE_RESOLUTION,ORDER_TRACKING_DELAY
th_117891,117891,142145,@AmazonHelp no I haven’t tried it yet. I am in Canada though will I be able to have it delivered here?,117892,"@142145 If an item is unable to ship to your location, it'll show at checkout before you hit Place Your Order. ^JO",Thu Nov 23 22:31:17 +0000 2017,True,INFORMATIVE_RESOLUTION,ORDER_TRACKING_DELAY
th_117889,117889,142145,@AmazonHelp Just to confirm I meant in Canada and not the US..,117887,@142145 Hey! Our Black Friday sales have already started! Visit us here to see some of our deals: https://t.co/umQQqZ6PZv I hope this helps! ^TK,Thu Nov 23 21:51:54 +0000 2017,True,INFORMATIVE_RESOLUTION,OTHER_GENERAL
th_117900,117900,142147,@AmazonHelp New explanation from #HermesUK Yesterday there was no one at home and today  they claim a non-specific security issue with a neighbor 😂😂😂,117901,"@142147 Hmm, that is odd. If you are not home today, were you able to provide them with a neighbour or safe place should you be unavailable at the time of delivery? ^KI",Fri Nov 24 09:26:50 +0000 2017,True,INFORMATIVE_RESOLUTION,OTHER_GENERAL
th_117902,117902,142147,@AmazonHelp Other people are at home! And we and our neighbors regularly accept parcels for each other,117903,@142147 Have you contacted Hermes to query this? Or our Customer Service?^SM,Fri Nov 24 10:07:10 +0000 2017,True,INFORMATIVE_RESOLUTION,OTHER_GENERAL
th_117904,117904,142147,@AmazonHelp Your customer service and still no delivery,117905,@142147 I'd like to have a member of our team look into this for you. Please provide details here: https://t.co/QBgeLYQfUh ^JF,Fri Nov 24 15:03:53 +0000 2017,True,INFORMATIVE_RESOLUTION,ORDER_TRACKING_DELAY
th_117899,117899,142147,"@AmazonHelp @115830 well, having been assured by your customer service team my parcel would be delivered this evening it's almost 22:00 and nothing!",117897,@142147 If it doesn't arrive tonight another delivery will be attempted tomorrow. I recommend contacting us tomorrow for additional options.  ^AF,Thu Nov 23 21:52:18 +0000 2017,True,INFORMATIVE_RESOLUTION,ORDER_TRACKING_DELAY
th_117911,117911,142147,@AmazonHelp Kept repeating that delivery had been attempted and that Amazon would investigate I had to push to speak to a supervisor who is now helping,117910,@142147 I am glad you are getting help! Let us know if you need anything! ^DJ,Thu Nov 23 16:42:38 +0000 2017,True,INFORMATIVE_RESOLUTION,ORDER_TRACKING_DELAY
th_117913,117913,142147,@AmazonHelp I am talking to your customer service team who initially kept repeating what was on their computer screen without adding value,117912,@142147 Can you advise on what the associate said? ^HS,Thu Nov 23 16:36:21 +0000 2017,True,INFORMATIVE_RESOLUTION,OTHER_GENERAL
th_118747,118747,142322,@AmazonHelp There was no way to reply to the email. This is for case 4672816421. We were promised a call back but never received one.,118748,"@142322 Thank you for the extra information. We'd like to make sure your experience is escalated. When you have the time, please send us the order details here: https://t.co/Hj0gJgDAUu ^NN",Thu Nov 23 23:02:19 +0000 2017,True,INFORMATIVE_RESOLUTION,OTHER_GENERAL
th_118751,118751,142322,"@AmazonHelp The form has been filled out, but I repeat that there is already an open ticket about this,  [CASE 4672816421] . This needs to be resolved ASAP. We are receiving return shipments to the house because someone is using our name and address to conduct business on your platform.",118752,@142322 I certainly understand your concern! I can confirm we've received your information and we will be reaching out to you as soon as possible. We appreciate your patience! ^HC,Mon Nov 27 20:13:17 +0000 2017,True,INFORMATIVE_RESOLUTION,REFUND_RETURN_INQUIRY
th_118745,118745,142322,Hello @115821 &amp; @amazonhelp We need an escalation of a fraud case. Someone is using our personal information and getting assistance from you is incredibly frustrating,118743,@142322 I'm so sorry for the frustration! We would like to look into this with you so please reach out to us here: https://t.co/hApLpMlfHN ^DD,Thu Nov 23 22:28:32 +0000 2017,True,INFORMATIVE_RESOLUTION,ESCALATION_HIGH_RISK
th_118785,118785,142330,@AmazonHelp It says estimated by 14 Nov but it's 23 Nov and I haven't got it :(,118786,@142330 Thanks for the information! We'd love to help further but are unable to access your Amazon account through Twitter. Please reach us by phone or chat for available options: https://t.co/hApLpMlfHN ^LR,Thu Nov 23 22:50:16 +0000 2017,True,INFORMATIVE_RESOLUTION,OTHER_GENERAL
th_118782,118782,142330,"@AmazonHelp hi there! My order says that it shipped on Sep 20, is expected to arrive by Nov 10, but I haven't received a thing. Order #111-6162437-0765042",118780,@142330 I'm sorry for the delay! What do the tracking details state here: https://t.co/hApLpMlfHN? ^TR,Thu Nov 23 22:36:31 +0000 2017,True,INFORMATIVE_RESOLUTION,ORDER_TRACKING_DELAY
th_118793,118793,142333,"@AmazonHelp Oh right, erm thanks for the help? Aren't you going to look into why it hasn't been delivered? Why promise something you can't deliver? (pun intended)",118792,@142333 We'd be happy to look into this with you. Please reach us by phone here: https://t.co/JzP7hlA23B ^JM,Thu Nov 23 22:24:26 +0000 2017,True,INFORMATIVE_RESOLUTION,ORDER_TRACKING_DELAY
th_118795,118795,142333,@AmazonHelp Pretty poor for 'prime'. Why pay for prime when it could have been delivered by those dates anyway??? https://t.co/2ruB3MGdpt,118794,"@142333 This isn't at all what we aim for, and I'm sorry we let you down. Please keep us posted, and let us know if it hasn't arrived by Tuesday. ^JN",Thu Nov 23 22:18:06 +0000 2017,True,INFORMATIVE_RESOLUTION,PRIME_MEMBERSHIP_BILLING
th_118805,118805,142335,@AmazonHelp It was a gift so I didn't order it myself. Is there another way? Registration date?,118804,"@142335 We're happy to assist you directly with the issues with this Kindle, and can provide information on when it was purchased and first registered. Please reach us directly by choosing ""phone"" or ""chat"" here: https://t.co/JzP7hlA23B ^JR",Thu Nov 23 22:23:08 +0000 2017,True,INFORMATIVE_RESOLUTION,ORDER_TRACKING_DELAY
th_118807,118807,142335,"I think my kindle is breaking 😳😳😳 how can I find out how old it is?? I can't find a date to see when I got it, @AmazonHelp can you help?",118806,@142335 If you ordered it from us you should be able to search your order history here: https://t.co/aaDyEz1VgE,Thu Nov 23 21:54:53 +0000 2017,True,INFORMATIVE_RESOLUTION,PRODUCT_TECH_SUPPORT
th_118815,118815,142337,@AmazonHelp today is 23rd November... since when did one-day delivery mean 4 days?! https://t.co/vDcI6KieVA,118813,@142337 One-Day shipping refers to the transit time in business days once an order has shipped out. Some packages can take additional time to process. ^DG,Thu Nov 23 22:13:43 +0000 2017,True,INFORMATIVE_RESOLUTION,ORDER_TRACKING_DELAY
th_118818,118818,142338,@AmazonHelp what is your policy on returns? i ordered a pair of chuck taylors that were too big. can i do an exchange? please help. thanks!,118816,@142338 There are items that can be exchanged! You can learn more on how to do exchanges here: https://t.co/2UKGZT6QFl ^JM,Thu Nov 23 22:16:59 +0000 2017,True,INFORMATIVE_RESOLUTION,OTHER_GENERAL
th_118831,118831,142342,"@AmazonHelp Im a prime member,had problem returning item last week this was resolved.item should’ve been del yesterday but now being told by 27th.",118833,"@142342 Hi, is there a reason listed for the delay? You can check here: https://t.co/BQmcNXViiI ^TS",Fri Nov 24 08:40:00 +0000 2017,True,INFORMATIVE_RESOLUTION,PRIME_MEMBERSHIP_BILLING
th_118834,118834,142342,@AmazonHelp No I’ve been told it’s an internal investigation and I won’t know the reason why!,118835,@142342 I'm sorry to hear of this. If you haven't received your order by the 27th then please don't hesitate to let us know. ^KI,Fri Nov 24 10:00:37 +0000 2017,True,INFORMATIVE_RESOLUTION,OTHER_GENERAL
th_120149,120149,142675,@AmazonHelp There not prime subscriber deals though. Plus I’m in the UK. I know where to find Black Friday deals. You again have not read nor understood my tweet have you? Is this account run from the same customer service centre in India?,120151,"@142675 If you select ""Upcoming"" on the right hand side of the page of our deals, as a Prime member, you will have access to these deals 30 minutes early! You can check those out here: https://t.co/yJmcxcmJX7 ^BE",Thu Nov 23 23:40:12 +0000 2017,True,INFORMATIVE_RESOLUTION,PRIME_MEMBERSHIP_BILLING
th_120164,120164,142677,@AmazonHelp AMZL US?And says it was out for delivery but status says it's lost.,120165,@142677 Oh my! We don't have access to your account via Twitter. Please reach out to us here so we can look into this together: https://t.co/hApLpMlfHN ^MO,Thu Nov 23 23:27:35 +0000 2017,True,INFORMATIVE_RESOLUTION,ORDER_TRACKING_DELAY
th_120168,120168,142678,"@AmazonHelp Si me permite realizar una nueva compra recibiéndolo del 13 al 23 de diciembre,porque no se hace efectivo mi pedido??",120166,"@142678 Hugo, ¿le informaste a Servicio al Cliente que ya puedes hacer una nueva compra? Si no es así, es necesario que les informes, pues ellos son los únicos con acceso a tu cuenta y pueden brindarte mayor información con respecto a este producto. ^ES",Thu Nov 23 22:58:47 +0000 2017,True,INFORMATIVE_RESOLUTION,OTHER_GENERAL
th_120195,120195,142684,@AmazonHelp It’s a thing of ergonomic beauty!,120194,@142684 I agree. It's always great to think outside the box! (See what I did there?) 😉 ^HC,Thu Nov 23 22:56:00 +0000 2017,True,INFORMATIVE_RESOLUTION,OTHER_GENERAL
th_120199,120199,142685,"@AmazonHelp In general words, I'll get the amount back in my bank account?",120201,"@142685 If you have used your Debit card, the refund will go into your Bank account. ^MK",Thu Nov 23 23:06:24 +0000 2017,True,INFORMATIVE_RESOLUTION,OTHER_GENERAL
th_120200,120200,142685,"@AmazonHelp Amazon.in, and directly from Amazon.",120198,@142685 I understand your concern about the refund methods. A refund is only processed to the original payment method used to complete your order. Do keep u sposted for any further assistance. ^SV,Thu Nov 23 22:57:51 +0000 2017,True,INFORMATIVE_RESOLUTION,OTHER_GENERAL
th_120204,120204,142685,@AmazonHelp What if I pay for my order with debit card and then decide to cancel it. How will I get my refund?,120203,@142685 ¡Hi Sidhant Oberoi! Without providing personal or confidential information. Just to confirm Would the order be on Amazon.es? and Could you tell us if the product is sold directly by Amazon or sold by an external vendor?  ^PC,Thu Nov 23 22:42:33 +0000 2017,True,INFORMATIVE_RESOLUTION,REFUND_RETURN_INQUIRY
th_120212,120212,142687,@AmazonHelp No! They told me to change my password! I did de-register the device as soon as I noticed the fraudulent purchases. To add Amazon Logistics are saying it's not them it must be me!! Even though Amazon Video have confirmed the serial number of the device that made the purchases!!!!,120215,"@142687 We'd still like to assist. To clarify, was customer service able to report the Fire TV Stick as lost? ^SJ",Thu Nov 23 23:03:52 +0000 2017,True,INFORMATIVE_RESOLUTION,ACCOUNT_LOGIN_SECURITY
th_120213,120213,142687,@AmazonHelp Just on the phone to your customer services team they have confirmed its Amazon Logistics! You really need to train your customer services team better they dont have a clue what to do!!!,120211,"@142687 Did they help you deregister the Kindle from your account? If not, you can ask to be transferred to Kindle Support. They will be able to provide you with additional options. ^AF",Thu Nov 23 22:51:52 +0000 2017,True,INFORMATIVE_RESOLUTION,OTHER_GENERAL
